2020-08-10 17:47:50,754 : INFO : Machine : Mission Pinball Framework Core Engine v0.53.3
2020-08-10 17:47:50,754 : INFO : Machine : Command line arguments: {'no_load_cache': False, 'create_config_cache': True, 'bcp': True, 'configfile': ['config.yaml'], 'mpfconfigfile': 'c:\\users\\david\\appdata\\local\\programs\\python\\python36-32\\lib\\site-packages\\mpf\\mpfconfig.yaml', 'force_assets_load': False, 'jsonlogging': False, 'logfile': 'logs\\2020-08-10-17-47-50-mpf-OldAshley.log', 'pause': False, 'production': False, 'text_ui': True, 'loglevel': 15, 'consoleloglevel': 20, 'force_platform': None, 'syslog_address': None, 'mc_file_name': None, 'no_sound': False}
2020-08-10 17:47:50,754 : INFO : Machine : MPF path: c:\users\david\appdata\local\programs\python\python36-32\lib\site-packages\mpf
2020-08-10 17:47:50,754 : INFO : Machine : Machine path: C:\Pinball\My_Design\MPF\newTri Zone
2020-08-10 17:47:50,754 : INFO : Machine : Platform: win32
2020-08-10 17:47:50,754 : INFO : Machine : Python executable location: c:\users\david\appdata\local\programs\python\python36-32\python.exe
2020-08-10 17:47:50,754 : INFO : Machine : Python version: 3.6.4 (32-bit)
2020-08-10 17:47:50,754 : INFO : Machine : Machine config file #1: config.yaml
2020-08-10 17:47:50,754 : INFO : ConfigProcessor : Loading config from cache: C:\Users\David\AppData\Local\Temp\090aa8583f8fe9f0b07f6c896ac69517.mpf_cache
2020-08-10 17:47:50,769 : INFO : Machine : Initialise MPF.
2020-08-10 17:47:51,643 : INFO : ConfigValidator : Config spec file cache created: C:\Users\David\AppData\Local\Temp\config_spec.mpf_cache
2020-08-10 17:47:51,892 : INFO : EventManager : Event: ======'machine_var_credits_string'====== Args={'value': 'Free Play', 'prev_value': None, 'change': True}
2020-08-10 17:47:51,970 : INFO : EventManager : Event: ======'machine_var_fred'====== Args={'value': 7, 'prev_value': None, 'change': True}
2020-08-10 17:47:51,970 : INFO : EventManager : Event: ======'machine_var_free_play'====== Args={'value': False, 'prev_value': None, 'change': True}
2020-08-10 17:47:51,970 : INFO : EventManager : Event: ======'machine_var_last_match_no'====== Args={'value': 13, 'prev_value': None, 'change': True}
2020-08-10 17:47:51,970 : INFO : EventManager : Event: ======'machine_var_mpf_version'====== Args={'value': 'MPF v0.53.3', 'prev_value': None, 'change': True}
2020-08-10 17:47:51,970 : INFO : EventManager : Event: ======'machine_var_mpf_extended_version'====== Args={'value': 'MPF v0.53.3, Config version:5, Show version: 5, BCP version:1.1', 'prev_value': None, 'change': True}
2020-08-10 17:47:51,970 : INFO : EventManager : Event: ======'machine_var_python_version'====== Args={'value': '3.6.4', 'prev_value': None, 'change': True}
2020-08-10 17:47:51,970 : INFO : EventManager : Event: ======'machine_var_platform'====== Args={'value': 'Windows-7-6.1.7601-SP1', 'prev_value': None, 'change': True}
2020-08-10 17:47:51,970 : INFO : EventManager : Event: ======'machine_var_platform_system'====== Args={'value': 'Windows', 'prev_value': None, 'change': True}
2020-08-10 17:47:51,970 : INFO : EventManager : Event: ======'machine_var_platform_release'====== Args={'value': '7', 'prev_value': None, 'change': True}
2020-08-10 17:47:51,970 : INFO : EventManager : Event: ======'machine_var_platform_version'====== Args={'value': '6.1.7601', 'prev_value': None, 'change': True}
2020-08-10 17:47:51,970 : INFO : EventManager : Event: ======'machine_var_platform_machine'====== Args={'value': 'x86', 'prev_value': None, 'change': True}
2020-08-10 17:47:51,970 : INFO : EventManager : Event: ======'init_phase_1'====== Args={}
2020-08-10 17:47:52,033 : INFO : ConfigProcessor : Loading config from cache: C:\Users\David\AppData\Local\Temp\89c524e8a8e207f0491dcd02176f5dd1.mpf_cache
2020-08-10 17:47:52,048 : INFO : ConfigProcessor : Loading config from cache: C:\Users\David\AppData\Local\Temp\a13c0e5504277bf0eb37a4d62ac7afb2.mpf_cache
2020-08-10 17:47:52,064 : INFO : ConfigProcessor : Loading config from cache: C:\Users\David\AppData\Local\Temp\2e9be1d908eacd9bf49a3ca349e7efd4.mpf_cache
2020-08-10 17:47:52,080 : INFO : ConfigProcessor : Loading config from cache: C:\Users\David\AppData\Local\Temp\b0959dff92b6ac644449a922e0afb775.mpf_cache
2020-08-10 17:47:52,095 : INFO : ConfigProcessor : Loading config from cache: C:\Users\David\AppData\Local\Temp\70068b497565834b9e55d3e732363c3b.mpf_cache
2020-08-10 17:47:52,111 : INFO : ConfigProcessor : Loading config from cache: C:\Users\David\AppData\Local\Temp\704c0765c01b4eb40fcad6c22ee2731c.mpf_cache
2020-08-10 17:47:52,126 : WARNING : ConfigProcessor : Config file in cache changed: C:\Pinball\My_Design\MPF\newTri Zone\modes\game\config\game.yaml
2020-08-10 17:47:52,126 : INFO : ConfigProcessor : Loading config from file c:\users\david\appdata\local\programs\python\python36-32\lib\site-packages\mpf\modes\game\config\game.yaml.
2020-08-10 17:47:52,126 : INFO : ConfigProcessor : Loading config: c:\users\david\appdata\local\programs\python\python36-32\lib\site-packages\mpf\modes\game\config\game.yaml
2020-08-10 17:47:52,126 : INFO : ConfigProcessor : Loading config from file C:\Pinball\My_Design\MPF\newTri Zone\modes\game\config\game.yaml.
2020-08-10 17:47:52,142 : INFO : ConfigProcessor : Loading config: C:\Pinball\My_Design\MPF\newTri Zone\modes\game\config\game.yaml
2020-08-10 17:47:52,142 : INFO : ConfigProcessor : Config file cache created: C:\Users\David\AppData\Local\Temp\b2192295ad3e067629d2e6db1e4ef9af.mpf_cache
2020-08-10 17:47:52,173 : INFO : ConfigProcessor : Loading config from cache: C:\Users\David\AppData\Local\Temp\4a4771395d032b60caf9971b3f00a513.mpf_cache
2020-08-10 17:47:52,189 : INFO : ConfigProcessor : Loading config from cache: C:\Users\David\AppData\Local\Temp\8780f2e21aa9f9e524805abaf2588737.mpf_cache
2020-08-10 17:47:52,204 : INFO : ConfigProcessor : Loading config from cache: C:\Users\David\AppData\Local\Temp\30f9da1698037d1a389ca79d4ed8d2b4.mpf_cache
2020-08-10 17:47:52,220 : INFO : ConfigProcessor : Loading config from cache: C:\Users\David\AppData\Local\Temp\9e4f46841bd48541df537a1fdb1bcaad.mpf_cache
2020-08-10 17:47:52,236 : INFO : ConfigProcessor : Loading config from cache: C:\Users\David\AppData\Local\Temp\58459d5dfb6e786ae12e11f6a63c31cf.mpf_cache
2020-08-10 17:47:52,298 : INFO : EventManager : Event: ======'drop_target_bank_ZONE_drops_up'====== Args={}
2020-08-10 17:47:52,298 : INFO : EventManager : Event: ======'init_phase_2'====== Args={}
2020-08-10 17:47:52,298 : INFO : SwitchController : Found active switch: (1010, <Platform.SmartVirtual>)
2020-08-10 17:47:52,329 : INFO : EventManager : Event: ======'machine_var_score1_label'====== Args={'value': 'HighestMan', 'prev_value': None, 'change': True}
2020-08-10 17:47:52,329 : INFO : EventManager : Event: ======'machine_var_score1_name'====== Args={'value': 'DRx', 'prev_value': None, 'change': True}
2020-08-10 17:47:52,329 : INFO : EventManager : Event: ======'machine_var_score1_value'====== Args={'value': 48000, 'prev_value': None, 'change': True}
2020-08-10 17:47:52,329 : INFO : EventManager : Event: ======'bcp_connection_attempt'====== Args={'name': 'local_display', 'host': 'localhost', 'port': 5050}
2020-08-10 17:47:52,329 : INFO : BCPClientSocket : Connecting BCP to 'local_display' at localhost:5050...
2020-08-10 17:47:57,595 : INFO : BCPClientSocket : Connected BCP to 'local_display' localhost:5050
2020-08-10 17:47:57,596 : INFO : EventManager : Event: ======'bcp_clients_connected'====== Args={}
2020-08-10 17:47:57,619 : INFO : EventManager : Event: ======'machine_var_mc_version'====== Args={'value': 'MPF-MC v0.53.0', 'prev_value': None, 'change': True}
2020-08-10 17:47:57,619 : INFO : EventManager : Event: ======'machine_var_mc_extended_version'====== Args={'value': 'MPF-MC v0.53.0 (config_version=5, BCP v1.1, Requires MPF v0.53.0)', 'prev_value': None, 'change': True}
2020-08-10 17:47:57,625 : INFO : EventManager : Event: ======'machine_var_master_volume'====== Args={'value': 0.5, 'prev_value': None, 'change': True}
2020-08-10 17:47:57,685 : INFO : EventManager : Event: ======'init_phase_3'====== Args={}
2020-08-10 17:47:57,686 : INFO : AssetManager : Registering Asset: bonus_light_show, File: bonus_light_show.yaml, Default Group: default, Final Config: {'load': 'preload', 'file': 'C:\\Pinball\\My_Design\\MPF\\newTri Zone\\modes\\attract\\shows\\bonus_light_show.yaml'}
2020-08-10 17:47:57,686 : INFO : AssetManager : Registering Asset: bonus_mult_light_show, File: bonus_mult_light_show.yaml, Default Group: default, Final Config: {'load': 'preload', 'file': 'C:\\Pinball\\My_Design\\MPF\\newTri Zone\\modes\\attract\\shows\\bonus_mult_light_show.yaml'}
2020-08-10 17:47:57,687 : INFO : AssetManager : Registering Asset: bot_AB_light_show, File: bot_AB_light_show.yaml, Default Group: default, Final Config: {'load': 'preload', 'file': 'C:\\Pinball\\My_Design\\MPF\\newTri Zone\\modes\\attract\\shows\\bot_AB_light_show.yaml'}
2020-08-10 17:47:57,687 : INFO : AssetManager : Registering Asset: drop_light_show, File: drop_light_show.yaml, Default Group: default, Final Config: {'load': 'preload', 'file': 'C:\\Pinball\\My_Design\\MPF\\newTri Zone\\modes\\attract\\shows\\drop_light_show.yaml'}
2020-08-10 17:47:57,687 : INFO : AssetManager : Registering Asset: special_alt_light_show, File: special_alt_light_show.yaml, Default Group: default, Final Config: {'load': 'preload', 'file': 'C:\\Pinball\\My_Design\\MPF\\newTri Zone\\modes\\attract\\shows\\special_alt_light_show.yaml'}
2020-08-10 17:47:57,687 : INFO : AssetManager : Registering Asset: top_light_show, File: top_light_show.yaml, Default Group: default, Final Config: {'load': 'preload', 'file': 'C:\\Pinball\\My_Design\\MPF\\newTri Zone\\modes\\attract\\shows\\top_light_show.yaml'}
2020-08-10 17:47:57,687 : INFO : AssetManager : Registering Asset: tri_light_show, File: tri_light_show.yaml, Default Group: default, Final Config: {'load': 'preload', 'file': 'C:\\Pinball\\My_Design\\MPF\\newTri Zone\\modes\\attract\\shows\\tri_light_show.yaml'}
2020-08-10 17:47:57,687 : INFO : AssetManager : Registering Asset: widget_test_loop, File: widget_test_loop.yaml, Default Group: default, Final Config: {'load': 'preload', 'file': 'C:\\Pinball\\My_Design\\MPF\\newTri Zone\\modes\\attract\\shows\\widget_test_loop.yaml'}
2020-08-10 17:47:57,687 : INFO : AssetManager : Registering Asset: zone_light_show, File: zone_light_show.yaml, Default Group: default, Final Config: {'load': 'preload', 'file': 'C:\\Pinball\\My_Design\\MPF\\newTri Zone\\modes\\attract\\shows\\zone_light_show.yaml'}
2020-08-10 17:47:57,687 : INFO : AssetManager : Registering Asset: _safe_attract_display_loop, File: _safe_attract_display_loop.yaml, Default Group: default, Final Config: {'load': 'preload', 'file': 'C:\\Pinball\\My_Design\\MPF\\newTri Zone\\modes\\attract\\shows\\_safe_attract_display_loop.yaml'}
2020-08-10 17:47:57,692 : INFO : ConfigProcessor : Loading config from cache: C:\Users\David\AppData\Local\Temp\0550d32df73a28d01cb2a61e81ef1cba.mpf_cache
2020-08-10 17:47:57,699 : INFO : EventManager : Event: ======'loading_assets'====== Args={'total': 10, 'loaded': 1, 'remaining': 9, 'percent': 10}
2020-08-10 17:47:57,699 : INFO : AssetManager : Loading assets: 1/10 (10%)
2020-08-10 17:47:57,700 : INFO : ConfigProcessor : Loading config from cache: C:\Users\David\AppData\Local\Temp\5657eacfad04edbe1eb38ddd53d3503c.mpf_cache
2020-08-10 17:47:57,702 : INFO : ConfigProcessor : Loading config from cache: C:\Users\David\AppData\Local\Temp\321cb7aeaa3ce2c4e09037c60376fd1e.mpf_cache
2020-08-10 17:47:57,703 : INFO : ConfigProcessor : Loading config from cache: C:\Users\David\AppData\Local\Temp\fb02a43ff80a8451bd70aa3ad992cdf6.mpf_cache
2020-08-10 17:47:57,705 : INFO : ConfigProcessor : Loading config from cache: C:\Users\David\AppData\Local\Temp\20c600688dd9c8ee2db3edba7332deba.mpf_cache
2020-08-10 17:47:57,706 : INFO : ConfigProcessor : Loading config from cache: C:\Users\David\AppData\Local\Temp\887f5174675615f2805c2f7fb9c752db.mpf_cache
2020-08-10 17:47:57,708 : INFO : ConfigProcessor : Loading config from cache: C:\Users\David\AppData\Local\Temp\03228e414b70203978ff6ca73d2f6f88.mpf_cache
2020-08-10 17:47:57,710 : INFO : ConfigProcessor : Loading config from cache: C:\Users\David\AppData\Local\Temp\afe9770c109062a12255a18ac67d943c.mpf_cache
2020-08-10 17:47:57,717 : INFO : ConfigProcessor : Loading config from cache: C:\Users\David\AppData\Local\Temp\9e9ef5a25ada92030ea946954f937c24.mpf_cache
2020-08-10 17:47:57,719 : INFO : ConfigProcessor : Loading config from cache: C:\Users\David\AppData\Local\Temp\e1d8bc40c94209666ff3dc7eb7c32eca.mpf_cache
2020-08-10 17:47:57,730 : INFO : EventManager : Event: ======'loading_assets'====== Args={'total': 10, 'loaded': 10, 'remaining': 0, 'percent': 100}
2020-08-10 17:47:57,730 : INFO : AssetManager : Asset loading took: 5.868680238723755
2020-08-10 17:47:57,730 : INFO : EventManager : Event: ======'asset_loading_complete'====== Args={}
2020-08-10 17:47:57,730 : INFO : AssetManager : Loading assets: 10/10 (100%)
2020-08-10 17:47:57,730 : INFO : EventManager : Event: ======'init_phase_4'====== Args={}
2020-08-10 17:47:57,740 : INFO : EventManager : Event: ======'machine_var_audits_events_game_ended'====== Args={'value': 184, 'prev_value': None, 'change': True}
2020-08-10 17:47:57,741 : INFO : EventManager : Event: ======'machine_var_audits_events_game_started'====== Args={'value': 594, 'prev_value': None, 'change': True}
2020-08-10 17:47:57,741 : INFO : EventManager : Event: ======'machine_var_audits_player_score'====== Args={'value': {'average': 19247.070063694267, 'top': [291650, 210000, 202000, 200500, 200000, 180000, 175000, 160000, 160000, 151210], 'total': 314}, 'prev_value': None, 'change': True}
2020-08-10 17:47:57,741 : INFO : EventManager : Event: ======'machine_var_audits_shots_Abot'====== Args={'value': 23, 'prev_value': None, 'change': True}
2020-08-10 17:47:57,742 : INFO : EventManager : Event: ======'machine_var_audits_shots_Ashot'====== Args={'value': 302, 'prev_value': None, 'change': True}
2020-08-10 17:47:57,742 : INFO : EventManager : Event: ======'machine_var_audits_shots_Atop'====== Args={'value': 49, 'prev_value': None, 'change': True}
2020-08-10 17:47:57,743 : INFO : EventManager : Event: ======'machine_var_audits_shots_Bbot'====== Args={'value': 8, 'prev_value': None, 'change': True}
2020-08-10 17:47:57,743 : INFO : EventManager : Event: ======'machine_var_audits_shots_Bshot'====== Args={'value': 741, 'prev_value': None, 'change': True}
2020-08-10 17:47:57,744 : INFO : EventManager : Event: ======'machine_var_audits_shots_Btop'====== Args={'value': 40, 'prev_value': None, 'change': True}
2020-08-10 17:47:57,744 : INFO : EventManager : Event: ======'machine_var_audits_shots_E'====== Args={'value': 289, 'prev_value': None, 'change': True}
2020-08-10 17:47:57,745 : INFO : EventManager : Event: ======'machine_var_audits_shots_EJ'====== Args={'value': 6, 'prev_value': None, 'change': True}
2020-08-10 17:47:57,745 : INFO : EventManager : Event: ======'machine_var_audits_shots_Eject'====== Args={'value': 11, 'prev_value': None, 'change': True}
2020-08-10 17:47:57,746 : INFO : EventManager : Event: ======'machine_var_audits_shots_I'====== Args={'value': 284, 'prev_value': None, 'change': True}
2020-08-10 17:47:57,746 : INFO : EventManager : Event: ======'machine_var_audits_shots_LeftPop'====== Args={'value': 39, 'prev_value': None, 'change': True}
2020-08-10 17:47:57,747 : INFO : EventManager : Event: ======'machine_var_audits_shots_N'====== Args={'value': 304, 'prev_value': None, 'change': True}
2020-08-10 17:47:57,747 : INFO : EventManager : Event: ======'machine_var_audits_shots_O'====== Args={'value': 324, 'prev_value': None, 'change': True}
2020-08-10 17:47:57,748 : INFO : EventManager : Event: ======'machine_var_audits_shots_R'====== Args={'value': 377, 'prev_value': None, 'change': True}
2020-08-10 17:47:57,748 : INFO : EventManager : Event: ======'machine_var_audits_shots_RightPop'====== Args={'value': 28, 'prev_value': None, 'change': True}
2020-08-10 17:47:57,749 : INFO : EventManager : Event: ======'machine_var_audits_shots_S'====== Args={'value': 26, 'prev_value': None, 'change': True}
2020-08-10 17:47:57,750 : INFO : EventManager : Event: ======'machine_var_audits_shots_Spin'====== Args={'value': 90, 'prev_value': None, 'change': True}
2020-08-10 17:47:57,750 : INFO : EventManager : Event: ======'machine_var_audits_shots_T'====== Args={'value': 231, 'prev_value': None, 'change': True}
2020-08-10 17:47:57,751 : INFO : EventManager : Event: ======'machine_var_audits_shots_TopPop'====== Args={'value': 28, 'prev_value': None, 'change': True}
2020-08-10 17:47:57,751 : INFO : EventManager : Event: ======'machine_var_audits_shots_Z'====== Args={'value': 324, 'prev_value': None, 'change': True}
2020-08-10 17:47:57,752 : INFO : EventManager : Event: ======'machine_var_audits_shots_botA'====== Args={'value': 37, 'prev_value': None, 'change': True}
2020-08-10 17:47:57,752 : INFO : EventManager : Event: ======'machine_var_audits_shots_botB'====== Args={'value': 29, 'prev_value': None, 'change': True}
2020-08-10 17:47:57,753 : INFO : EventManager : Event: ======'machine_var_audits_shots_left_ol'====== Args={'value': 32, 'prev_value': None, 'change': True}
2020-08-10 17:47:57,754 : INFO : EventManager : Event: ======'machine_var_audits_shots_out_left'====== Args={'value': 17, 'prev_value': None, 'change': True}
2020-08-10 17:47:57,754 : INFO : EventManager : Event: ======'machine_var_audits_shots_out_right'====== Args={'value': 12, 'prev_value': None, 'change': True}
2020-08-10 17:47:57,755 : INFO : EventManager : Event: ======'machine_var_audits_shots_right_ol'====== Args={'value': 35, 'prev_value': None, 'change': True}
2020-08-10 17:47:57,755 : INFO : EventManager : Event: ======'machine_var_audits_shots_standup_1'====== Args={'value': 2, 'prev_value': None, 'change': True}
2020-08-10 17:47:57,756 : INFO : EventManager : Event: ======'machine_var_audits_shots_standup_1_skill'====== Args={'value': 2, 'prev_value': None, 'change': True}
2020-08-10 17:47:57,757 : INFO : EventManager : Event: ======'machine_var_audits_shots_standup_3'====== Args={'value': 11, 'prev_value': None, 'change': True}
2020-08-10 17:47:57,757 : INFO : EventManager : Event: ======'machine_var_audits_shots_standup_3_skill'====== Args={'value': 11, 'prev_value': None, 'change': True}
2020-08-10 17:47:57,758 : INFO : EventManager : Event: ======'machine_var_audits_shots_standup_4'====== Args={'value': 1, 'prev_value': None, 'change': True}
2020-08-10 17:47:57,759 : INFO : EventManager : Event: ======'machine_var_audits_shots_standup_4_skill'====== Args={'value': 1, 'prev_value': None, 'change': True}
2020-08-10 17:47:57,759 : INFO : EventManager : Event: ======'machine_var_audits_shots_topA'====== Args={'value': 157, 'prev_value': None, 'change': True}
2020-08-10 17:47:57,760 : INFO : EventManager : Event: ======'machine_var_audits_shots_topB'====== Args={'value': 106, 'prev_value': None, 'change': True}
2020-08-10 17:47:57,761 : INFO : EventManager : Event: ======'machine_var_audits_switches_s_E_drop'====== Args={'value': 295, 'prev_value': None, 'change': True}
2020-08-10 17:47:57,761 : INFO : EventManager : Event: ======'machine_var_audits_switches_s_I'====== Args={'value': 300, 'prev_value': None, 'change': True}
2020-08-10 17:47:57,762 : INFO : EventManager : Event: ======'machine_var_audits_switches_s_N_drop'====== Args={'value': 318, 'prev_value': None, 'change': True}
2020-08-10 17:47:57,763 : INFO : EventManager : Event: ======'machine_var_audits_switches_s_O_drop'====== Args={'value': 327, 'prev_value': None, 'change': True}
2020-08-10 17:47:57,763 : INFO : EventManager : Event: ======'machine_var_audits_switches_s_R'====== Args={'value': 392, 'prev_value': None, 'change': True}
2020-08-10 17:47:57,764 : INFO : EventManager : Event: ======'machine_var_audits_switches_s_T'====== Args={'value': 243, 'prev_value': None, 'change': True}
2020-08-10 17:47:57,765 : INFO : EventManager : Event: ======'machine_var_audits_switches_s_ZONE_series'====== Args={'value': 0, 'prev_value': None, 'change': True}
2020-08-10 17:47:57,765 : INFO : EventManager : Event: ======'machine_var_audits_switches_s_Z_drop'====== Args={'value': 335, 'prev_value': None, 'change': True}
2020-08-10 17:47:57,766 : INFO : EventManager : Event: ======'machine_var_audits_switches_s_bl_sup'====== Args={'value': 14, 'prev_value': None, 'change': True}
2020-08-10 17:47:57,767 : INFO : EventManager : Event: ======'machine_var_audits_switches_s_br_sup'====== Args={'value': 118, 'prev_value': None, 'change': True}
2020-08-10 17:47:57,768 : INFO : EventManager : Event: ======'machine_var_audits_switches_s_c_coin'====== Args={'value': 4, 'prev_value': None, 'change': True}
2020-08-10 17:47:57,768 : INFO : EventManager : Event: ======'machine_var_audits_switches_s_eject'====== Args={'value': 19, 'prev_value': None, 'change': True}
2020-08-10 17:47:57,769 : INFO : EventManager : Event: ======'machine_var_audits_switches_s_hs_reset'====== Args={'value': 18, 'prev_value': None, 'change': True}
2020-08-10 17:47:57,770 : INFO : EventManager : Event: ======'machine_var_audits_switches_s_l_coin'====== Args={'value': 2, 'prev_value': None, 'change': True}
2020-08-10 17:47:57,771 : INFO : EventManager : Event: ======'machine_var_audits_switches_s_l_flip'====== Args={'value': 17, 'prev_value': None, 'change': True}
2020-08-10 17:47:57,772 : INFO : EventManager : Event: ======'machine_var_audits_switches_s_l_inlane'====== Args={'value': 331, 'prev_value': None, 'change': True}
2020-08-10 17:47:57,773 : INFO : EventManager : Event: ======'machine_var_audits_switches_s_l_outlane'====== Args={'value': 92, 'prev_value': None, 'change': True}
2020-08-10 17:47:57,773 : INFO : EventManager : Event: ======'machine_var_audits_switches_s_l_pop'====== Args={'value': 39, 'prev_value': None, 'change': True}
2020-08-10 17:47:57,774 : INFO : EventManager : Event: ======'machine_var_audits_switches_s_l_sling'====== Args={'value': 70, 'prev_value': None, 'change': True}
2020-08-10 17:47:57,775 : INFO : EventManager : Event: ======'machine_var_audits_switches_s_outhole'====== Args={'value': 592, 'prev_value': None, 'change': True}
2020-08-10 17:47:57,776 : INFO : EventManager : Event: ======'machine_var_audits_switches_s_r_coin'====== Args={'value': 11, 'prev_value': None, 'change': True}
2020-08-10 17:47:57,776 : INFO : EventManager : Event: ======'machine_var_audits_switches_s_r_flip'====== Args={'value': 47, 'prev_value': None, 'change': True}
2020-08-10 17:47:57,777 : INFO : EventManager : Event: ======'machine_var_audits_switches_s_r_inlane'====== Args={'value': 758, 'prev_value': None, 'change': True}
2020-08-10 17:47:57,778 : INFO : EventManager : Event: ======'machine_var_audits_switches_s_r_outlane'====== Args={'value': 65, 'prev_value': None, 'change': True}
2020-08-10 17:47:57,779 : INFO : EventManager : Event: ======'machine_var_audits_switches_s_r_pop'====== Args={'value': 28, 'prev_value': None, 'change': True}
2020-08-10 17:47:57,780 : INFO : EventManager : Event: ======'machine_var_audits_switches_s_r_sling'====== Args={'value': 63, 'prev_value': None, 'change': True}
2020-08-10 17:47:57,781 : INFO : EventManager : Event: ======'machine_var_audits_switches_s_spin'====== Args={'value': 116, 'prev_value': None, 'change': True}
2020-08-10 17:47:57,782 : INFO : EventManager : Event: ======'machine_var_audits_switches_s_start'====== Args={'value': 253, 'prev_value': None, 'change': True}
2020-08-10 17:47:57,783 : INFO : EventManager : Event: ======'machine_var_audits_switches_s_t_A'====== Args={'value': 248, 'prev_value': None, 'change': True}
2020-08-10 17:47:57,784 : INFO : EventManager : Event: ======'machine_var_audits_switches_s_t_B'====== Args={'value': 193, 'prev_value': None, 'change': True}
2020-08-10 17:47:57,785 : INFO : EventManager : Event: ======'machine_var_audits_switches_s_t_pop'====== Args={'value': 28, 'prev_value': None, 'change': True}
2020-08-10 17:47:57,786 : INFO : EventManager : Event: ======'machine_var_audits_switches_s_tilt_ball'====== Args={'value': 5, 'prev_value': None, 'change': True}
2020-08-10 17:47:57,787 : INFO : EventManager : Event: ======'machine_var_audits_switches_s_tilt_pend'====== Args={'value': 13, 'prev_value': None, 'change': True}
2020-08-10 17:47:57,787 : INFO : EventManager : Event: ======'machine_var_audits_switches_s_tilt_slam_cd'====== Args={'value': 6, 'prev_value': None, 'change': True}
2020-08-10 17:47:57,788 : INFO : EventManager : Event: ======'machine_var_audits_switches_s_tilt_slam_pf'====== Args={'value': 2, 'prev_value': None, 'change': True}
2020-08-10 17:47:57,789 : INFO : EventManager : Event: ======'machine_var_audits_switches_s_tl_sup'====== Args={'value': 40, 'prev_value': None, 'change': True}
2020-08-10 17:47:57,790 : INFO : EventManager : Event: ======'machine_var_audits_switches_s_tr_sup'====== Args={'value': 13, 'prev_value': None, 'change': True}
2020-08-10 17:47:57,792 : INFO : EventManager : Event: ======'init_phase_5'====== Args={}
2020-08-10 17:47:57,816 : INFO : EventManager : Event: ======'init_done'====== Args={}
2020-08-10 17:47:57,817 : INFO : BcpServer : New client connected.
2020-08-10 17:47:57,844 : INFO : EventManager : Event: ======'machine_reset_phase_1'====== Args={}
2020-08-10 17:47:57,851 : INFO : EventManager : Event: ======'slide_welcome_slide_removed'====== Args={'_from_bcp': True}
2020-08-10 17:47:57,851 : INFO : EventManager : Event: ======'slide_welcome_slide_created'====== Args={'_from_bcp': True}
2020-08-10 17:47:57,851 : INFO : EventManager : Event: ======'slide_welcome_slide_active'====== Args={'_from_bcp': True}
2020-08-10 17:47:57,897 : INFO : EventManager : Event: ======'machine_reset_phase_2'====== Args={}
2020-08-10 17:47:57,898 : INFO : EventManager : Event: ======'machine_reset_phase_3'====== Args={}
2020-08-10 17:47:57,898 : INFO : EventManager : Event: ======'mode_tilt_will_start'====== Args={'queue': <QueuedEvent>}
2020-08-10 17:47:57,899 : INFO : EventManager : Event: ======'mode_tilt_starting'====== Args={'queue': <QueuedEvent>}
2020-08-10 17:47:57,900 : INFO : Mode.tilt : Started. Priority: 1000000
2020-08-10 17:47:57,900 : INFO : EventManager : Event: ======'mode_tilt_started'====== Args={'queue': <QueuedEvent>}
2020-08-10 17:47:57,901 : INFO : EventManager : Event: ======'reset_complete'====== Args={}
2020-08-10 17:47:57,901 : INFO : EventManager : Event: ======'mode_credits_will_start'====== Args={}
2020-08-10 17:47:57,904 : INFO : EventManager : Event: ======'mode_credits_starting'====== Args={}
2020-08-10 17:47:57,904 : INFO : EventManager : Event: ======'mode_attract_will_start'====== Args={}
2020-08-10 17:47:57,906 : INFO : EventManager : Event: ======'mode_attract_starting'====== Args={}
2020-08-10 17:47:57,907 : INFO : Mode.attract : Started. Priority: 10
2020-08-10 17:47:57,907 : INFO : EventManager : Event: ======'mode_attract_started'====== Args={}
2020-08-10 17:47:57,909 : INFO : EventManager : Event: ======'collecting_balls_complete'====== Args={}
2020-08-10 17:47:57,910 : INFO : Mode.credits : Started. Priority: 1000010
2020-08-10 17:47:57,910 : INFO : EventManager : Event: ======'mode_credits_started'====== Args={}
2020-08-10 17:47:57,911 : INFO : Mode.credits : Credit units per game: 2
2020-08-10 17:47:57,911 : INFO : EventManager : Event: ======'machine_var_price_per_game_raw_0'====== Args={'value': 0.5, 'prev_value': None, 'change': True}
2020-08-10 17:47:57,913 : INFO : EventManager : Event: ======'machine_var_price_per_game_string_0'====== Args={'value': '1 CREDITS $0.5', 'prev_value': None, 'change': True}
2020-08-10 17:47:57,914 : INFO : EventManager : Event: ======'machine_var_price_per_game_raw_1'====== Args={'value': 2.0, 'prev_value': None, 'change': True}
2020-08-10 17:47:57,915 : INFO : EventManager : Event: ======'machine_var_price_per_game_string_1'====== Args={'value': '5 CREDITS $2.0', 'prev_value': None, 'change': True}
2020-08-10 17:47:57,916 : INFO : EventManager : Event: ======'machine_var_credit_units'====== Args={'value': 0, 'prev_value': None, 'change': True}
2020-08-10 17:47:57,917 : INFO : EventManager : Event: ======'machine_var_credits_string'====== Args={'value': ' ', 'prev_value': 'Free Play', 'change': True}
2020-08-10 17:47:57,918 : INFO : EventManager : Event: ======'machine_var_credits_value'====== Args={'value': '0', 'prev_value': None, 'change': True}
2020-08-10 17:47:57,919 : INFO : EventManager : Event: ======'machine_var_credits_whole_num'====== Args={'value': 0, 'prev_value': None, 'change': True}
2020-08-10 17:47:57,921 : INFO : EventManager : Event: ======'machine_var_credits_numerator'====== Args={'value': 0, 'prev_value': None, 'change': True}
2020-08-10 17:47:57,922 : INFO : EventManager : Event: ======'machine_var_credits_denominator'====== Args={'value': 0, 'prev_value': None, 'change': True}
2020-08-10 17:47:57,923 : INFO : EventManager : Event: ======'machine_var_credits_string'====== Args={'value': 'Credits 0', 'prev_value': ' ', 'change': True}
2020-08-10 17:47:57,925 : INFO : EventManager : Event: ======'machine_var_credits_denominator'====== Args={'value': 2, 'prev_value': 0, 'change': 2}
2020-08-10 17:47:57,978 : INFO : EventManager : Event: ======'slide_awesome_slide_created'====== Args={'_from_bcp': True}
2020-08-10 17:47:57,979 : INFO : EventManager : Event: ======'slide_awesome_slide_active'====== Args={'_from_bcp': True}
2020-08-10 17:47:57,983 : INFO : Machine : Starting the main run loop.
2020-08-10 17:47:58,500 : INFO : SwitchController : <<<<<<< 's_r_coin' active >>>>>>>
2020-08-10 17:47:58,500 : INFO : Mode.credits : Credit switch hit. Credit Added. Value: 1.0. Type: token
2020-08-10 17:47:58,500 : INFO : Mode.credits : Credit units added
2020-08-10 17:47:58,500 : INFO : EventManager : Event: ======'machine_var_credit_units'====== Args={'value': 4.0, 'prev_value': 0, 'change': 4.0}
2020-08-10 17:47:58,502 : INFO : EventManager : Event: ======'machine_var_credits_string'====== Args={'value': 'Credits 2', 'prev_value': 'Credits 0', 'change': True}
2020-08-10 17:47:58,503 : INFO : EventManager : Event: ======'machine_var_credits_value'====== Args={'value': '2', 'prev_value': '0', 'change': True}
2020-08-10 17:47:58,505 : INFO : EventManager : Event: ======'machine_var_credits_whole_num'====== Args={'value': 2, 'prev_value': 0, 'change': 2}
2020-08-10 17:47:58,506 : INFO : EventManager : Event: ======'credits_added'====== Args={}
2020-08-10 17:47:58,573 : INFO : EventManager : Event: ======'slide_credit_added_slide_created'====== Args={'_from_bcp': True}
2020-08-10 17:47:58,576 : INFO : EventManager : Event: ======'slide_credit_added_slide_active'====== Args={'_from_bcp': True}
2020-08-10 17:47:58,631 : INFO : SwitchController : <<<<<<< 's_r_coin' inactive >>>>>>>
2020-08-10 17:47:59,280 : INFO : SwitchController : <<<<<<< 's_r_coin' active >>>>>>>
2020-08-10 17:47:59,281 : INFO : Mode.credits : Credit switch hit. Credit Added. Value: 1.0. Type: token
2020-08-10 17:47:59,281 : INFO : Mode.credits : Credit units added
2020-08-10 17:47:59,281 : INFO : EventManager : Event: ======'machine_var_credit_units'====== Args={'value': 10.0, 'prev_value': 4.0, 'change': 6.0}
2020-08-10 17:47:59,283 : INFO : EventManager : Event: ======'machine_var_credits_string'====== Args={'value': 'Credits 5', 'prev_value': 'Credits 2', 'change': True}
2020-08-10 17:47:59,284 : INFO : EventManager : Event: ======'machine_var_credits_value'====== Args={'value': '5', 'prev_value': '2', 'change': True}
2020-08-10 17:47:59,286 : INFO : EventManager : Event: ======'machine_var_credits_whole_num'====== Args={'value': 5, 'prev_value': 2, 'change': 3}
2020-08-10 17:47:59,288 : INFO : EventManager : Event: ======'credits_added'====== Args={}
2020-08-10 17:47:59,329 : INFO : EventManager : Event: ======'slide_credit_added_slide_removed'====== Args={'_from_bcp': True}
2020-08-10 17:47:59,330 : INFO : EventManager : Event: ======'slide_credit_added_slide_created'====== Args={'_from_bcp': True}
2020-08-10 17:47:59,330 : INFO : EventManager : Event: ======'slide_credit_added_slide_active'====== Args={'_from_bcp': True}
2020-08-10 17:47:59,388 : INFO : SwitchController : <<<<<<< 's_r_coin' inactive >>>>>>>
2020-08-10 17:47:59,777 : INFO : SwitchController : <<<<<<< 's_r_coin' active >>>>>>>
2020-08-10 17:47:59,778 : INFO : Mode.credits : Credit switch hit. Credit Added. Value: 1.0. Type: token
2020-08-10 17:47:59,778 : INFO : Mode.credits : Credit units added
2020-08-10 17:47:59,778 : INFO : EventManager : Event: ======'machine_var_credit_units'====== Args={'value': 14.0, 'prev_value': 10.0, 'change': 4.0}
2020-08-10 17:47:59,779 : INFO : EventManager : Event: ======'machine_var_credits_string'====== Args={'value': 'Credits 7', 'prev_value': 'Credits 5', 'change': True}
2020-08-10 17:47:59,780 : INFO : EventManager : Event: ======'machine_var_credits_value'====== Args={'value': '7', 'prev_value': '5', 'change': True}
2020-08-10 17:47:59,782 : INFO : EventManager : Event: ======'machine_var_credits_whole_num'====== Args={'value': 7, 'prev_value': 5, 'change': 2}
2020-08-10 17:47:59,783 : INFO : EventManager : Event: ======'credits_added'====== Args={}
2020-08-10 17:47:59,840 : INFO : EventManager : Event: ======'slide_credit_added_slide_removed'====== Args={'_from_bcp': True}
2020-08-10 17:47:59,841 : INFO : EventManager : Event: ======'slide_credit_added_slide_created'====== Args={'_from_bcp': True}
2020-08-10 17:47:59,841 : INFO : EventManager : Event: ======'slide_credit_added_slide_active'====== Args={'_from_bcp': True}
2020-08-10 17:47:59,900 : INFO : SwitchController : <<<<<<< 's_r_coin' inactive >>>>>>>
2020-08-10 17:48:00,504 : INFO : SwitchController : <<<<<<< 's_r_coin' active >>>>>>>
2020-08-10 17:48:00,504 : INFO : Mode.credits : Credit switch hit. Credit Added. Value: 1.0. Type: token
2020-08-10 17:48:00,504 : INFO : Mode.credits : Credit units added
2020-08-10 17:48:00,504 : INFO : EventManager : Event: ======'machine_var_credit_units'====== Args={'value': 20.0, 'prev_value': 14.0, 'change': 6.0}
2020-08-10 17:48:00,506 : INFO : EventManager : Event: ======'machine_var_credits_string'====== Args={'value': 'Credits 10', 'prev_value': 'Credits 7', 'change': True}
2020-08-10 17:48:00,508 : INFO : EventManager : Event: ======'machine_var_credits_value'====== Args={'value': '10', 'prev_value': '7', 'change': True}
2020-08-10 17:48:00,510 : INFO : EventManager : Event: ======'machine_var_credits_whole_num'====== Args={'value': 10, 'prev_value': 7, 'change': 3}
2020-08-10 17:48:00,512 : INFO : EventManager : Event: ======'credits_added'====== Args={}
2020-08-10 17:48:00,564 : INFO : EventManager : Event: ======'slide_credit_added_slide_removed'====== Args={'_from_bcp': True}
2020-08-10 17:48:00,564 : INFO : EventManager : Event: ======'slide_credit_added_slide_created'====== Args={'_from_bcp': True}
2020-08-10 17:48:00,565 : INFO : EventManager : Event: ======'slide_credit_added_slide_active'====== Args={'_from_bcp': True}
2020-08-10 17:48:00,616 : INFO : SwitchController : <<<<<<< 's_r_coin' inactive >>>>>>>
2020-08-10 17:48:00,936 : INFO : EventManager : Event: ======'slide_press_start_created'====== Args={'_from_bcp': True}
2020-08-10 17:48:02,516 : INFO : EventManager : Event: ======'slide_credit_added_slide_removed'====== Args={'_from_bcp': True}
2020-08-10 17:48:02,517 : INFO : EventManager : Event: ======'slide_press_start_active'====== Args={'_from_bcp': True}
2020-08-10 17:48:03,934 : INFO : EventManager : Event: ======'slide_mission_pinball_created'====== Args={'_from_bcp': True}
2020-08-10 17:48:03,937 : INFO : EventManager : Event: ======'slide_mission_pinball_active'====== Args={'_from_bcp': True}
2020-08-10 17:48:09,917 : INFO : EventManager : Event: ======'slide_GameCard_created'====== Args={'_from_bcp': True}
2020-08-10 17:48:09,919 : INFO : EventManager : Event: ======'slide_GameCard_active'====== Args={'_from_bcp': True}
2020-08-10 17:48:12,949 : INFO : EventManager : Event: ======'slide_HowTo_created'====== Args={'_from_bcp': True}
2020-08-10 17:48:12,950 : INFO : EventManager : Event: ======'slide_HowTo_active'====== Args={'_from_bcp': True}
2020-08-10 17:48:20,940 : INFO : EventManager : Event: ======'slide_last_game_score_slide1_created'====== Args={'_from_bcp': True}
2020-08-10 17:48:20,974 : INFO : EventManager : Event: ======'slide_last_game_score_slide1_active'====== Args={'_from_bcp': True}
2020-08-10 17:48:28,949 : INFO : EventManager : Event: ======'slide_show_high_scores_created'====== Args={'_from_bcp': True}
2020-08-10 17:48:28,949 : INFO : EventManager : Event: ======'slide_show_high_scores_active'====== Args={'_from_bcp': True}
2020-08-10 17:48:29,913 : INFO : EventManager : Event: ======'slide_awesome_slide_removed'====== Args={'_from_bcp': True}
2020-08-10 17:48:29,916 : INFO : EventManager : Event: ======'slide_awesome_slide_created'====== Args={'_from_bcp': True}
2020-08-10 17:48:29,918 : INFO : EventManager : Event: ======'slide_awesome_slide_active'====== Args={'_from_bcp': True}
2020-08-10 17:48:32,913 : INFO : EventManager : Event: ======'slide_press_start_removed'====== Args={'_from_bcp': True}
2020-08-10 17:48:32,920 : INFO : EventManager : Event: ======'slide_press_start_created'====== Args={'_from_bcp': True}
2020-08-10 17:48:32,924 : INFO : EventManager : Event: ======'slide_press_start_active'====== Args={'_from_bcp': True}
2020-08-10 17:48:35,900 : INFO : EventManager : Event: ======'slide_mission_pinball_removed'====== Args={'_from_bcp': True}
2020-08-10 17:48:35,904 : INFO : EventManager : Event: ======'slide_mission_pinball_created'====== Args={'_from_bcp': True}
2020-08-10 17:48:35,906 : INFO : EventManager : Event: ======'slide_mission_pinball_active'====== Args={'_from_bcp': True}
2020-08-10 17:48:41,909 : INFO : EventManager : Event: ======'slide_GameCard_removed'====== Args={'_from_bcp': True}
2020-08-10 17:48:41,916 : INFO : EventManager : Event: ======'slide_GameCard_created'====== Args={'_from_bcp': True}
2020-08-10 17:48:41,949 : INFO : EventManager : Event: ======'slide_GameCard_active'====== Args={'_from_bcp': True}
2020-08-10 17:48:44,926 : INFO : EventManager : Event: ======'slide_HowTo_removed'====== Args={'_from_bcp': True}
2020-08-10 17:48:44,937 : INFO : EventManager : Event: ======'slide_HowTo_created'====== Args={'_from_bcp': True}
2020-08-10 17:48:44,956 : INFO : EventManager : Event: ======'slide_HowTo_active'====== Args={'_from_bcp': True}
2020-08-10 17:48:52,918 : INFO : EventManager : Event: ======'slide_last_game_score_slide1_removed'====== Args={'_from_bcp': True}
2020-08-10 17:48:52,963 : INFO : EventManager : Event: ======'slide_last_game_score_slide1_created'====== Args={'_from_bcp': True}
2020-08-10 17:48:52,964 : INFO : EventManager : Event: ======'slide_last_game_score_slide1_active'====== Args={'_from_bcp': True}
2020-08-10 17:49:00,934 : INFO : EventManager : Event: ======'slide_show_high_scores_removed'====== Args={'_from_bcp': True}
2020-08-10 17:49:00,936 : INFO : EventManager : Event: ======'slide_show_high_scores_created'====== Args={'_from_bcp': True}
2020-08-10 17:49:00,946 : INFO : EventManager : Event: ======'slide_show_high_scores_active'====== Args={'_from_bcp': True}
2020-08-10 17:49:01,911 : INFO : EventManager : Event: ======'slide_awesome_slide_removed'====== Args={'_from_bcp': True}
2020-08-10 17:49:01,915 : INFO : EventManager : Event: ======'slide_awesome_slide_created'====== Args={'_from_bcp': True}
2020-08-10 17:49:01,958 : INFO : EventManager : Event: ======'slide_awesome_slide_active'====== Args={'_from_bcp': True}
2020-08-10 17:49:04,917 : INFO : EventManager : Event: ======'slide_press_start_removed'====== Args={'_from_bcp': True}
2020-08-10 17:49:04,930 : INFO : EventManager : Event: ======'slide_press_start_created'====== Args={'_from_bcp': True}
2020-08-10 17:49:04,930 : INFO : EventManager : Event: ======'slide_press_start_active'====== Args={'_from_bcp': True}
2020-08-10 17:49:07,924 : INFO : EventManager : Event: ======'slide_mission_pinball_removed'====== Args={'_from_bcp': True}
2020-08-10 17:49:07,931 : INFO : EventManager : Event: ======'slide_mission_pinball_created'====== Args={'_from_bcp': True}
2020-08-10 17:49:07,934 : INFO : EventManager : Event: ======'slide_mission_pinball_active'====== Args={'_from_bcp': True}
2020-08-10 17:49:13,915 : INFO : EventManager : Event: ======'slide_GameCard_removed'====== Args={'_from_bcp': True}
2020-08-10 17:49:13,918 : INFO : EventManager : Event: ======'slide_GameCard_created'====== Args={'_from_bcp': True}
2020-08-10 17:49:13,920 : INFO : EventManager : Event: ======'slide_GameCard_active'====== Args={'_from_bcp': True}
2020-08-10 17:49:16,938 : INFO : EventManager : Event: ======'slide_HowTo_removed'====== Args={'_from_bcp': True}
2020-08-10 17:49:16,947 : INFO : EventManager : Event: ======'slide_HowTo_created'====== Args={'_from_bcp': True}
2020-08-10 17:49:16,966 : INFO : EventManager : Event: ======'slide_HowTo_active'====== Args={'_from_bcp': True}
2020-08-10 17:49:24,925 : INFO : EventManager : Event: ======'slide_last_game_score_slide1_removed'====== Args={'_from_bcp': True}
2020-08-10 17:49:24,934 : INFO : EventManager : Event: ======'slide_last_game_score_slide1_created'====== Args={'_from_bcp': True}
2020-08-10 17:49:24,977 : INFO : EventManager : Event: ======'slide_last_game_score_slide1_active'====== Args={'_from_bcp': True}
2020-08-10 17:49:32,908 : INFO : EventManager : Event: ======'slide_show_high_scores_removed'====== Args={'_from_bcp': True}
2020-08-10 17:49:32,966 : INFO : EventManager : Event: ======'slide_show_high_scores_created'====== Args={'_from_bcp': True}
2020-08-10 17:49:32,974 : INFO : EventManager : Event: ======'slide_show_high_scores_active'====== Args={'_from_bcp': True}
2020-08-10 17:49:33,910 : INFO : EventManager : Event: ======'slide_awesome_slide_removed'====== Args={'_from_bcp': True}
2020-08-10 17:49:33,911 : INFO : EventManager : Event: ======'slide_awesome_slide_created'====== Args={'_from_bcp': True}
2020-08-10 17:49:33,912 : INFO : EventManager : Event: ======'slide_awesome_slide_active'====== Args={'_from_bcp': True}
2020-08-10 17:49:36,931 : INFO : EventManager : Event: ======'slide_press_start_removed'====== Args={'_from_bcp': True}
2020-08-10 17:49:36,933 : INFO : EventManager : Event: ======'slide_press_start_created'====== Args={'_from_bcp': True}
2020-08-10 17:49:36,937 : INFO : EventManager : Event: ======'slide_press_start_active'====== Args={'_from_bcp': True}
2020-08-10 17:49:39,912 : INFO : EventManager : Event: ======'slide_mission_pinball_removed'====== Args={'_from_bcp': True}
2020-08-10 17:49:39,951 : INFO : EventManager : Event: ======'slide_mission_pinball_created'====== Args={'_from_bcp': True}
2020-08-10 17:49:39,951 : INFO : EventManager : Event: ======'slide_mission_pinball_active'====== Args={'_from_bcp': True}
2020-08-10 17:49:45,924 : INFO : EventManager : Event: ======'slide_GameCard_removed'====== Args={'_from_bcp': True}
2020-08-10 17:49:45,927 : INFO : EventManager : Event: ======'slide_GameCard_created'====== Args={'_from_bcp': True}
2020-08-10 17:49:45,929 : INFO : EventManager : Event: ======'slide_GameCard_active'====== Args={'_from_bcp': True}
2020-08-10 17:49:48,950 : INFO : EventManager : Event: ======'slide_HowTo_removed'====== Args={'_from_bcp': True}
2020-08-10 17:49:48,954 : INFO : EventManager : Event: ======'slide_HowTo_created'====== Args={'_from_bcp': True}
2020-08-10 17:49:48,960 : INFO : EventManager : Event: ======'slide_HowTo_active'====== Args={'_from_bcp': True}
2020-08-10 17:49:56,939 : INFO : EventManager : Event: ======'slide_last_game_score_slide1_removed'====== Args={'_from_bcp': True}
2020-08-10 17:49:56,948 : INFO : EventManager : Event: ======'slide_last_game_score_slide1_created'====== Args={'_from_bcp': True}
2020-08-10 17:49:56,986 : INFO : EventManager : Event: ======'slide_last_game_score_slide1_active'====== Args={'_from_bcp': True}
2020-08-10 17:50:04,916 : INFO : EventManager : Event: ======'slide_show_high_scores_removed'====== Args={'_from_bcp': True}
2020-08-10 17:50:04,934 : INFO : EventManager : Event: ======'slide_show_high_scores_created'====== Args={'_from_bcp': True}
2020-08-10 17:50:04,972 : INFO : EventManager : Event: ======'slide_show_high_scores_active'====== Args={'_from_bcp': True}
2020-08-10 17:50:05,930 : INFO : EventManager : Event: ======'slide_awesome_slide_removed'====== Args={'_from_bcp': True}
2020-08-10 17:50:05,934 : INFO : EventManager : Event: ======'slide_awesome_slide_created'====== Args={'_from_bcp': True}
2020-08-10 17:50:05,977 : INFO : EventManager : Event: ======'slide_awesome_slide_active'====== Args={'_from_bcp': True}
2020-08-10 17:50:08,921 : INFO : EventManager : Event: ======'slide_press_start_removed'====== Args={'_from_bcp': True}
2020-08-10 17:50:08,921 : INFO : EventManager : Event: ======'slide_press_start_created'====== Args={'_from_bcp': True}
2020-08-10 17:50:08,923 : INFO : EventManager : Event: ======'slide_press_start_active'====== Args={'_from_bcp': True}
2020-08-10 17:50:11,926 : INFO : EventManager : Event: ======'slide_mission_pinball_removed'====== Args={'_from_bcp': True}
2020-08-10 17:50:11,937 : INFO : EventManager : Event: ======'slide_mission_pinball_created'====== Args={'_from_bcp': True}
2020-08-10 17:50:11,939 : INFO : EventManager : Event: ======'slide_mission_pinball_active'====== Args={'_from_bcp': True}
2020-08-10 17:50:17,923 : INFO : EventManager : Event: ======'slide_GameCard_removed'====== Args={'_from_bcp': True}
2020-08-10 17:50:17,928 : INFO : EventManager : Event: ======'slide_GameCard_created'====== Args={'_from_bcp': True}
2020-08-10 17:50:17,928 : INFO : EventManager : Event: ======'slide_GameCard_active'====== Args={'_from_bcp': True}
2020-08-10 17:50:20,932 : INFO : EventManager : Event: ======'slide_HowTo_removed'====== Args={'_from_bcp': True}
2020-08-10 17:50:20,942 : INFO : EventManager : Event: ======'slide_HowTo_created'====== Args={'_from_bcp': True}
2020-08-10 17:50:20,949 : INFO : EventManager : Event: ======'slide_HowTo_active'====== Args={'_from_bcp': True}
2020-08-10 17:50:28,918 : INFO : EventManager : Event: ======'slide_last_game_score_slide1_removed'====== Args={'_from_bcp': True}
2020-08-10 17:50:28,950 : INFO : EventManager : Event: ======'slide_last_game_score_slide1_created'====== Args={'_from_bcp': True}
2020-08-10 17:50:28,950 : INFO : EventManager : Event: ======'slide_last_game_score_slide1_active'====== Args={'_from_bcp': True}
2020-08-10 17:50:36,913 : INFO : EventManager : Event: ======'slide_show_high_scores_removed'====== Args={'_from_bcp': True}
2020-08-10 17:50:36,936 : INFO : EventManager : Event: ======'slide_show_high_scores_created'====== Args={'_from_bcp': True}
2020-08-10 17:50:36,936 : INFO : EventManager : Event: ======'slide_show_high_scores_active'====== Args={'_from_bcp': True}
2020-08-10 17:50:37,923 : INFO : EventManager : Event: ======'slide_awesome_slide_removed'====== Args={'_from_bcp': True}
2020-08-10 17:50:37,932 : INFO : EventManager : Event: ======'slide_awesome_slide_created'====== Args={'_from_bcp': True}
2020-08-10 17:50:37,932 : INFO : EventManager : Event: ======'slide_awesome_slide_active'====== Args={'_from_bcp': True}
2020-08-10 17:50:40,932 : INFO : EventManager : Event: ======'slide_press_start_removed'====== Args={'_from_bcp': True}
2020-08-10 17:50:40,933 : INFO : EventManager : Event: ======'slide_press_start_created'====== Args={'_from_bcp': True}
2020-08-10 17:50:40,933 : INFO : EventManager : Event: ======'slide_press_start_active'====== Args={'_from_bcp': True}
2020-08-10 17:50:43,916 : INFO : EventManager : Event: ======'slide_mission_pinball_removed'====== Args={'_from_bcp': True}
2020-08-10 17:50:43,922 : INFO : EventManager : Event: ======'slide_mission_pinball_created'====== Args={'_from_bcp': True}
2020-08-10 17:50:43,926 : INFO : EventManager : Event: ======'slide_mission_pinball_active'====== Args={'_from_bcp': True}
2020-08-10 17:50:49,906 : INFO : EventManager : Event: ======'slide_GameCard_removed'====== Args={'_from_bcp': True}
2020-08-10 17:50:49,909 : INFO : EventManager : Event: ======'slide_GameCard_created'====== Args={'_from_bcp': True}
2020-08-10 17:50:49,911 : INFO : EventManager : Event: ======'slide_GameCard_active'====== Args={'_from_bcp': True}
2020-08-10 17:50:52,907 : INFO : EventManager : Event: ======'slide_HowTo_removed'====== Args={'_from_bcp': True}
2020-08-10 17:50:52,923 : INFO : EventManager : Event: ======'slide_HowTo_created'====== Args={'_from_bcp': True}
2020-08-10 17:50:52,941 : INFO : EventManager : Event: ======'slide_HowTo_active'====== Args={'_from_bcp': True}
2020-08-10 17:51:00,918 : INFO : EventManager : Event: ======'slide_last_game_score_slide1_removed'====== Args={'_from_bcp': True}
2020-08-10 17:51:00,940 : INFO : EventManager : Event: ======'slide_last_game_score_slide1_created'====== Args={'_from_bcp': True}
2020-08-10 17:51:00,952 : INFO : EventManager : Event: ======'slide_last_game_score_slide1_active'====== Args={'_from_bcp': True}
2020-08-10 17:51:08,908 : INFO : EventManager : Event: ======'slide_show_high_scores_removed'====== Args={'_from_bcp': True}
2020-08-10 17:51:08,924 : INFO : EventManager : Event: ======'slide_show_high_scores_created'====== Args={'_from_bcp': True}
2020-08-10 17:51:08,942 : INFO : EventManager : Event: ======'slide_show_high_scores_active'====== Args={'_from_bcp': True}
2020-08-10 17:51:09,908 : INFO : EventManager : Event: ======'slide_awesome_slide_removed'====== Args={'_from_bcp': True}
2020-08-10 17:51:09,913 : INFO : EventManager : Event: ======'slide_awesome_slide_created'====== Args={'_from_bcp': True}
2020-08-10 17:51:09,915 : INFO : EventManager : Event: ======'slide_awesome_slide_active'====== Args={'_from_bcp': True}
2020-08-10 17:51:12,901 : INFO : EventManager : Event: ======'slide_press_start_removed'====== Args={'_from_bcp': True}
2020-08-10 17:51:12,910 : INFO : EventManager : Event: ======'slide_press_start_created'====== Args={'_from_bcp': True}
2020-08-10 17:51:12,914 : INFO : EventManager : Event: ======'slide_press_start_active'====== Args={'_from_bcp': True}
2020-08-10 17:51:15,929 : INFO : EventManager : Event: ======'slide_mission_pinball_removed'====== Args={'_from_bcp': True}
2020-08-10 17:51:15,930 : INFO : EventManager : Event: ======'slide_mission_pinball_created'====== Args={'_from_bcp': True}
2020-08-10 17:51:15,933 : INFO : EventManager : Event: ======'slide_mission_pinball_active'====== Args={'_from_bcp': True}
2020-08-10 17:51:21,926 : INFO : EventManager : Event: ======'slide_GameCard_removed'====== Args={'_from_bcp': True}
2020-08-10 17:51:21,927 : INFO : EventManager : Event: ======'slide_GameCard_created'====== Args={'_from_bcp': True}
2020-08-10 17:51:21,927 : INFO : EventManager : Event: ======'slide_GameCard_active'====== Args={'_from_bcp': True}
2020-08-10 17:51:24,930 : INFO : EventManager : Event: ======'slide_HowTo_removed'====== Args={'_from_bcp': True}
2020-08-10 17:51:25,008 : INFO : EventManager : Event: ======'slide_HowTo_created'====== Args={'_from_bcp': True}
2020-08-10 17:51:25,016 : INFO : EventManager : Event: ======'slide_HowTo_active'====== Args={'_from_bcp': True}
2020-08-10 17:51:32,913 : INFO : EventManager : Event: ======'slide_last_game_score_slide1_removed'====== Args={'_from_bcp': True}
2020-08-10 17:51:32,936 : INFO : EventManager : Event: ======'slide_last_game_score_slide1_created'====== Args={'_from_bcp': True}
2020-08-10 17:51:32,937 : INFO : EventManager : Event: ======'slide_last_game_score_slide1_active'====== Args={'_from_bcp': True}
2020-08-10 17:51:40,908 : INFO : EventManager : Event: ======'slide_show_high_scores_removed'====== Args={'_from_bcp': True}
2020-08-10 17:51:40,919 : INFO : EventManager : Event: ======'slide_show_high_scores_created'====== Args={'_from_bcp': True}
2020-08-10 17:51:40,927 : INFO : EventManager : Event: ======'slide_show_high_scores_active'====== Args={'_from_bcp': True}
2020-08-10 17:51:41,912 : INFO : EventManager : Event: ======'slide_awesome_slide_removed'====== Args={'_from_bcp': True}
2020-08-10 17:51:41,917 : INFO : EventManager : Event: ======'slide_awesome_slide_created'====== Args={'_from_bcp': True}
2020-08-10 17:51:41,923 : INFO : EventManager : Event: ======'slide_awesome_slide_active'====== Args={'_from_bcp': True}
2020-08-10 17:51:44,919 : INFO : EventManager : Event: ======'slide_press_start_removed'====== Args={'_from_bcp': True}
2020-08-10 17:51:44,927 : INFO : EventManager : Event: ======'slide_press_start_created'====== Args={'_from_bcp': True}
2020-08-10 17:51:44,931 : INFO : EventManager : Event: ======'slide_press_start_active'====== Args={'_from_bcp': True}
2020-08-10 17:51:47,912 : INFO : EventManager : Event: ======'slide_mission_pinball_removed'====== Args={'_from_bcp': True}
2020-08-10 17:51:47,920 : INFO : EventManager : Event: ======'slide_mission_pinball_created'====== Args={'_from_bcp': True}
2020-08-10 17:51:47,924 : INFO : EventManager : Event: ======'slide_mission_pinball_active'====== Args={'_from_bcp': True}
2020-08-10 17:51:53,926 : INFO : EventManager : Event: ======'slide_GameCard_removed'====== Args={'_from_bcp': True}
2020-08-10 17:51:53,927 : INFO : EventManager : Event: ======'slide_GameCard_created'====== Args={'_from_bcp': True}
2020-08-10 17:51:53,928 : INFO : EventManager : Event: ======'slide_GameCard_active'====== Args={'_from_bcp': True}
2020-08-10 17:51:56,934 : INFO : EventManager : Event: ======'slide_HowTo_removed'====== Args={'_from_bcp': True}
2020-08-10 17:51:56,941 : INFO : EventManager : Event: ======'slide_HowTo_created'====== Args={'_from_bcp': True}
2020-08-10 17:51:56,947 : INFO : EventManager : Event: ======'slide_HowTo_active'====== Args={'_from_bcp': True}
2020-08-10 17:52:04,923 : INFO : EventManager : Event: ======'slide_last_game_score_slide1_removed'====== Args={'_from_bcp': True}
2020-08-10 17:52:04,956 : INFO : EventManager : Event: ======'slide_last_game_score_slide1_created'====== Args={'_from_bcp': True}
2020-08-10 17:52:04,958 : INFO : EventManager : Event: ======'slide_last_game_score_slide1_active'====== Args={'_from_bcp': True}
2020-08-10 17:52:12,922 : INFO : EventManager : Event: ======'slide_show_high_scores_removed'====== Args={'_from_bcp': True}
2020-08-10 17:52:12,939 : INFO : EventManager : Event: ======'slide_show_high_scores_created'====== Args={'_from_bcp': True}
2020-08-10 17:52:12,950 : INFO : EventManager : Event: ======'slide_show_high_scores_active'====== Args={'_from_bcp': True}
2020-08-10 17:52:13,925 : INFO : EventManager : Event: ======'slide_awesome_slide_removed'====== Args={'_from_bcp': True}
2020-08-10 17:52:13,930 : INFO : EventManager : Event: ======'slide_awesome_slide_created'====== Args={'_from_bcp': True}
2020-08-10 17:52:13,932 : INFO : EventManager : Event: ======'slide_awesome_slide_active'====== Args={'_from_bcp': True}
2020-08-10 17:52:16,927 : INFO : EventManager : Event: ======'slide_press_start_removed'====== Args={'_from_bcp': True}
2020-08-10 17:52:16,928 : INFO : EventManager : Event: ======'slide_press_start_created'====== Args={'_from_bcp': True}
2020-08-10 17:52:16,929 : INFO : EventManager : Event: ======'slide_press_start_active'====== Args={'_from_bcp': True}
2020-08-10 17:52:19,928 : INFO : EventManager : Event: ======'slide_mission_pinball_removed'====== Args={'_from_bcp': True}
2020-08-10 17:52:19,930 : INFO : EventManager : Event: ======'slide_mission_pinball_created'====== Args={'_from_bcp': True}
2020-08-10 17:52:19,935 : INFO : EventManager : Event: ======'slide_mission_pinball_active'====== Args={'_from_bcp': True}
2020-08-10 17:52:25,913 : INFO : EventManager : Event: ======'slide_GameCard_removed'====== Args={'_from_bcp': True}
2020-08-10 17:52:25,916 : INFO : EventManager : Event: ======'slide_GameCard_created'====== Args={'_from_bcp': True}
2020-08-10 17:52:25,918 : INFO : EventManager : Event: ======'slide_GameCard_active'====== Args={'_from_bcp': True}
2020-08-10 17:52:28,932 : INFO : EventManager : Event: ======'slide_HowTo_removed'====== Args={'_from_bcp': True}
2020-08-10 17:52:28,950 : INFO : EventManager : Event: ======'slide_HowTo_created'====== Args={'_from_bcp': True}
2020-08-10 17:52:28,955 : INFO : EventManager : Event: ======'slide_HowTo_active'====== Args={'_from_bcp': True}
2020-08-10 17:52:36,917 : INFO : EventManager : Event: ======'slide_last_game_score_slide1_removed'====== Args={'_from_bcp': True}
2020-08-10 17:52:36,932 : INFO : EventManager : Event: ======'slide_last_game_score_slide1_created'====== Args={'_from_bcp': True}
2020-08-10 17:52:36,939 : INFO : EventManager : Event: ======'slide_last_game_score_slide1_active'====== Args={'_from_bcp': True}
2020-08-10 17:52:44,924 : INFO : EventManager : Event: ======'slide_show_high_scores_removed'====== Args={'_from_bcp': True}
2020-08-10 17:52:44,953 : INFO : EventManager : Event: ======'slide_show_high_scores_created'====== Args={'_from_bcp': True}
2020-08-10 17:52:44,954 : INFO : EventManager : Event: ======'slide_show_high_scores_active'====== Args={'_from_bcp': True}
2020-08-10 17:52:45,912 : INFO : EventManager : Event: ======'slide_awesome_slide_removed'====== Args={'_from_bcp': True}
2020-08-10 17:52:45,917 : INFO : EventManager : Event: ======'slide_awesome_slide_created'====== Args={'_from_bcp': True}
2020-08-10 17:52:45,919 : INFO : EventManager : Event: ======'slide_awesome_slide_active'====== Args={'_from_bcp': True}
2020-08-10 17:52:48,906 : INFO : EventManager : Event: ======'slide_press_start_removed'====== Args={'_from_bcp': True}
2020-08-10 17:52:48,913 : INFO : EventManager : Event: ======'slide_press_start_created'====== Args={'_from_bcp': True}
2020-08-10 17:52:48,917 : INFO : EventManager : Event: ======'slide_press_start_active'====== Args={'_from_bcp': True}
2020-08-10 17:52:51,942 : INFO : EventManager : Event: ======'slide_mission_pinball_removed'====== Args={'_from_bcp': True}
2020-08-10 17:52:51,944 : INFO : EventManager : Event: ======'slide_mission_pinball_created'====== Args={'_from_bcp': True}
2020-08-10 17:52:51,945 : INFO : EventManager : Event: ======'slide_mission_pinball_active'====== Args={'_from_bcp': True}
2020-08-10 17:52:57,929 : INFO : EventManager : Event: ======'slide_GameCard_removed'====== Args={'_from_bcp': True}
2020-08-10 17:52:57,929 : INFO : EventManager : Event: ======'slide_GameCard_created'====== Args={'_from_bcp': True}
2020-08-10 17:52:57,930 : INFO : EventManager : Event: ======'slide_GameCard_active'====== Args={'_from_bcp': True}
2020-08-10 17:53:00,914 : INFO : EventManager : Event: ======'slide_HowTo_removed'====== Args={'_from_bcp': True}
2020-08-10 17:53:00,931 : INFO : EventManager : Event: ======'slide_HowTo_created'====== Args={'_from_bcp': True}
2020-08-10 17:53:00,936 : INFO : EventManager : Event: ======'slide_HowTo_active'====== Args={'_from_bcp': True}
2020-08-10 17:53:08,910 : INFO : EventManager : Event: ======'slide_last_game_score_slide1_removed'====== Args={'_from_bcp': True}
2020-08-10 17:53:08,930 : INFO : EventManager : Event: ======'slide_last_game_score_slide1_created'====== Args={'_from_bcp': True}
2020-08-10 17:53:08,938 : INFO : EventManager : Event: ======'slide_last_game_score_slide1_active'====== Args={'_from_bcp': True}
2020-08-10 17:53:16,909 : INFO : EventManager : Event: ======'slide_show_high_scores_removed'====== Args={'_from_bcp': True}
2020-08-10 17:53:16,986 : INFO : EventManager : Event: ======'slide_show_high_scores_created'====== Args={'_from_bcp': True}
2020-08-10 17:53:16,994 : INFO : EventManager : Event: ======'slide_show_high_scores_active'====== Args={'_from_bcp': True}
2020-08-10 17:53:17,929 : INFO : EventManager : Event: ======'slide_awesome_slide_removed'====== Args={'_from_bcp': True}
2020-08-10 17:53:17,929 : INFO : EventManager : Event: ======'slide_awesome_slide_created'====== Args={'_from_bcp': True}
2020-08-10 17:53:17,930 : INFO : EventManager : Event: ======'slide_awesome_slide_active'====== Args={'_from_bcp': True}
2020-08-10 17:53:20,922 : INFO : EventManager : Event: ======'slide_press_start_removed'====== Args={'_from_bcp': True}
2020-08-10 17:53:20,924 : INFO : EventManager : Event: ======'slide_press_start_created'====== Args={'_from_bcp': True}
2020-08-10 17:53:20,927 : INFO : EventManager : Event: ======'slide_press_start_active'====== Args={'_from_bcp': True}
2020-08-10 17:53:23,948 : INFO : EventManager : Event: ======'slide_mission_pinball_removed'====== Args={'_from_bcp': True}
2020-08-10 17:53:23,949 : INFO : EventManager : Event: ======'slide_mission_pinball_created'====== Args={'_from_bcp': True}
2020-08-10 17:53:23,949 : INFO : EventManager : Event: ======'slide_mission_pinball_active'====== Args={'_from_bcp': True}
2020-08-10 17:53:29,918 : INFO : EventManager : Event: ======'slide_GameCard_removed'====== Args={'_from_bcp': True}
2020-08-10 17:53:29,921 : INFO : EventManager : Event: ======'slide_GameCard_created'====== Args={'_from_bcp': True}
2020-08-10 17:53:29,924 : INFO : EventManager : Event: ======'slide_GameCard_active'====== Args={'_from_bcp': True}
2020-08-10 17:53:32,928 : INFO : EventManager : Event: ======'slide_HowTo_removed'====== Args={'_from_bcp': True}
2020-08-10 17:53:32,944 : INFO : EventManager : Event: ======'slide_HowTo_created'====== Args={'_from_bcp': True}
2020-08-10 17:53:32,949 : INFO : EventManager : Event: ======'slide_HowTo_active'====== Args={'_from_bcp': True}
2020-08-10 17:53:40,927 : INFO : EventManager : Event: ======'slide_last_game_score_slide1_removed'====== Args={'_from_bcp': True}
2020-08-10 17:53:40,948 : INFO : EventManager : Event: ======'slide_last_game_score_slide1_created'====== Args={'_from_bcp': True}
2020-08-10 17:53:40,959 : INFO : EventManager : Event: ======'slide_last_game_score_slide1_active'====== Args={'_from_bcp': True}
2020-08-10 17:53:48,922 : INFO : EventManager : Event: ======'slide_show_high_scores_removed'====== Args={'_from_bcp': True}
2020-08-10 17:53:48,941 : INFO : EventManager : Event: ======'slide_show_high_scores_created'====== Args={'_from_bcp': True}
2020-08-10 17:53:48,951 : INFO : EventManager : Event: ======'slide_show_high_scores_active'====== Args={'_from_bcp': True}
2020-08-10 17:53:49,911 : INFO : EventManager : Event: ======'slide_awesome_slide_removed'====== Args={'_from_bcp': True}
2020-08-10 17:53:49,915 : INFO : EventManager : Event: ======'slide_awesome_slide_created'====== Args={'_from_bcp': True}
2020-08-10 17:53:49,918 : INFO : EventManager : Event: ======'slide_awesome_slide_active'====== Args={'_from_bcp': True}
2020-08-10 17:53:52,930 : INFO : EventManager : Event: ======'slide_press_start_removed'====== Args={'_from_bcp': True}
2020-08-10 17:53:52,933 : INFO : EventManager : Event: ======'slide_press_start_created'====== Args={'_from_bcp': True}
2020-08-10 17:53:52,938 : INFO : EventManager : Event: ======'slide_press_start_active'====== Args={'_from_bcp': True}
2020-08-10 17:53:55,927 : INFO : EventManager : Event: ======'slide_mission_pinball_removed'====== Args={'_from_bcp': True}
2020-08-10 17:53:55,936 : INFO : EventManager : Event: ======'slide_mission_pinball_created'====== Args={'_from_bcp': True}
2020-08-10 17:53:55,938 : INFO : EventManager : Event: ======'slide_mission_pinball_active'====== Args={'_from_bcp': True}
2020-08-10 17:54:01,918 : INFO : EventManager : Event: ======'slide_GameCard_removed'====== Args={'_from_bcp': True}
2020-08-10 17:54:01,923 : INFO : EventManager : Event: ======'slide_GameCard_created'====== Args={'_from_bcp': True}
2020-08-10 17:54:01,925 : INFO : EventManager : Event: ======'slide_GameCard_active'====== Args={'_from_bcp': True}
2020-08-10 17:54:04,916 : INFO : EventManager : Event: ======'slide_HowTo_removed'====== Args={'_from_bcp': True}
2020-08-10 17:54:04,937 : INFO : EventManager : Event: ======'slide_HowTo_created'====== Args={'_from_bcp': True}
2020-08-10 17:54:04,944 : INFO : EventManager : Event: ======'slide_HowTo_active'====== Args={'_from_bcp': True}
2020-08-10 17:54:12,940 : INFO : EventManager : Event: ======'slide_last_game_score_slide1_removed'====== Args={'_from_bcp': True}
2020-08-10 17:54:12,946 : INFO : EventManager : Event: ======'slide_last_game_score_slide1_created'====== Args={'_from_bcp': True}
2020-08-10 17:54:12,954 : INFO : EventManager : Event: ======'slide_last_game_score_slide1_active'====== Args={'_from_bcp': True}
2020-08-10 17:54:20,922 : INFO : EventManager : Event: ======'slide_show_high_scores_removed'====== Args={'_from_bcp': True}
2020-08-10 17:54:20,935 : INFO : EventManager : Event: ======'slide_show_high_scores_created'====== Args={'_from_bcp': True}
2020-08-10 17:54:20,943 : INFO : EventManager : Event: ======'slide_show_high_scores_active'====== Args={'_from_bcp': True}
2020-08-10 17:54:21,922 : INFO : EventManager : Event: ======'slide_awesome_slide_removed'====== Args={'_from_bcp': True}
2020-08-10 17:54:21,926 : INFO : EventManager : Event: ======'slide_awesome_slide_created'====== Args={'_from_bcp': True}
2020-08-10 17:54:21,929 : INFO : EventManager : Event: ======'slide_awesome_slide_active'====== Args={'_from_bcp': True}
2020-08-10 17:54:24,928 : INFO : EventManager : Event: ======'slide_press_start_removed'====== Args={'_from_bcp': True}
2020-08-10 17:54:24,931 : INFO : EventManager : Event: ======'slide_press_start_created'====== Args={'_from_bcp': True}
2020-08-10 17:54:24,938 : INFO : EventManager : Event: ======'slide_press_start_active'====== Args={'_from_bcp': True}
2020-08-10 17:54:27,920 : INFO : EventManager : Event: ======'slide_mission_pinball_removed'====== Args={'_from_bcp': True}
2020-08-10 17:54:27,932 : INFO : EventManager : Event: ======'slide_mission_pinball_created'====== Args={'_from_bcp': True}
2020-08-10 17:54:27,932 : INFO : EventManager : Event: ======'slide_mission_pinball_active'====== Args={'_from_bcp': True}
2020-08-10 17:54:33,926 : INFO : EventManager : Event: ======'slide_GameCard_removed'====== Args={'_from_bcp': True}
2020-08-10 17:54:33,927 : INFO : EventManager : Event: ======'slide_GameCard_created'====== Args={'_from_bcp': True}
2020-08-10 17:54:33,928 : INFO : EventManager : Event: ======'slide_GameCard_active'====== Args={'_from_bcp': True}
2020-08-10 17:54:36,920 : INFO : EventManager : Event: ======'slide_HowTo_removed'====== Args={'_from_bcp': True}
2020-08-10 17:54:36,935 : INFO : EventManager : Event: ======'slide_HowTo_created'====== Args={'_from_bcp': True}
2020-08-10 17:54:36,941 : INFO : EventManager : Event: ======'slide_HowTo_active'====== Args={'_from_bcp': True}
2020-08-10 17:54:44,909 : INFO : EventManager : Event: ======'slide_last_game_score_slide1_removed'====== Args={'_from_bcp': True}
2020-08-10 17:54:44,928 : INFO : EventManager : Event: ======'slide_last_game_score_slide1_created'====== Args={'_from_bcp': True}
2020-08-10 17:54:44,938 : INFO : EventManager : Event: ======'slide_last_game_score_slide1_active'====== Args={'_from_bcp': True}
2020-08-10 17:54:52,936 : INFO : EventManager : Event: ======'slide_show_high_scores_removed'====== Args={'_from_bcp': True}
2020-08-10 17:54:52,940 : INFO : EventManager : Event: ======'slide_show_high_scores_created'====== Args={'_from_bcp': True}
2020-08-10 17:54:52,948 : INFO : EventManager : Event: ======'slide_show_high_scores_active'====== Args={'_from_bcp': True}
2020-08-10 17:54:53,926 : INFO : EventManager : Event: ======'slide_awesome_slide_removed'====== Args={'_from_bcp': True}
2020-08-10 17:54:53,927 : INFO : EventManager : Event: ======'slide_awesome_slide_created'====== Args={'_from_bcp': True}
2020-08-10 17:54:53,928 : INFO : EventManager : Event: ======'slide_awesome_slide_active'====== Args={'_from_bcp': True}
2020-08-10 17:54:56,928 : INFO : EventManager : Event: ======'slide_press_start_removed'====== Args={'_from_bcp': True}
2020-08-10 17:54:56,929 : INFO : EventManager : Event: ======'slide_press_start_created'====== Args={'_from_bcp': True}
2020-08-10 17:54:56,929 : INFO : EventManager : Event: ======'slide_press_start_active'====== Args={'_from_bcp': True}
2020-08-10 17:54:59,927 : INFO : EventManager : Event: ======'slide_mission_pinball_removed'====== Args={'_from_bcp': True}
2020-08-10 17:54:59,933 : INFO : EventManager : Event: ======'slide_mission_pinball_created'====== Args={'_from_bcp': True}
2020-08-10 17:54:59,936 : INFO : EventManager : Event: ======'slide_mission_pinball_active'====== Args={'_from_bcp': True}
2020-08-10 17:55:05,920 : INFO : EventManager : Event: ======'slide_GameCard_removed'====== Args={'_from_bcp': True}
2020-08-10 17:55:05,923 : INFO : EventManager : Event: ======'slide_GameCard_created'====== Args={'_from_bcp': True}
2020-08-10 17:55:05,925 : INFO : EventManager : Event: ======'slide_GameCard_active'====== Args={'_from_bcp': True}
2020-08-10 17:55:08,918 : INFO : EventManager : Event: ======'slide_HowTo_removed'====== Args={'_from_bcp': True}
2020-08-10 17:55:08,995 : INFO : EventManager : Event: ======'slide_HowTo_created'====== Args={'_from_bcp': True}
2020-08-10 17:55:09,003 : INFO : EventManager : Event: ======'slide_HowTo_active'====== Args={'_from_bcp': True}
2020-08-10 17:55:16,914 : INFO : EventManager : Event: ======'slide_last_game_score_slide1_removed'====== Args={'_from_bcp': True}
2020-08-10 17:55:16,934 : INFO : EventManager : Event: ======'slide_last_game_score_slide1_created'====== Args={'_from_bcp': True}
2020-08-10 17:55:16,945 : INFO : EventManager : Event: ======'slide_last_game_score_slide1_active'====== Args={'_from_bcp': True}
2020-08-10 17:55:24,914 : INFO : EventManager : Event: ======'slide_show_high_scores_removed'====== Args={'_from_bcp': True}
2020-08-10 17:55:24,931 : INFO : EventManager : Event: ======'slide_show_high_scores_created'====== Args={'_from_bcp': True}
2020-08-10 17:55:24,943 : INFO : EventManager : Event: ======'slide_show_high_scores_active'====== Args={'_from_bcp': True}
2020-08-10 17:55:25,925 : INFO : EventManager : Event: ======'slide_awesome_slide_removed'====== Args={'_from_bcp': True}
2020-08-10 17:55:25,929 : INFO : EventManager : Event: ======'slide_awesome_slide_created'====== Args={'_from_bcp': True}
2020-08-10 17:55:25,932 : INFO : EventManager : Event: ======'slide_awesome_slide_active'====== Args={'_from_bcp': True}
2020-08-10 17:55:28,924 : INFO : EventManager : Event: ======'slide_press_start_removed'====== Args={'_from_bcp': True}
2020-08-10 17:55:28,931 : INFO : EventManager : Event: ======'slide_press_start_created'====== Args={'_from_bcp': True}
2020-08-10 17:55:28,936 : INFO : EventManager : Event: ======'slide_press_start_active'====== Args={'_from_bcp': True}
2020-08-10 17:55:31,919 : INFO : EventManager : Event: ======'slide_mission_pinball_removed'====== Args={'_from_bcp': True}
2020-08-10 17:55:31,938 : INFO : EventManager : Event: ======'slide_mission_pinball_created'====== Args={'_from_bcp': True}
2020-08-10 17:55:31,939 : INFO : EventManager : Event: ======'slide_mission_pinball_active'====== Args={'_from_bcp': True}
2020-08-10 17:55:37,917 : INFO : EventManager : Event: ======'slide_GameCard_removed'====== Args={'_from_bcp': True}
2020-08-10 17:55:37,918 : INFO : EventManager : Event: ======'slide_GameCard_created'====== Args={'_from_bcp': True}
2020-08-10 17:55:37,918 : INFO : EventManager : Event: ======'slide_GameCard_active'====== Args={'_from_bcp': True}
2020-08-10 17:55:40,923 : INFO : EventManager : Event: ======'slide_HowTo_removed'====== Args={'_from_bcp': True}
2020-08-10 17:55:40,946 : INFO : EventManager : Event: ======'slide_HowTo_created'====== Args={'_from_bcp': True}
2020-08-10 17:55:40,955 : INFO : EventManager : Event: ======'slide_HowTo_active'====== Args={'_from_bcp': True}
2020-08-10 17:55:48,940 : INFO : EventManager : Event: ======'slide_last_game_score_slide1_removed'====== Args={'_from_bcp': True}
2020-08-10 17:55:48,947 : INFO : EventManager : Event: ======'slide_last_game_score_slide1_created'====== Args={'_from_bcp': True}
2020-08-10 17:55:48,954 : INFO : EventManager : Event: ======'slide_last_game_score_slide1_active'====== Args={'_from_bcp': True}
2020-08-10 17:55:56,922 : INFO : EventManager : Event: ======'slide_show_high_scores_removed'====== Args={'_from_bcp': True}
2020-08-10 17:55:56,934 : INFO : EventManager : Event: ======'slide_show_high_scores_created'====== Args={'_from_bcp': True}
2020-08-10 17:55:56,942 : INFO : EventManager : Event: ======'slide_show_high_scores_active'====== Args={'_from_bcp': True}
2020-08-10 17:55:57,923 : INFO : EventManager : Event: ======'slide_awesome_slide_removed'====== Args={'_from_bcp': True}
2020-08-10 17:55:57,927 : INFO : EventManager : Event: ======'slide_awesome_slide_created'====== Args={'_from_bcp': True}
2020-08-10 17:55:57,930 : INFO : EventManager : Event: ======'slide_awesome_slide_active'====== Args={'_from_bcp': True}
2020-08-10 17:56:00,924 : INFO : EventManager : Event: ======'slide_press_start_removed'====== Args={'_from_bcp': True}
2020-08-10 17:56:00,929 : INFO : EventManager : Event: ======'slide_press_start_created'====== Args={'_from_bcp': True}
2020-08-10 17:56:00,933 : INFO : EventManager : Event: ======'slide_press_start_active'====== Args={'_from_bcp': True}
2020-08-10 17:56:03,910 : INFO : EventManager : Event: ======'slide_mission_pinball_removed'====== Args={'_from_bcp': True}
2020-08-10 17:56:03,919 : INFO : EventManager : Event: ======'slide_mission_pinball_created'====== Args={'_from_bcp': True}
2020-08-10 17:56:03,923 : INFO : EventManager : Event: ======'slide_mission_pinball_active'====== Args={'_from_bcp': True}
2020-08-10 17:56:09,913 : INFO : EventManager : Event: ======'slide_GameCard_removed'====== Args={'_from_bcp': True}
2020-08-10 17:56:09,917 : INFO : EventManager : Event: ======'slide_GameCard_created'====== Args={'_from_bcp': True}
2020-08-10 17:56:09,919 : INFO : EventManager : Event: ======'slide_GameCard_active'====== Args={'_from_bcp': True}
2020-08-10 17:56:12,917 : INFO : EventManager : Event: ======'slide_HowTo_removed'====== Args={'_from_bcp': True}
2020-08-10 17:56:12,942 : INFO : EventManager : Event: ======'slide_HowTo_created'====== Args={'_from_bcp': True}
2020-08-10 17:56:12,949 : INFO : EventManager : Event: ======'slide_HowTo_active'====== Args={'_from_bcp': True}
2020-08-10 17:56:20,932 : INFO : EventManager : Event: ======'slide_last_game_score_slide1_removed'====== Args={'_from_bcp': True}
2020-08-10 17:56:20,954 : INFO : EventManager : Event: ======'slide_last_game_score_slide1_created'====== Args={'_from_bcp': True}
2020-08-10 17:56:20,963 : INFO : EventManager : Event: ======'slide_last_game_score_slide1_active'====== Args={'_from_bcp': True}
2020-08-10 17:56:28,922 : INFO : EventManager : Event: ======'slide_show_high_scores_removed'====== Args={'_from_bcp': True}
2020-08-10 17:56:28,938 : INFO : EventManager : Event: ======'slide_show_high_scores_created'====== Args={'_from_bcp': True}
2020-08-10 17:56:28,946 : INFO : EventManager : Event: ======'slide_show_high_scores_active'====== Args={'_from_bcp': True}
2020-08-10 17:56:29,910 : INFO : EventManager : Event: ======'slide_awesome_slide_removed'====== Args={'_from_bcp': True}
2020-08-10 17:56:29,912 : INFO : EventManager : Event: ======'slide_awesome_slide_created'====== Args={'_from_bcp': True}
2020-08-10 17:56:29,914 : INFO : EventManager : Event: ======'slide_awesome_slide_active'====== Args={'_from_bcp': True}
2020-08-10 17:56:32,909 : INFO : EventManager : Event: ======'slide_press_start_removed'====== Args={'_from_bcp': True}
2020-08-10 17:56:32,919 : INFO : EventManager : Event: ======'slide_press_start_created'====== Args={'_from_bcp': True}
2020-08-10 17:56:32,920 : INFO : EventManager : Event: ======'slide_press_start_active'====== Args={'_from_bcp': True}
2020-08-10 17:56:35,905 : INFO : EventManager : Event: ======'slide_mission_pinball_removed'====== Args={'_from_bcp': True}
2020-08-10 17:56:35,913 : INFO : EventManager : Event: ======'slide_mission_pinball_created'====== Args={'_from_bcp': True}
2020-08-10 17:56:35,917 : INFO : EventManager : Event: ======'slide_mission_pinball_active'====== Args={'_from_bcp': True}
2020-08-10 17:56:41,925 : INFO : EventManager : Event: ======'slide_GameCard_removed'====== Args={'_from_bcp': True}
2020-08-10 17:56:41,928 : INFO : EventManager : Event: ======'slide_GameCard_created'====== Args={'_from_bcp': True}
2020-08-10 17:56:41,932 : INFO : EventManager : Event: ======'slide_GameCard_active'====== Args={'_from_bcp': True}
2020-08-10 17:56:44,910 : INFO : EventManager : Event: ======'slide_HowTo_removed'====== Args={'_from_bcp': True}
2020-08-10 17:56:44,932 : INFO : EventManager : Event: ======'slide_HowTo_created'====== Args={'_from_bcp': True}
2020-08-10 17:56:44,938 : INFO : EventManager : Event: ======'slide_HowTo_active'====== Args={'_from_bcp': True}
2020-08-10 17:56:52,919 : INFO : EventManager : Event: ======'slide_last_game_score_slide1_removed'====== Args={'_from_bcp': True}
2020-08-10 17:56:52,938 : INFO : EventManager : Event: ======'slide_last_game_score_slide1_created'====== Args={'_from_bcp': True}
2020-08-10 17:56:52,948 : INFO : EventManager : Event: ======'slide_last_game_score_slide1_active'====== Args={'_from_bcp': True}
2020-08-10 17:57:00,910 : INFO : EventManager : Event: ======'slide_show_high_scores_removed'====== Args={'_from_bcp': True}
2020-08-10 17:57:00,926 : INFO : EventManager : Event: ======'slide_show_high_scores_created'====== Args={'_from_bcp': True}
2020-08-10 17:57:00,938 : INFO : EventManager : Event: ======'slide_show_high_scores_active'====== Args={'_from_bcp': True}
2020-08-10 17:57:01,926 : INFO : EventManager : Event: ======'slide_awesome_slide_removed'====== Args={'_from_bcp': True}
2020-08-10 17:57:01,936 : INFO : EventManager : Event: ======'slide_awesome_slide_created'====== Args={'_from_bcp': True}
2020-08-10 17:57:01,937 : INFO : EventManager : Event: ======'slide_awesome_slide_active'====== Args={'_from_bcp': True}
2020-08-10 17:57:04,949 : INFO : EventManager : Event: ======'slide_press_start_removed'====== Args={'_from_bcp': True}
2020-08-10 17:57:04,980 : INFO : EventManager : Event: ======'slide_press_start_created'====== Args={'_from_bcp': True}
2020-08-10 17:57:04,981 : INFO : EventManager : Event: ======'slide_press_start_active'====== Args={'_from_bcp': True}
2020-08-10 17:57:07,936 : INFO : EventManager : Event: ======'slide_mission_pinball_removed'====== Args={'_from_bcp': True}
2020-08-10 17:57:07,939 : INFO : EventManager : Event: ======'slide_mission_pinball_created'====== Args={'_from_bcp': True}
2020-08-10 17:57:07,941 : INFO : EventManager : Event: ======'slide_mission_pinball_active'====== Args={'_from_bcp': True}
2020-08-10 17:57:13,907 : INFO : EventManager : Event: ======'slide_GameCard_removed'====== Args={'_from_bcp': True}
2020-08-10 17:57:13,908 : INFO : EventManager : Event: ======'slide_GameCard_created'====== Args={'_from_bcp': True}
2020-08-10 17:57:13,911 : INFO : EventManager : Event: ======'slide_GameCard_active'====== Args={'_from_bcp': True}
2020-08-10 17:57:16,932 : INFO : EventManager : Event: ======'slide_HowTo_removed'====== Args={'_from_bcp': True}
2020-08-10 17:57:16,949 : INFO : EventManager : Event: ======'slide_HowTo_created'====== Args={'_from_bcp': True}
2020-08-10 17:57:16,956 : INFO : EventManager : Event: ======'slide_HowTo_active'====== Args={'_from_bcp': True}
2020-08-10 17:57:24,916 : INFO : EventManager : Event: ======'slide_last_game_score_slide1_removed'====== Args={'_from_bcp': True}
2020-08-10 17:57:24,937 : INFO : EventManager : Event: ======'slide_last_game_score_slide1_created'====== Args={'_from_bcp': True}
2020-08-10 17:57:24,948 : INFO : EventManager : Event: ======'slide_last_game_score_slide1_active'====== Args={'_from_bcp': True}
2020-08-10 17:57:32,920 : INFO : EventManager : Event: ======'slide_show_high_scores_removed'====== Args={'_from_bcp': True}
2020-08-10 17:57:32,934 : INFO : EventManager : Event: ======'slide_show_high_scores_created'====== Args={'_from_bcp': True}
2020-08-10 17:57:32,944 : INFO : EventManager : Event: ======'slide_show_high_scores_active'====== Args={'_from_bcp': True}
2020-08-10 17:57:33,904 : INFO : EventManager : Event: ======'slide_awesome_slide_removed'====== Args={'_from_bcp': True}
2020-08-10 17:57:33,909 : INFO : EventManager : Event: ======'slide_awesome_slide_created'====== Args={'_from_bcp': True}
2020-08-10 17:57:33,914 : INFO : EventManager : Event: ======'slide_awesome_slide_active'====== Args={'_from_bcp': True}
2020-08-10 17:57:36,914 : INFO : EventManager : Event: ======'slide_press_start_removed'====== Args={'_from_bcp': True}
2020-08-10 17:57:36,921 : INFO : EventManager : Event: ======'slide_press_start_created'====== Args={'_from_bcp': True}
2020-08-10 17:57:36,925 : INFO : EventManager : Event: ======'slide_press_start_active'====== Args={'_from_bcp': True}
2020-08-10 17:57:39,918 : INFO : EventManager : Event: ======'slide_mission_pinball_removed'====== Args={'_from_bcp': True}
2020-08-10 17:57:39,926 : INFO : EventManager : Event: ======'slide_mission_pinball_created'====== Args={'_from_bcp': True}
2020-08-10 17:57:39,931 : INFO : EventManager : Event: ======'slide_mission_pinball_active'====== Args={'_from_bcp': True}
2020-08-10 17:57:45,923 : INFO : EventManager : Event: ======'slide_GameCard_removed'====== Args={'_from_bcp': True}
2020-08-10 17:57:45,926 : INFO : EventManager : Event: ======'slide_GameCard_created'====== Args={'_from_bcp': True}
2020-08-10 17:57:45,928 : INFO : EventManager : Event: ======'slide_GameCard_active'====== Args={'_from_bcp': True}
2020-08-10 17:57:48,924 : INFO : EventManager : Event: ======'slide_HowTo_removed'====== Args={'_from_bcp': True}
2020-08-10 17:57:48,948 : INFO : EventManager : Event: ======'slide_HowTo_created'====== Args={'_from_bcp': True}
2020-08-10 17:57:48,953 : INFO : EventManager : Event: ======'slide_HowTo_active'====== Args={'_from_bcp': True}
2020-08-10 17:57:56,917 : INFO : EventManager : Event: ======'slide_last_game_score_slide1_removed'====== Args={'_from_bcp': True}
2020-08-10 17:57:56,938 : INFO : EventManager : Event: ======'slide_last_game_score_slide1_created'====== Args={'_from_bcp': True}
2020-08-10 17:57:56,949 : INFO : EventManager : Event: ======'slide_last_game_score_slide1_active'====== Args={'_from_bcp': True}
2020-08-10 17:58:04,940 : INFO : EventManager : Event: ======'slide_show_high_scores_removed'====== Args={'_from_bcp': True}
2020-08-10 17:58:04,947 : INFO : EventManager : Event: ======'slide_show_high_scores_created'====== Args={'_from_bcp': True}
2020-08-10 17:58:04,954 : INFO : EventManager : Event: ======'slide_show_high_scores_active'====== Args={'_from_bcp': True}
2020-08-10 17:58:05,921 : INFO : EventManager : Event: ======'slide_awesome_slide_removed'====== Args={'_from_bcp': True}
2020-08-10 17:58:05,925 : INFO : EventManager : Event: ======'slide_awesome_slide_created'====== Args={'_from_bcp': True}
2020-08-10 17:58:05,928 : INFO : EventManager : Event: ======'slide_awesome_slide_active'====== Args={'_from_bcp': True}
2020-08-10 17:58:08,932 : INFO : EventManager : Event: ======'slide_press_start_removed'====== Args={'_from_bcp': True}
2020-08-10 17:58:08,933 : INFO : EventManager : Event: ======'slide_press_start_created'====== Args={'_from_bcp': True}
2020-08-10 17:58:08,934 : INFO : EventManager : Event: ======'slide_press_start_active'====== Args={'_from_bcp': True}
2020-08-10 17:58:11,909 : INFO : EventManager : Event: ======'slide_mission_pinball_removed'====== Args={'_from_bcp': True}
2020-08-10 17:58:11,928 : INFO : EventManager : Event: ======'slide_mission_pinball_created'====== Args={'_from_bcp': True}
2020-08-10 17:58:11,928 : INFO : EventManager : Event: ======'slide_mission_pinball_active'====== Args={'_from_bcp': True}
2020-08-10 17:58:17,909 : INFO : EventManager : Event: ======'slide_GameCard_removed'====== Args={'_from_bcp': True}
2020-08-10 17:58:17,910 : INFO : EventManager : Event: ======'slide_GameCard_created'====== Args={'_from_bcp': True}
2020-08-10 17:58:17,912 : INFO : EventManager : Event: ======'slide_GameCard_active'====== Args={'_from_bcp': True}
2020-08-10 17:58:20,921 : INFO : EventManager : Event: ======'slide_HowTo_removed'====== Args={'_from_bcp': True}
2020-08-10 17:58:20,944 : INFO : EventManager : Event: ======'slide_HowTo_created'====== Args={'_from_bcp': True}
2020-08-10 17:58:20,960 : INFO : EventManager : Event: ======'slide_HowTo_active'====== Args={'_from_bcp': True}
2020-08-10 17:58:28,918 : INFO : EventManager : Event: ======'slide_last_game_score_slide1_removed'====== Args={'_from_bcp': True}
2020-08-10 17:58:28,939 : INFO : EventManager : Event: ======'slide_last_game_score_slide1_created'====== Args={'_from_bcp': True}
2020-08-10 17:58:28,946 : INFO : EventManager : Event: ======'slide_last_game_score_slide1_active'====== Args={'_from_bcp': True}
2020-08-10 17:58:36,926 : INFO : EventManager : Event: ======'slide_show_high_scores_removed'====== Args={'_from_bcp': True}
2020-08-10 17:58:36,940 : INFO : EventManager : Event: ======'slide_show_high_scores_created'====== Args={'_from_bcp': True}
2020-08-10 17:58:36,951 : INFO : EventManager : Event: ======'slide_show_high_scores_active'====== Args={'_from_bcp': True}
2020-08-10 17:58:37,932 : INFO : EventManager : Event: ======'slide_awesome_slide_removed'====== Args={'_from_bcp': True}
2020-08-10 17:58:37,936 : INFO : EventManager : Event: ======'slide_awesome_slide_created'====== Args={'_from_bcp': True}
2020-08-10 17:58:37,938 : INFO : EventManager : Event: ======'slide_awesome_slide_active'====== Args={'_from_bcp': True}
2020-08-10 17:58:40,921 : INFO : EventManager : Event: ======'slide_press_start_removed'====== Args={'_from_bcp': True}
2020-08-10 17:58:40,927 : INFO : EventManager : Event: ======'slide_press_start_created'====== Args={'_from_bcp': True}
2020-08-10 17:58:40,937 : INFO : EventManager : Event: ======'slide_press_start_active'====== Args={'_from_bcp': True}
2020-08-10 17:58:43,918 : INFO : EventManager : Event: ======'slide_mission_pinball_removed'====== Args={'_from_bcp': True}
2020-08-10 17:58:43,937 : INFO : EventManager : Event: ======'slide_mission_pinball_created'====== Args={'_from_bcp': True}
2020-08-10 17:58:43,938 : INFO : EventManager : Event: ======'slide_mission_pinball_active'====== Args={'_from_bcp': True}
2020-08-10 17:58:49,913 : INFO : EventManager : Event: ======'slide_GameCard_removed'====== Args={'_from_bcp': True}
2020-08-10 17:58:49,918 : INFO : EventManager : Event: ======'slide_GameCard_created'====== Args={'_from_bcp': True}
2020-08-10 17:58:49,920 : INFO : EventManager : Event: ======'slide_GameCard_active'====== Args={'_from_bcp': True}
2020-08-10 17:58:52,915 : INFO : EventManager : Event: ======'slide_HowTo_removed'====== Args={'_from_bcp': True}
2020-08-10 17:58:52,938 : INFO : EventManager : Event: ======'slide_HowTo_created'====== Args={'_from_bcp': True}
2020-08-10 17:58:52,946 : INFO : EventManager : Event: ======'slide_HowTo_active'====== Args={'_from_bcp': True}
2020-08-10 17:59:00,920 : INFO : EventManager : Event: ======'slide_last_game_score_slide1_removed'====== Args={'_from_bcp': True}
2020-08-10 17:59:00,995 : INFO : EventManager : Event: ======'slide_last_game_score_slide1_created'====== Args={'_from_bcp': True}
2020-08-10 17:59:01,004 : INFO : EventManager : Event: ======'slide_last_game_score_slide1_active'====== Args={'_from_bcp': True}
2020-08-10 17:59:08,919 : INFO : EventManager : Event: ======'slide_show_high_scores_removed'====== Args={'_from_bcp': True}
2020-08-10 17:59:08,935 : INFO : EventManager : Event: ======'slide_show_high_scores_created'====== Args={'_from_bcp': True}
2020-08-10 17:59:08,943 : INFO : EventManager : Event: ======'slide_show_high_scores_active'====== Args={'_from_bcp': True}
2020-08-10 17:59:09,915 : INFO : EventManager : Event: ======'slide_awesome_slide_removed'====== Args={'_from_bcp': True}
2020-08-10 17:59:09,920 : INFO : EventManager : Event: ======'slide_awesome_slide_created'====== Args={'_from_bcp': True}
2020-08-10 17:59:09,923 : INFO : EventManager : Event: ======'slide_awesome_slide_active'====== Args={'_from_bcp': True}
2020-08-10 17:59:12,920 : INFO : EventManager : Event: ======'slide_press_start_removed'====== Args={'_from_bcp': True}
2020-08-10 17:59:12,926 : INFO : EventManager : Event: ======'slide_press_start_created'====== Args={'_from_bcp': True}
2020-08-10 17:59:12,930 : INFO : EventManager : Event: ======'slide_press_start_active'====== Args={'_from_bcp': True}
2020-08-10 17:59:15,926 : INFO : EventManager : Event: ======'slide_mission_pinball_removed'====== Args={'_from_bcp': True}
2020-08-10 17:59:15,954 : INFO : EventManager : Event: ======'slide_mission_pinball_created'====== Args={'_from_bcp': True}
2020-08-10 17:59:15,955 : INFO : EventManager : Event: ======'slide_mission_pinball_active'====== Args={'_from_bcp': True}
2020-08-10 17:59:21,905 : INFO : EventManager : Event: ======'slide_GameCard_removed'====== Args={'_from_bcp': True}
2020-08-10 17:59:21,909 : INFO : EventManager : Event: ======'slide_GameCard_created'====== Args={'_from_bcp': True}
2020-08-10 17:59:21,911 : INFO : EventManager : Event: ======'slide_GameCard_active'====== Args={'_from_bcp': True}
2020-08-10 17:59:24,917 : INFO : EventManager : Event: ======'slide_HowTo_removed'====== Args={'_from_bcp': True}
2020-08-10 17:59:24,940 : INFO : EventManager : Event: ======'slide_HowTo_created'====== Args={'_from_bcp': True}
2020-08-10 17:59:24,948 : INFO : EventManager : Event: ======'slide_HowTo_active'====== Args={'_from_bcp': True}
2020-08-10 17:59:32,919 : INFO : EventManager : Event: ======'slide_last_game_score_slide1_removed'====== Args={'_from_bcp': True}
2020-08-10 17:59:32,935 : INFO : EventManager : Event: ======'slide_last_game_score_slide1_created'====== Args={'_from_bcp': True}
2020-08-10 17:59:32,942 : INFO : EventManager : Event: ======'slide_last_game_score_slide1_active'====== Args={'_from_bcp': True}
2020-08-10 17:59:40,907 : INFO : EventManager : Event: ======'slide_show_high_scores_removed'====== Args={'_from_bcp': True}
2020-08-10 17:59:40,925 : INFO : EventManager : Event: ======'slide_show_high_scores_created'====== Args={'_from_bcp': True}
2020-08-10 17:59:40,939 : INFO : EventManager : Event: ======'slide_show_high_scores_active'====== Args={'_from_bcp': True}
2020-08-10 17:59:41,921 : INFO : EventManager : Event: ======'slide_awesome_slide_removed'====== Args={'_from_bcp': True}
2020-08-10 17:59:41,922 : INFO : EventManager : Event: ======'slide_awesome_slide_created'====== Args={'_from_bcp': True}
2020-08-10 17:59:41,925 : INFO : EventManager : Event: ======'slide_awesome_slide_active'====== Args={'_from_bcp': True}
2020-08-10 17:59:44,936 : INFO : EventManager : Event: ======'slide_press_start_removed'====== Args={'_from_bcp': True}
2020-08-10 17:59:44,938 : INFO : EventManager : Event: ======'slide_press_start_created'====== Args={'_from_bcp': True}
2020-08-10 17:59:44,939 : INFO : EventManager : Event: ======'slide_press_start_active'====== Args={'_from_bcp': True}
2020-08-10 17:59:47,932 : INFO : EventManager : Event: ======'slide_mission_pinball_removed'====== Args={'_from_bcp': True}
2020-08-10 17:59:47,934 : INFO : EventManager : Event: ======'slide_mission_pinball_created'====== Args={'_from_bcp': True}
2020-08-10 17:59:47,934 : INFO : EventManager : Event: ======'slide_mission_pinball_active'====== Args={'_from_bcp': True}
2020-08-10 17:59:53,922 : INFO : EventManager : Event: ======'slide_GameCard_removed'====== Args={'_from_bcp': True}
2020-08-10 17:59:53,925 : INFO : EventManager : Event: ======'slide_GameCard_created'====== Args={'_from_bcp': True}
2020-08-10 17:59:53,927 : INFO : EventManager : Event: ======'slide_GameCard_active'====== Args={'_from_bcp': True}
2020-08-10 17:59:56,949 : INFO : EventManager : Event: ======'slide_HowTo_removed'====== Args={'_from_bcp': True}
2020-08-10 17:59:56,956 : INFO : EventManager : Event: ======'slide_HowTo_created'====== Args={'_from_bcp': True}
2020-08-10 17:59:56,962 : INFO : EventManager : Event: ======'slide_HowTo_active'====== Args={'_from_bcp': True}
2020-08-10 18:00:04,917 : INFO : EventManager : Event: ======'slide_last_game_score_slide1_removed'====== Args={'_from_bcp': True}
2020-08-10 18:00:04,937 : INFO : EventManager : Event: ======'slide_last_game_score_slide1_created'====== Args={'_from_bcp': True}
2020-08-10 18:00:04,946 : INFO : EventManager : Event: ======'slide_last_game_score_slide1_active'====== Args={'_from_bcp': True}
2020-08-10 18:00:12,915 : INFO : EventManager : Event: ======'slide_show_high_scores_removed'====== Args={'_from_bcp': True}
2020-08-10 18:00:12,933 : INFO : EventManager : Event: ======'slide_show_high_scores_created'====== Args={'_from_bcp': True}
2020-08-10 18:00:12,945 : INFO : EventManager : Event: ======'slide_show_high_scores_active'====== Args={'_from_bcp': True}
2020-08-10 18:00:13,920 : INFO : EventManager : Event: ======'slide_awesome_slide_removed'====== Args={'_from_bcp': True}
2020-08-10 18:00:13,924 : INFO : EventManager : Event: ======'slide_awesome_slide_created'====== Args={'_from_bcp': True}
2020-08-10 18:00:13,927 : INFO : EventManager : Event: ======'slide_awesome_slide_active'====== Args={'_from_bcp': True}
2020-08-10 18:00:16,916 : INFO : EventManager : Event: ======'slide_press_start_removed'====== Args={'_from_bcp': True}
2020-08-10 18:00:16,919 : INFO : EventManager : Event: ======'slide_press_start_created'====== Args={'_from_bcp': True}
2020-08-10 18:00:16,924 : INFO : EventManager : Event: ======'slide_press_start_active'====== Args={'_from_bcp': True}
2020-08-10 18:00:19,908 : INFO : EventManager : Event: ======'slide_mission_pinball_removed'====== Args={'_from_bcp': True}
2020-08-10 18:00:19,918 : INFO : EventManager : Event: ======'slide_mission_pinball_created'====== Args={'_from_bcp': True}
2020-08-10 18:00:19,923 : INFO : EventManager : Event: ======'slide_mission_pinball_active'====== Args={'_from_bcp': True}
2020-08-10 18:00:25,919 : INFO : EventManager : Event: ======'slide_GameCard_removed'====== Args={'_from_bcp': True}
2020-08-10 18:00:25,923 : INFO : EventManager : Event: ======'slide_GameCard_created'====== Args={'_from_bcp': True}
2020-08-10 18:00:25,925 : INFO : EventManager : Event: ======'slide_GameCard_active'====== Args={'_from_bcp': True}
2020-08-10 18:00:28,918 : INFO : EventManager : Event: ======'slide_HowTo_removed'====== Args={'_from_bcp': True}
2020-08-10 18:00:28,941 : INFO : EventManager : Event: ======'slide_HowTo_created'====== Args={'_from_bcp': True}
2020-08-10 18:00:28,947 : INFO : EventManager : Event: ======'slide_HowTo_active'====== Args={'_from_bcp': True}
2020-08-10 18:00:36,931 : INFO : EventManager : Event: ======'slide_last_game_score_slide1_removed'====== Args={'_from_bcp': True}
2020-08-10 18:00:36,952 : INFO : EventManager : Event: ======'slide_last_game_score_slide1_created'====== Args={'_from_bcp': True}
2020-08-10 18:00:36,959 : INFO : EventManager : Event: ======'slide_last_game_score_slide1_active'====== Args={'_from_bcp': True}
2020-08-10 18:00:44,912 : INFO : EventManager : Event: ======'slide_show_high_scores_removed'====== Args={'_from_bcp': True}
2020-08-10 18:00:44,928 : INFO : EventManager : Event: ======'slide_show_high_scores_created'====== Args={'_from_bcp': True}
2020-08-10 18:00:44,936 : INFO : EventManager : Event: ======'slide_show_high_scores_active'====== Args={'_from_bcp': True}
2020-08-10 18:00:45,914 : INFO : EventManager : Event: ======'slide_awesome_slide_removed'====== Args={'_from_bcp': True}
2020-08-10 18:00:45,914 : INFO : EventManager : Event: ======'slide_awesome_slide_created'====== Args={'_from_bcp': True}
2020-08-10 18:00:45,917 : INFO : EventManager : Event: ======'slide_awesome_slide_active'====== Args={'_from_bcp': True}
2020-08-10 18:00:48,925 : INFO : EventManager : Event: ======'slide_press_start_removed'====== Args={'_from_bcp': True}
2020-08-10 18:00:48,926 : INFO : EventManager : Event: ======'slide_press_start_created'====== Args={'_from_bcp': True}
2020-08-10 18:00:48,927 : INFO : EventManager : Event: ======'slide_press_start_active'====== Args={'_from_bcp': True}
2020-08-10 18:00:51,918 : INFO : EventManager : Event: ======'slide_mission_pinball_removed'====== Args={'_from_bcp': True}
2020-08-10 18:00:51,984 : INFO : EventManager : Event: ======'slide_mission_pinball_created'====== Args={'_from_bcp': True}
2020-08-10 18:00:51,989 : INFO : EventManager : Event: ======'slide_mission_pinball_active'====== Args={'_from_bcp': True}
2020-08-10 18:00:57,913 : INFO : EventManager : Event: ======'slide_GameCard_removed'====== Args={'_from_bcp': True}
2020-08-10 18:00:57,916 : INFO : EventManager : Event: ======'slide_GameCard_created'====== Args={'_from_bcp': True}
2020-08-10 18:00:57,918 : INFO : EventManager : Event: ======'slide_GameCard_active'====== Args={'_from_bcp': True}
2020-08-10 18:01:00,920 : INFO : EventManager : Event: ======'slide_HowTo_removed'====== Args={'_from_bcp': True}
2020-08-10 18:01:00,936 : INFO : EventManager : Event: ======'slide_HowTo_created'====== Args={'_from_bcp': True}
2020-08-10 18:01:00,943 : INFO : EventManager : Event: ======'slide_HowTo_active'====== Args={'_from_bcp': True}
2020-08-10 18:01:08,919 : INFO : EventManager : Event: ======'slide_last_game_score_slide1_removed'====== Args={'_from_bcp': True}
2020-08-10 18:01:08,936 : INFO : EventManager : Event: ======'slide_last_game_score_slide1_created'====== Args={'_from_bcp': True}
2020-08-10 18:01:08,943 : INFO : EventManager : Event: ======'slide_last_game_score_slide1_active'====== Args={'_from_bcp': True}
2020-08-10 18:01:16,907 : INFO : EventManager : Event: ======'slide_show_high_scores_removed'====== Args={'_from_bcp': True}
2020-08-10 18:01:16,918 : INFO : EventManager : Event: ======'slide_show_high_scores_created'====== Args={'_from_bcp': True}
2020-08-10 18:01:16,926 : INFO : EventManager : Event: ======'slide_show_high_scores_active'====== Args={'_from_bcp': True}
2020-08-10 18:01:17,908 : INFO : EventManager : Event: ======'slide_awesome_slide_removed'====== Args={'_from_bcp': True}
2020-08-10 18:01:17,909 : INFO : EventManager : Event: ======'slide_awesome_slide_created'====== Args={'_from_bcp': True}
2020-08-10 18:01:17,909 : INFO : EventManager : Event: ======'slide_awesome_slide_active'====== Args={'_from_bcp': True}
2020-08-10 18:01:20,916 : INFO : EventManager : Event: ======'slide_press_start_removed'====== Args={'_from_bcp': True}
2020-08-10 18:01:20,922 : INFO : EventManager : Event: ======'slide_press_start_created'====== Args={'_from_bcp': True}
2020-08-10 18:01:20,930 : INFO : EventManager : Event: ======'slide_press_start_active'====== Args={'_from_bcp': True}
2020-08-10 18:01:23,932 : INFO : EventManager : Event: ======'slide_mission_pinball_removed'====== Args={'_from_bcp': True}
2020-08-10 18:01:23,932 : INFO : EventManager : Event: ======'slide_mission_pinball_created'====== Args={'_from_bcp': True}
2020-08-10 18:01:23,935 : INFO : EventManager : Event: ======'slide_mission_pinball_active'====== Args={'_from_bcp': True}
2020-08-10 18:01:29,913 : INFO : EventManager : Event: ======'slide_GameCard_removed'====== Args={'_from_bcp': True}
2020-08-10 18:01:29,920 : INFO : EventManager : Event: ======'slide_GameCard_created'====== Args={'_from_bcp': True}
2020-08-10 18:01:29,920 : INFO : EventManager : Event: ======'slide_GameCard_active'====== Args={'_from_bcp': True}
2020-08-10 18:01:32,928 : INFO : EventManager : Event: ======'slide_HowTo_removed'====== Args={'_from_bcp': True}
2020-08-10 18:01:32,967 : INFO : EventManager : Event: ======'slide_HowTo_created'====== Args={'_from_bcp': True}
2020-08-10 18:01:32,968 : INFO : EventManager : Event: ======'slide_HowTo_active'====== Args={'_from_bcp': True}
2020-08-10 18:01:40,941 : INFO : EventManager : Event: ======'slide_last_game_score_slide1_removed'====== Args={'_from_bcp': True}
2020-08-10 18:01:40,945 : INFO : EventManager : Event: ======'slide_last_game_score_slide1_created'====== Args={'_from_bcp': True}
2020-08-10 18:01:40,955 : INFO : EventManager : Event: ======'slide_last_game_score_slide1_active'====== Args={'_from_bcp': True}
2020-08-10 18:01:48,919 : INFO : EventManager : Event: ======'slide_show_high_scores_removed'====== Args={'_from_bcp': True}
2020-08-10 18:01:48,934 : INFO : EventManager : Event: ======'slide_show_high_scores_created'====== Args={'_from_bcp': True}
2020-08-10 18:01:48,949 : INFO : EventManager : Event: ======'slide_show_high_scores_active'====== Args={'_from_bcp': True}
2020-08-10 18:01:49,918 : INFO : EventManager : Event: ======'slide_awesome_slide_removed'====== Args={'_from_bcp': True}
2020-08-10 18:01:49,918 : INFO : EventManager : Event: ======'slide_awesome_slide_created'====== Args={'_from_bcp': True}
2020-08-10 18:01:49,919 : INFO : EventManager : Event: ======'slide_awesome_slide_active'====== Args={'_from_bcp': True}
2020-08-10 18:01:52,927 : INFO : EventManager : Event: ======'slide_press_start_removed'====== Args={'_from_bcp': True}
2020-08-10 18:01:52,942 : INFO : EventManager : Event: ======'slide_press_start_created'====== Args={'_from_bcp': True}
2020-08-10 18:01:52,943 : INFO : EventManager : Event: ======'slide_press_start_active'====== Args={'_from_bcp': True}
2020-08-10 18:01:55,916 : INFO : EventManager : Event: ======'slide_mission_pinball_removed'====== Args={'_from_bcp': True}
2020-08-10 18:01:55,922 : INFO : EventManager : Event: ======'slide_mission_pinball_created'====== Args={'_from_bcp': True}
2020-08-10 18:01:55,924 : INFO : EventManager : Event: ======'slide_mission_pinball_active'====== Args={'_from_bcp': True}
2020-08-10 18:02:01,932 : INFO : EventManager : Event: ======'slide_GameCard_removed'====== Args={'_from_bcp': True}
2020-08-10 18:02:01,932 : INFO : EventManager : Event: ======'slide_GameCard_created'====== Args={'_from_bcp': True}
2020-08-10 18:02:01,933 : INFO : EventManager : Event: ======'slide_GameCard_active'====== Args={'_from_bcp': True}
2020-08-10 18:02:04,933 : INFO : EventManager : Event: ======'slide_HowTo_removed'====== Args={'_from_bcp': True}
2020-08-10 18:02:04,944 : INFO : EventManager : Event: ======'slide_HowTo_created'====== Args={'_from_bcp': True}
2020-08-10 18:02:04,955 : INFO : EventManager : Event: ======'slide_HowTo_active'====== Args={'_from_bcp': True}
2020-08-10 18:02:12,927 : INFO : EventManager : Event: ======'slide_last_game_score_slide1_removed'====== Args={'_from_bcp': True}
2020-08-10 18:02:12,960 : INFO : EventManager : Event: ======'slide_last_game_score_slide1_created'====== Args={'_from_bcp': True}
2020-08-10 18:02:12,961 : INFO : EventManager : Event: ======'slide_last_game_score_slide1_active'====== Args={'_from_bcp': True}
2020-08-10 18:02:20,936 : INFO : EventManager : Event: ======'slide_show_high_scores_removed'====== Args={'_from_bcp': True}
2020-08-10 18:02:20,944 : INFO : EventManager : Event: ======'slide_show_high_scores_created'====== Args={'_from_bcp': True}
2020-08-10 18:02:20,958 : INFO : EventManager : Event: ======'slide_show_high_scores_active'====== Args={'_from_bcp': True}
2020-08-10 18:02:21,911 : INFO : EventManager : Event: ======'slide_awesome_slide_removed'====== Args={'_from_bcp': True}
2020-08-10 18:02:21,915 : INFO : EventManager : Event: ======'slide_awesome_slide_created'====== Args={'_from_bcp': True}
2020-08-10 18:02:21,917 : INFO : EventManager : Event: ======'slide_awesome_slide_active'====== Args={'_from_bcp': True}
2020-08-10 18:02:24,908 : INFO : EventManager : Event: ======'slide_press_start_removed'====== Args={'_from_bcp': True}
2020-08-10 18:02:24,916 : INFO : EventManager : Event: ======'slide_press_start_created'====== Args={'_from_bcp': True}
2020-08-10 18:02:24,922 : INFO : EventManager : Event: ======'slide_press_start_active'====== Args={'_from_bcp': True}
2020-08-10 18:02:27,924 : INFO : EventManager : Event: ======'slide_mission_pinball_removed'====== Args={'_from_bcp': True}
2020-08-10 18:02:27,930 : INFO : EventManager : Event: ======'slide_mission_pinball_created'====== Args={'_from_bcp': True}
2020-08-10 18:02:27,933 : INFO : EventManager : Event: ======'slide_mission_pinball_active'====== Args={'_from_bcp': True}
2020-08-10 18:02:33,916 : INFO : EventManager : Event: ======'slide_GameCard_removed'====== Args={'_from_bcp': True}
2020-08-10 18:02:33,919 : INFO : EventManager : Event: ======'slide_GameCard_created'====== Args={'_from_bcp': True}
2020-08-10 18:02:33,921 : INFO : EventManager : Event: ======'slide_GameCard_active'====== Args={'_from_bcp': True}
2020-08-10 18:02:36,927 : INFO : EventManager : Event: ======'slide_HowTo_removed'====== Args={'_from_bcp': True}
2020-08-10 18:02:36,951 : INFO : EventManager : Event: ======'slide_HowTo_created'====== Args={'_from_bcp': True}
2020-08-10 18:02:36,962 : INFO : EventManager : Event: ======'slide_HowTo_active'====== Args={'_from_bcp': True}
2020-08-10 18:02:44,910 : INFO : EventManager : Event: ======'slide_last_game_score_slide1_removed'====== Args={'_from_bcp': True}
2020-08-10 18:02:44,989 : INFO : EventManager : Event: ======'slide_last_game_score_slide1_created'====== Args={'_from_bcp': True}
2020-08-10 18:02:44,998 : INFO : EventManager : Event: ======'slide_last_game_score_slide1_active'====== Args={'_from_bcp': True}
2020-08-10 18:02:52,921 : INFO : EventManager : Event: ======'slide_show_high_scores_removed'====== Args={'_from_bcp': True}
2020-08-10 18:02:52,954 : INFO : EventManager : Event: ======'slide_show_high_scores_created'====== Args={'_from_bcp': True}
2020-08-10 18:02:52,955 : INFO : EventManager : Event: ======'slide_show_high_scores_active'====== Args={'_from_bcp': True}
2020-08-10 18:02:53,944 : INFO : EventManager : Event: ======'slide_awesome_slide_removed'====== Args={'_from_bcp': True}
2020-08-10 18:02:53,945 : INFO : EventManager : Event: ======'slide_awesome_slide_created'====== Args={'_from_bcp': True}
2020-08-10 18:02:53,946 : INFO : EventManager : Event: ======'slide_awesome_slide_active'====== Args={'_from_bcp': True}
2020-08-10 18:02:56,902 : INFO : EventManager : Event: ======'slide_press_start_removed'====== Args={'_from_bcp': True}
2020-08-10 18:02:56,904 : INFO : EventManager : Event: ======'slide_press_start_created'====== Args={'_from_bcp': True}
2020-08-10 18:02:56,908 : INFO : EventManager : Event: ======'slide_press_start_active'====== Args={'_from_bcp': True}
2020-08-10 18:02:59,932 : INFO : EventManager : Event: ======'slide_mission_pinball_removed'====== Args={'_from_bcp': True}
2020-08-10 18:02:59,941 : INFO : EventManager : Event: ======'slide_mission_pinball_created'====== Args={'_from_bcp': True}
2020-08-10 18:02:59,945 : INFO : EventManager : Event: ======'slide_mission_pinball_active'====== Args={'_from_bcp': True}
2020-08-10 18:03:00,508 : INFO : Mode.credits : Clearing fractional credits.
2020-08-10 18:03:05,917 : INFO : EventManager : Event: ======'slide_GameCard_removed'====== Args={'_from_bcp': True}
2020-08-10 18:03:05,918 : INFO : EventManager : Event: ======'slide_GameCard_created'====== Args={'_from_bcp': True}
2020-08-10 18:03:05,918 : INFO : EventManager : Event: ======'slide_GameCard_active'====== Args={'_from_bcp': True}
2020-08-10 18:03:08,918 : INFO : EventManager : Event: ======'slide_HowTo_removed'====== Args={'_from_bcp': True}
2020-08-10 18:03:08,959 : INFO : EventManager : Event: ======'slide_HowTo_created'====== Args={'_from_bcp': True}
2020-08-10 18:03:08,959 : INFO : EventManager : Event: ======'slide_HowTo_active'====== Args={'_from_bcp': True}
2020-08-10 18:03:16,941 : INFO : EventManager : Event: ======'slide_last_game_score_slide1_removed'====== Args={'_from_bcp': True}
2020-08-10 18:03:16,946 : INFO : EventManager : Event: ======'slide_last_game_score_slide1_created'====== Args={'_from_bcp': True}
2020-08-10 18:03:16,953 : INFO : EventManager : Event: ======'slide_last_game_score_slide1_active'====== Args={'_from_bcp': True}
2020-08-10 18:03:24,933 : INFO : EventManager : Event: ======'slide_show_high_scores_removed'====== Args={'_from_bcp': True}
2020-08-10 18:03:24,940 : INFO : EventManager : Event: ======'slide_show_high_scores_created'====== Args={'_from_bcp': True}
2020-08-10 18:03:24,953 : INFO : EventManager : Event: ======'slide_show_high_scores_active'====== Args={'_from_bcp': True}
2020-08-10 18:03:25,919 : INFO : EventManager : Event: ======'slide_awesome_slide_removed'====== Args={'_from_bcp': True}
2020-08-10 18:03:25,919 : INFO : EventManager : Event: ======'slide_awesome_slide_created'====== Args={'_from_bcp': True}
2020-08-10 18:03:25,925 : INFO : EventManager : Event: ======'slide_awesome_slide_active'====== Args={'_from_bcp': True}
2020-08-10 18:03:28,932 : INFO : EventManager : Event: ======'slide_press_start_removed'====== Args={'_from_bcp': True}
2020-08-10 18:03:28,948 : INFO : EventManager : Event: ======'slide_press_start_created'====== Args={'_from_bcp': True}
2020-08-10 18:03:28,949 : INFO : EventManager : Event: ======'slide_press_start_active'====== Args={'_from_bcp': True}
2020-08-10 18:03:31,910 : INFO : EventManager : Event: ======'slide_mission_pinball_removed'====== Args={'_from_bcp': True}
2020-08-10 18:03:31,918 : INFO : EventManager : Event: ======'slide_mission_pinball_created'====== Args={'_from_bcp': True}
2020-08-10 18:03:31,923 : INFO : EventManager : Event: ======'slide_mission_pinball_active'====== Args={'_from_bcp': True}
2020-08-10 18:03:37,913 : INFO : EventManager : Event: ======'slide_GameCard_removed'====== Args={'_from_bcp': True}
2020-08-10 18:03:37,915 : INFO : EventManager : Event: ======'slide_GameCard_created'====== Args={'_from_bcp': True}
2020-08-10 18:03:37,917 : INFO : EventManager : Event: ======'slide_GameCard_active'====== Args={'_from_bcp': True}
2020-08-10 18:03:40,938 : INFO : EventManager : Event: ======'slide_HowTo_removed'====== Args={'_from_bcp': True}
2020-08-10 18:03:40,945 : INFO : EventManager : Event: ======'slide_HowTo_created'====== Args={'_from_bcp': True}
2020-08-10 18:03:40,965 : INFO : EventManager : Event: ======'slide_HowTo_active'====== Args={'_from_bcp': True}
2020-08-10 18:03:48,924 : INFO : EventManager : Event: ======'slide_last_game_score_slide1_removed'====== Args={'_from_bcp': True}
2020-08-10 18:03:48,956 : INFO : EventManager : Event: ======'slide_last_game_score_slide1_created'====== Args={'_from_bcp': True}
2020-08-10 18:03:48,957 : INFO : EventManager : Event: ======'slide_last_game_score_slide1_active'====== Args={'_from_bcp': True}
2020-08-10 18:03:56,909 : INFO : EventManager : Event: ======'slide_show_high_scores_removed'====== Args={'_from_bcp': True}
2020-08-10 18:03:56,936 : INFO : EventManager : Event: ======'slide_show_high_scores_created'====== Args={'_from_bcp': True}
2020-08-10 18:03:56,937 : INFO : EventManager : Event: ======'slide_show_high_scores_active'====== Args={'_from_bcp': True}
2020-08-10 18:03:57,934 : INFO : EventManager : Event: ======'slide_awesome_slide_removed'====== Args={'_from_bcp': True}
2020-08-10 18:03:57,935 : INFO : EventManager : Event: ======'slide_awesome_slide_created'====== Args={'_from_bcp': True}
2020-08-10 18:03:57,935 : INFO : EventManager : Event: ======'slide_awesome_slide_active'====== Args={'_from_bcp': True}
2020-08-10 18:04:00,919 : INFO : EventManager : Event: ======'slide_press_start_removed'====== Args={'_from_bcp': True}
2020-08-10 18:04:00,933 : INFO : EventManager : Event: ======'slide_press_start_created'====== Args={'_from_bcp': True}
2020-08-10 18:04:00,935 : INFO : EventManager : Event: ======'slide_press_start_active'====== Args={'_from_bcp': True}
2020-08-10 18:04:03,927 : INFO : EventManager : Event: ======'slide_mission_pinball_removed'====== Args={'_from_bcp': True}
2020-08-10 18:04:03,928 : INFO : EventManager : Event: ======'slide_mission_pinball_created'====== Args={'_from_bcp': True}
2020-08-10 18:04:03,933 : INFO : EventManager : Event: ======'slide_mission_pinball_active'====== Args={'_from_bcp': True}
2020-08-10 18:04:09,919 : INFO : EventManager : Event: ======'slide_GameCard_removed'====== Args={'_from_bcp': True}
2020-08-10 18:04:09,922 : INFO : EventManager : Event: ======'slide_GameCard_created'====== Args={'_from_bcp': True}
2020-08-10 18:04:09,924 : INFO : EventManager : Event: ======'slide_GameCard_active'====== Args={'_from_bcp': True}
2020-08-10 18:04:12,918 : INFO : EventManager : Event: ======'slide_HowTo_removed'====== Args={'_from_bcp': True}
2020-08-10 18:04:12,956 : INFO : EventManager : Event: ======'slide_HowTo_created'====== Args={'_from_bcp': True}
2020-08-10 18:04:12,957 : INFO : EventManager : Event: ======'slide_HowTo_active'====== Args={'_from_bcp': True}
2020-08-10 18:04:20,930 : INFO : EventManager : Event: ======'slide_last_game_score_slide1_removed'====== Args={'_from_bcp': True}
2020-08-10 18:04:20,943 : INFO : EventManager : Event: ======'slide_last_game_score_slide1_created'====== Args={'_from_bcp': True}
2020-08-10 18:04:20,966 : INFO : EventManager : Event: ======'slide_last_game_score_slide1_active'====== Args={'_from_bcp': True}
2020-08-10 18:04:28,925 : INFO : EventManager : Event: ======'slide_show_high_scores_removed'====== Args={'_from_bcp': True}
2020-08-10 18:04:28,962 : INFO : EventManager : Event: ======'slide_show_high_scores_created'====== Args={'_from_bcp': True}
2020-08-10 18:04:28,962 : INFO : EventManager : Event: ======'slide_show_high_scores_active'====== Args={'_from_bcp': True}
2020-08-10 18:04:29,914 : INFO : EventManager : Event: ======'slide_awesome_slide_removed'====== Args={'_from_bcp': True}
2020-08-10 18:04:29,916 : INFO : EventManager : Event: ======'slide_awesome_slide_created'====== Args={'_from_bcp': True}
2020-08-10 18:04:29,919 : INFO : EventManager : Event: ======'slide_awesome_slide_active'====== Args={'_from_bcp': True}
2020-08-10 18:04:32,912 : INFO : EventManager : Event: ======'slide_press_start_removed'====== Args={'_from_bcp': True}
2020-08-10 18:04:32,920 : INFO : EventManager : Event: ======'slide_press_start_created'====== Args={'_from_bcp': True}
2020-08-10 18:04:32,924 : INFO : EventManager : Event: ======'slide_press_start_active'====== Args={'_from_bcp': True}
2020-08-10 18:04:35,942 : INFO : EventManager : Event: ======'slide_mission_pinball_removed'====== Args={'_from_bcp': True}
2020-08-10 18:04:35,943 : INFO : EventManager : Event: ======'slide_mission_pinball_created'====== Args={'_from_bcp': True}
2020-08-10 18:04:35,943 : INFO : EventManager : Event: ======'slide_mission_pinball_active'====== Args={'_from_bcp': True}
2020-08-10 18:04:41,911 : INFO : EventManager : Event: ======'slide_GameCard_removed'====== Args={'_from_bcp': True}
2020-08-10 18:04:41,977 : INFO : EventManager : Event: ======'slide_GameCard_created'====== Args={'_from_bcp': True}
2020-08-10 18:04:41,980 : INFO : EventManager : Event: ======'slide_GameCard_active'====== Args={'_from_bcp': True}
2020-08-10 18:04:44,920 : INFO : EventManager : Event: ======'slide_HowTo_removed'====== Args={'_from_bcp': True}
2020-08-10 18:04:44,957 : INFO : EventManager : Event: ======'slide_HowTo_created'====== Args={'_from_bcp': True}
2020-08-10 18:04:44,958 : INFO : EventManager : Event: ======'slide_HowTo_active'====== Args={'_from_bcp': True}
2020-08-10 18:04:52,917 : INFO : EventManager : Event: ======'slide_last_game_score_slide1_removed'====== Args={'_from_bcp': True}
2020-08-10 18:04:52,959 : INFO : EventManager : Event: ======'slide_last_game_score_slide1_created'====== Args={'_from_bcp': True}
2020-08-10 18:04:52,960 : INFO : EventManager : Event: ======'slide_last_game_score_slide1_active'====== Args={'_from_bcp': True}
2020-08-10 18:05:00,910 : INFO : EventManager : Event: ======'slide_show_high_scores_removed'====== Args={'_from_bcp': True}
2020-08-10 18:05:00,945 : INFO : EventManager : Event: ======'slide_show_high_scores_created'====== Args={'_from_bcp': True}
2020-08-10 18:05:00,946 : INFO : EventManager : Event: ======'slide_show_high_scores_active'====== Args={'_from_bcp': True}
2020-08-10 18:05:01,916 : INFO : EventManager : Event: ======'slide_awesome_slide_removed'====== Args={'_from_bcp': True}
2020-08-10 18:05:01,924 : INFO : EventManager : Event: ======'slide_awesome_slide_created'====== Args={'_from_bcp': True}
2020-08-10 18:05:01,924 : INFO : EventManager : Event: ======'slide_awesome_slide_active'====== Args={'_from_bcp': True}
2020-08-10 18:05:04,906 : INFO : EventManager : Event: ======'slide_press_start_removed'====== Args={'_from_bcp': True}
2020-08-10 18:05:04,917 : INFO : EventManager : Event: ======'slide_press_start_created'====== Args={'_from_bcp': True}
2020-08-10 18:05:04,919 : INFO : EventManager : Event: ======'slide_press_start_active'====== Args={'_from_bcp': True}
2020-08-10 18:05:07,918 : INFO : EventManager : Event: ======'slide_mission_pinball_removed'====== Args={'_from_bcp': True}
2020-08-10 18:05:07,929 : INFO : EventManager : Event: ======'slide_mission_pinball_created'====== Args={'_from_bcp': True}
2020-08-10 18:05:07,933 : INFO : EventManager : Event: ======'slide_mission_pinball_active'====== Args={'_from_bcp': True}
2020-08-10 18:05:13,913 : INFO : EventManager : Event: ======'slide_GameCard_removed'====== Args={'_from_bcp': True}
2020-08-10 18:05:13,916 : INFO : EventManager : Event: ======'slide_GameCard_created'====== Args={'_from_bcp': True}
2020-08-10 18:05:13,918 : INFO : EventManager : Event: ======'slide_GameCard_active'====== Args={'_from_bcp': True}
2020-08-10 18:05:16,938 : INFO : EventManager : Event: ======'slide_HowTo_removed'====== Args={'_from_bcp': True}
2020-08-10 18:05:16,950 : INFO : EventManager : Event: ======'slide_HowTo_created'====== Args={'_from_bcp': True}
2020-08-10 18:05:16,961 : INFO : EventManager : Event: ======'slide_HowTo_active'====== Args={'_from_bcp': True}
2020-08-10 18:05:24,918 : INFO : EventManager : Event: ======'slide_last_game_score_slide1_removed'====== Args={'_from_bcp': True}
2020-08-10 18:05:24,931 : INFO : EventManager : Event: ======'slide_last_game_score_slide1_created'====== Args={'_from_bcp': True}
2020-08-10 18:05:24,938 : INFO : EventManager : Event: ======'slide_last_game_score_slide1_active'====== Args={'_from_bcp': True}
2020-08-10 18:05:32,913 : INFO : EventManager : Event: ======'slide_show_high_scores_removed'====== Args={'_from_bcp': True}
2020-08-10 18:05:32,948 : INFO : EventManager : Event: ======'slide_show_high_scores_created'====== Args={'_from_bcp': True}
2020-08-10 18:05:32,948 : INFO : EventManager : Event: ======'slide_show_high_scores_active'====== Args={'_from_bcp': True}
2020-08-10 18:05:33,917 : INFO : EventManager : Event: ======'slide_awesome_slide_removed'====== Args={'_from_bcp': True}
2020-08-10 18:05:33,919 : INFO : EventManager : Event: ======'slide_awesome_slide_created'====== Args={'_from_bcp': True}
2020-08-10 18:05:33,921 : INFO : EventManager : Event: ======'slide_awesome_slide_active'====== Args={'_from_bcp': True}
2020-08-10 18:05:36,913 : INFO : EventManager : Event: ======'slide_press_start_removed'====== Args={'_from_bcp': True}
2020-08-10 18:05:36,919 : INFO : EventManager : Event: ======'slide_press_start_created'====== Args={'_from_bcp': True}
2020-08-10 18:05:36,923 : INFO : EventManager : Event: ======'slide_press_start_active'====== Args={'_from_bcp': True}
2020-08-10 18:05:39,910 : INFO : EventManager : Event: ======'slide_mission_pinball_removed'====== Args={'_from_bcp': True}
2020-08-10 18:05:39,930 : INFO : EventManager : Event: ======'slide_mission_pinball_created'====== Args={'_from_bcp': True}
2020-08-10 18:05:39,931 : INFO : EventManager : Event: ======'slide_mission_pinball_active'====== Args={'_from_bcp': True}
2020-08-10 18:05:45,920 : INFO : EventManager : Event: ======'slide_GameCard_removed'====== Args={'_from_bcp': True}
2020-08-10 18:05:45,923 : INFO : EventManager : Event: ======'slide_GameCard_created'====== Args={'_from_bcp': True}
2020-08-10 18:05:45,925 : INFO : EventManager : Event: ======'slide_GameCard_active'====== Args={'_from_bcp': True}
2020-08-10 18:05:48,950 : INFO : EventManager : Event: ======'slide_HowTo_removed'====== Args={'_from_bcp': True}
2020-08-10 18:05:48,954 : INFO : EventManager : Event: ======'slide_HowTo_created'====== Args={'_from_bcp': True}
2020-08-10 18:05:48,960 : INFO : EventManager : Event: ======'slide_HowTo_active'====== Args={'_from_bcp': True}
2020-08-10 18:05:56,934 : INFO : EventManager : Event: ======'slide_last_game_score_slide1_removed'====== Args={'_from_bcp': True}
2020-08-10 18:05:56,940 : INFO : EventManager : Event: ======'slide_last_game_score_slide1_created'====== Args={'_from_bcp': True}
2020-08-10 18:05:56,948 : INFO : EventManager : Event: ======'slide_last_game_score_slide1_active'====== Args={'_from_bcp': True}
2020-08-10 18:06:04,922 : INFO : EventManager : Event: ======'slide_show_high_scores_removed'====== Args={'_from_bcp': True}
2020-08-10 18:06:04,960 : INFO : EventManager : Event: ======'slide_show_high_scores_created'====== Args={'_from_bcp': True}
2020-08-10 18:06:04,961 : INFO : EventManager : Event: ======'slide_show_high_scores_active'====== Args={'_from_bcp': True}
2020-08-10 18:06:05,935 : INFO : EventManager : Event: ======'slide_awesome_slide_removed'====== Args={'_from_bcp': True}
2020-08-10 18:06:05,949 : INFO : EventManager : Event: ======'slide_awesome_slide_created'====== Args={'_from_bcp': True}
2020-08-10 18:06:05,950 : INFO : EventManager : Event: ======'slide_awesome_slide_active'====== Args={'_from_bcp': True}
2020-08-10 18:06:08,911 : INFO : EventManager : Event: ======'slide_press_start_removed'====== Args={'_from_bcp': True}
2020-08-10 18:06:08,919 : INFO : EventManager : Event: ======'slide_press_start_created'====== Args={'_from_bcp': True}
2020-08-10 18:06:08,923 : INFO : EventManager : Event: ======'slide_press_start_active'====== Args={'_from_bcp': True}
2020-08-10 18:06:11,915 : INFO : EventManager : Event: ======'slide_mission_pinball_removed'====== Args={'_from_bcp': True}
2020-08-10 18:06:11,925 : INFO : EventManager : Event: ======'slide_mission_pinball_created'====== Args={'_from_bcp': True}
2020-08-10 18:06:11,932 : INFO : EventManager : Event: ======'slide_mission_pinball_active'====== Args={'_from_bcp': True}
2020-08-10 18:06:17,912 : INFO : EventManager : Event: ======'slide_GameCard_removed'====== Args={'_from_bcp': True}
2020-08-10 18:06:17,915 : INFO : EventManager : Event: ======'slide_GameCard_created'====== Args={'_from_bcp': True}
2020-08-10 18:06:17,917 : INFO : EventManager : Event: ======'slide_GameCard_active'====== Args={'_from_bcp': True}
2020-08-10 18:06:20,923 : INFO : EventManager : Event: ======'slide_HowTo_removed'====== Args={'_from_bcp': True}
2020-08-10 18:06:20,974 : INFO : EventManager : Event: ======'slide_HowTo_created'====== Args={'_from_bcp': True}
2020-08-10 18:06:20,975 : INFO : EventManager : Event: ======'slide_HowTo_active'====== Args={'_from_bcp': True}
2020-08-10 18:06:28,916 : INFO : EventManager : Event: ======'slide_last_game_score_slide1_removed'====== Args={'_from_bcp': True}
2020-08-10 18:06:29,003 : INFO : EventManager : Event: ======'slide_last_game_score_slide1_created'====== Args={'_from_bcp': True}
2020-08-10 18:06:29,012 : INFO : EventManager : Event: ======'slide_last_game_score_slide1_active'====== Args={'_from_bcp': True}
2020-08-10 18:06:36,926 : INFO : EventManager : Event: ======'slide_show_high_scores_removed'====== Args={'_from_bcp': True}
2020-08-10 18:06:36,943 : INFO : EventManager : Event: ======'slide_show_high_scores_created'====== Args={'_from_bcp': True}
2020-08-10 18:06:36,951 : INFO : EventManager : Event: ======'slide_show_high_scores_active'====== Args={'_from_bcp': True}
2020-08-10 18:06:37,928 : INFO : EventManager : Event: ======'slide_awesome_slide_removed'====== Args={'_from_bcp': True}
2020-08-10 18:06:37,929 : INFO : EventManager : Event: ======'slide_awesome_slide_created'====== Args={'_from_bcp': True}
2020-08-10 18:06:37,929 : INFO : EventManager : Event: ======'slide_awesome_slide_active'====== Args={'_from_bcp': True}
2020-08-10 18:06:40,910 : INFO : EventManager : Event: ======'slide_press_start_removed'====== Args={'_from_bcp': True}
2020-08-10 18:06:40,924 : INFO : EventManager : Event: ======'slide_press_start_created'====== Args={'_from_bcp': True}
2020-08-10 18:06:40,934 : INFO : EventManager : Event: ======'slide_press_start_active'====== Args={'_from_bcp': True}
2020-08-10 18:06:43,923 : INFO : EventManager : Event: ======'slide_mission_pinball_removed'====== Args={'_from_bcp': True}
2020-08-10 18:06:43,933 : INFO : EventManager : Event: ======'slide_mission_pinball_created'====== Args={'_from_bcp': True}
2020-08-10 18:06:43,937 : INFO : EventManager : Event: ======'slide_mission_pinball_active'====== Args={'_from_bcp': True}
2020-08-10 18:06:49,907 : INFO : EventManager : Event: ======'slide_GameCard_removed'====== Args={'_from_bcp': True}
2020-08-10 18:06:49,909 : INFO : EventManager : Event: ======'slide_GameCard_created'====== Args={'_from_bcp': True}
2020-08-10 18:06:49,911 : INFO : EventManager : Event: ======'slide_GameCard_active'====== Args={'_from_bcp': True}
2020-08-10 18:06:52,941 : INFO : EventManager : Event: ======'slide_HowTo_removed'====== Args={'_from_bcp': True}
2020-08-10 18:06:52,948 : INFO : EventManager : Event: ======'slide_HowTo_created'====== Args={'_from_bcp': True}
2020-08-10 18:06:52,966 : INFO : EventManager : Event: ======'slide_HowTo_active'====== Args={'_from_bcp': True}
2020-08-10 18:07:00,930 : INFO : EventManager : Event: ======'slide_last_game_score_slide1_removed'====== Args={'_from_bcp': True}
2020-08-10 18:07:00,959 : INFO : EventManager : Event: ======'slide_last_game_score_slide1_created'====== Args={'_from_bcp': True}
2020-08-10 18:07:00,960 : INFO : EventManager : Event: ======'slide_last_game_score_slide1_active'====== Args={'_from_bcp': True}
2020-08-10 18:07:08,906 : INFO : EventManager : Event: ======'slide_show_high_scores_removed'====== Args={'_from_bcp': True}
2020-08-10 18:07:08,919 : INFO : EventManager : Event: ======'slide_show_high_scores_created'====== Args={'_from_bcp': True}
2020-08-10 18:07:08,936 : INFO : EventManager : Event: ======'slide_show_high_scores_active'====== Args={'_from_bcp': True}
2020-08-10 18:07:09,914 : INFO : EventManager : Event: ======'slide_awesome_slide_removed'====== Args={'_from_bcp': True}
2020-08-10 18:07:09,915 : INFO : EventManager : Event: ======'slide_awesome_slide_created'====== Args={'_from_bcp': True}
2020-08-10 18:07:09,917 : INFO : EventManager : Event: ======'slide_awesome_slide_active'====== Args={'_from_bcp': True}
2020-08-10 18:07:12,910 : INFO : EventManager : Event: ======'slide_press_start_removed'====== Args={'_from_bcp': True}
2020-08-10 18:07:12,912 : INFO : EventManager : Event: ======'slide_press_start_created'====== Args={'_from_bcp': True}
2020-08-10 18:07:12,916 : INFO : EventManager : Event: ======'slide_press_start_active'====== Args={'_from_bcp': True}
2020-08-10 18:07:15,914 : INFO : EventManager : Event: ======'slide_mission_pinball_removed'====== Args={'_from_bcp': True}
2020-08-10 18:07:15,927 : INFO : EventManager : Event: ======'slide_mission_pinball_created'====== Args={'_from_bcp': True}
2020-08-10 18:07:15,927 : INFO : EventManager : Event: ======'slide_mission_pinball_active'====== Args={'_from_bcp': True}
2020-08-10 18:07:21,921 : INFO : EventManager : Event: ======'slide_GameCard_removed'====== Args={'_from_bcp': True}
2020-08-10 18:07:21,921 : INFO : EventManager : Event: ======'slide_GameCard_created'====== Args={'_from_bcp': True}
2020-08-10 18:07:21,922 : INFO : EventManager : Event: ======'slide_GameCard_active'====== Args={'_from_bcp': True}
2020-08-10 18:07:24,924 : INFO : EventManager : Event: ======'slide_HowTo_removed'====== Args={'_from_bcp': True}
2020-08-10 18:07:24,968 : INFO : EventManager : Event: ======'slide_HowTo_created'====== Args={'_from_bcp': True}
2020-08-10 18:07:24,969 : INFO : EventManager : Event: ======'slide_HowTo_active'====== Args={'_from_bcp': True}
2020-08-10 18:07:32,940 : INFO : EventManager : Event: ======'slide_last_game_score_slide1_removed'====== Args={'_from_bcp': True}
2020-08-10 18:07:32,948 : INFO : EventManager : Event: ======'slide_last_game_score_slide1_created'====== Args={'_from_bcp': True}
2020-08-10 18:07:32,961 : INFO : EventManager : Event: ======'slide_last_game_score_slide1_active'====== Args={'_from_bcp': True}
2020-08-10 18:07:40,907 : INFO : EventManager : Event: ======'slide_show_high_scores_removed'====== Args={'_from_bcp': True}
2020-08-10 18:07:40,940 : INFO : EventManager : Event: ======'slide_show_high_scores_created'====== Args={'_from_bcp': True}
2020-08-10 18:07:40,941 : INFO : EventManager : Event: ======'slide_show_high_scores_active'====== Args={'_from_bcp': True}
2020-08-10 18:07:41,907 : INFO : EventManager : Event: ======'slide_awesome_slide_removed'====== Args={'_from_bcp': True}
2020-08-10 18:07:41,919 : INFO : EventManager : Event: ======'slide_awesome_slide_created'====== Args={'_from_bcp': True}
2020-08-10 18:07:41,920 : INFO : EventManager : Event: ======'slide_awesome_slide_active'====== Args={'_from_bcp': True}
2020-08-10 18:07:44,926 : INFO : EventManager : Event: ======'slide_press_start_removed'====== Args={'_from_bcp': True}
2020-08-10 18:07:44,931 : INFO : EventManager : Event: ======'slide_press_start_created'====== Args={'_from_bcp': True}
2020-08-10 18:07:44,933 : INFO : EventManager : Event: ======'slide_press_start_active'====== Args={'_from_bcp': True}
2020-08-10 18:07:47,922 : INFO : EventManager : Event: ======'slide_mission_pinball_removed'====== Args={'_from_bcp': True}
2020-08-10 18:07:47,928 : INFO : EventManager : Event: ======'slide_mission_pinball_created'====== Args={'_from_bcp': True}
2020-08-10 18:07:47,935 : INFO : EventManager : Event: ======'slide_mission_pinball_active'====== Args={'_from_bcp': True}
2020-08-10 18:07:53,911 : INFO : EventManager : Event: ======'slide_GameCard_removed'====== Args={'_from_bcp': True}
2020-08-10 18:07:53,913 : INFO : EventManager : Event: ======'slide_GameCard_created'====== Args={'_from_bcp': True}
2020-08-10 18:07:53,915 : INFO : EventManager : Event: ======'slide_GameCard_active'====== Args={'_from_bcp': True}
2020-08-10 18:07:56,913 : INFO : EventManager : Event: ======'slide_HowTo_removed'====== Args={'_from_bcp': True}
2020-08-10 18:07:56,945 : INFO : EventManager : Event: ======'slide_HowTo_created'====== Args={'_from_bcp': True}
2020-08-10 18:07:56,946 : INFO : EventManager : Event: ======'slide_HowTo_active'====== Args={'_from_bcp': True}
2020-08-10 18:08:04,930 : INFO : EventManager : Event: ======'slide_last_game_score_slide1_removed'====== Args={'_from_bcp': True}
2020-08-10 18:08:04,957 : INFO : EventManager : Event: ======'slide_last_game_score_slide1_created'====== Args={'_from_bcp': True}
2020-08-10 18:08:04,958 : INFO : EventManager : Event: ======'slide_last_game_score_slide1_active'====== Args={'_from_bcp': True}
2020-08-10 18:08:12,919 : INFO : EventManager : Event: ======'slide_show_high_scores_removed'====== Args={'_from_bcp': True}
2020-08-10 18:08:12,948 : INFO : EventManager : Event: ======'slide_show_high_scores_created'====== Args={'_from_bcp': True}
2020-08-10 18:08:12,948 : INFO : EventManager : Event: ======'slide_show_high_scores_active'====== Args={'_from_bcp': True}
2020-08-10 18:08:13,936 : INFO : EventManager : Event: ======'slide_awesome_slide_removed'====== Args={'_from_bcp': True}
2020-08-10 18:08:13,937 : INFO : EventManager : Event: ======'slide_awesome_slide_created'====== Args={'_from_bcp': True}
2020-08-10 18:08:13,937 : INFO : EventManager : Event: ======'slide_awesome_slide_active'====== Args={'_from_bcp': True}
2020-08-10 18:08:16,907 : INFO : EventManager : Event: ======'slide_press_start_removed'====== Args={'_from_bcp': True}
2020-08-10 18:08:16,911 : INFO : EventManager : Event: ======'slide_press_start_created'====== Args={'_from_bcp': True}
2020-08-10 18:08:16,914 : INFO : EventManager : Event: ======'slide_press_start_active'====== Args={'_from_bcp': True}
2020-08-10 18:08:19,929 : INFO : EventManager : Event: ======'slide_mission_pinball_removed'====== Args={'_from_bcp': True}
2020-08-10 18:08:19,930 : INFO : EventManager : Event: ======'slide_mission_pinball_created'====== Args={'_from_bcp': True}
2020-08-10 18:08:19,930 : INFO : EventManager : Event: ======'slide_mission_pinball_active'====== Args={'_from_bcp': True}
2020-08-10 18:08:25,912 : INFO : EventManager : Event: ======'slide_GameCard_removed'====== Args={'_from_bcp': True}
2020-08-10 18:08:25,915 : INFO : EventManager : Event: ======'slide_GameCard_created'====== Args={'_from_bcp': True}
2020-08-10 18:08:25,917 : INFO : EventManager : Event: ======'slide_GameCard_active'====== Args={'_from_bcp': True}
2020-08-10 18:08:28,921 : INFO : EventManager : Event: ======'slide_HowTo_removed'====== Args={'_from_bcp': True}
2020-08-10 18:08:29,004 : INFO : EventManager : Event: ======'slide_HowTo_created'====== Args={'_from_bcp': True}
2020-08-10 18:08:29,012 : INFO : EventManager : Event: ======'slide_HowTo_active'====== Args={'_from_bcp': True}
2020-08-10 18:08:36,917 : INFO : EventManager : Event: ======'slide_last_game_score_slide1_removed'====== Args={'_from_bcp': True}
2020-08-10 18:08:36,939 : INFO : EventManager : Event: ======'slide_last_game_score_slide1_created'====== Args={'_from_bcp': True}
2020-08-10 18:08:36,952 : INFO : EventManager : Event: ======'slide_last_game_score_slide1_active'====== Args={'_from_bcp': True}
2020-08-10 18:08:44,930 : INFO : EventManager : Event: ======'slide_show_high_scores_removed'====== Args={'_from_bcp': True}
2020-08-10 18:08:44,963 : INFO : EventManager : Event: ======'slide_show_high_scores_created'====== Args={'_from_bcp': True}
2020-08-10 18:08:44,964 : INFO : EventManager : Event: ======'slide_show_high_scores_active'====== Args={'_from_bcp': True}
2020-08-10 18:08:45,915 : INFO : EventManager : Event: ======'slide_awesome_slide_removed'====== Args={'_from_bcp': True}
2020-08-10 18:08:45,917 : INFO : EventManager : Event: ======'slide_awesome_slide_created'====== Args={'_from_bcp': True}
2020-08-10 18:08:45,918 : INFO : EventManager : Event: ======'slide_awesome_slide_active'====== Args={'_from_bcp': True}
2020-08-10 18:08:48,909 : INFO : EventManager : Event: ======'slide_press_start_removed'====== Args={'_from_bcp': True}
2020-08-10 18:08:48,917 : INFO : EventManager : Event: ======'slide_press_start_created'====== Args={'_from_bcp': True}
2020-08-10 18:08:48,921 : INFO : EventManager : Event: ======'slide_press_start_active'====== Args={'_from_bcp': True}
2020-08-10 18:08:51,939 : INFO : EventManager : Event: ======'slide_mission_pinball_removed'====== Args={'_from_bcp': True}
2020-08-10 18:08:51,942 : INFO : EventManager : Event: ======'slide_mission_pinball_created'====== Args={'_from_bcp': True}
2020-08-10 18:08:51,943 : INFO : EventManager : Event: ======'slide_mission_pinball_active'====== Args={'_from_bcp': True}
2020-08-10 18:08:57,925 : INFO : EventManager : Event: ======'slide_GameCard_removed'====== Args={'_from_bcp': True}
2020-08-10 18:08:57,925 : INFO : EventManager : Event: ======'slide_GameCard_created'====== Args={'_from_bcp': True}
2020-08-10 18:08:57,925 : INFO : EventManager : Event: ======'slide_GameCard_active'====== Args={'_from_bcp': True}
2020-08-10 18:09:00,932 : INFO : EventManager : Event: ======'slide_HowTo_removed'====== Args={'_from_bcp': True}
2020-08-10 18:09:00,965 : INFO : EventManager : Event: ======'slide_HowTo_created'====== Args={'_from_bcp': True}
2020-08-10 18:09:00,966 : INFO : EventManager : Event: ======'slide_HowTo_active'====== Args={'_from_bcp': True}
2020-08-10 18:09:08,907 : INFO : EventManager : Event: ======'slide_last_game_score_slide1_removed'====== Args={'_from_bcp': True}
2020-08-10 18:09:08,938 : INFO : EventManager : Event: ======'slide_last_game_score_slide1_created'====== Args={'_from_bcp': True}
2020-08-10 18:09:08,939 : INFO : EventManager : Event: ======'slide_last_game_score_slide1_active'====== Args={'_from_bcp': True}
2020-08-10 18:09:16,931 : INFO : EventManager : Event: ======'slide_show_high_scores_removed'====== Args={'_from_bcp': True}
2020-08-10 18:09:16,936 : INFO : EventManager : Event: ======'slide_show_high_scores_created'====== Args={'_from_bcp': True}
2020-08-10 18:09:16,944 : INFO : EventManager : Event: ======'slide_show_high_scores_active'====== Args={'_from_bcp': True}
2020-08-10 18:09:17,928 : INFO : EventManager : Event: ======'slide_awesome_slide_removed'====== Args={'_from_bcp': True}
2020-08-10 18:09:17,929 : INFO : EventManager : Event: ======'slide_awesome_slide_created'====== Args={'_from_bcp': True}
2020-08-10 18:09:17,930 : INFO : EventManager : Event: ======'slide_awesome_slide_active'====== Args={'_from_bcp': True}
2020-08-10 18:09:20,915 : INFO : EventManager : Event: ======'slide_press_start_removed'====== Args={'_from_bcp': True}
2020-08-10 18:09:20,922 : INFO : EventManager : Event: ======'slide_press_start_created'====== Args={'_from_bcp': True}
2020-08-10 18:09:20,926 : INFO : EventManager : Event: ======'slide_press_start_active'====== Args={'_from_bcp': True}
2020-08-10 18:09:23,914 : INFO : EventManager : Event: ======'slide_mission_pinball_removed'====== Args={'_from_bcp': True}
2020-08-10 18:09:23,922 : INFO : EventManager : Event: ======'slide_mission_pinball_created'====== Args={'_from_bcp': True}
2020-08-10 18:09:23,926 : INFO : EventManager : Event: ======'slide_mission_pinball_active'====== Args={'_from_bcp': True}
2020-08-10 18:09:29,911 : INFO : EventManager : Event: ======'slide_GameCard_removed'====== Args={'_from_bcp': True}
2020-08-10 18:09:29,911 : INFO : EventManager : Event: ======'slide_GameCard_created'====== Args={'_from_bcp': True}
2020-08-10 18:09:29,912 : INFO : EventManager : Event: ======'slide_GameCard_active'====== Args={'_from_bcp': True}
2020-08-10 18:09:32,937 : INFO : EventManager : Event: ======'slide_HowTo_removed'====== Args={'_from_bcp': True}
2020-08-10 18:09:32,945 : INFO : EventManager : Event: ======'slide_HowTo_created'====== Args={'_from_bcp': True}
2020-08-10 18:09:32,970 : INFO : EventManager : Event: ======'slide_HowTo_active'====== Args={'_from_bcp': True}
2020-08-10 18:09:40,928 : INFO : EventManager : Event: ======'slide_last_game_score_slide1_removed'====== Args={'_from_bcp': True}
2020-08-10 18:09:40,956 : INFO : EventManager : Event: ======'slide_last_game_score_slide1_created'====== Args={'_from_bcp': True}
2020-08-10 18:09:40,966 : INFO : EventManager : Event: ======'slide_last_game_score_slide1_active'====== Args={'_from_bcp': True}
2020-08-10 18:09:48,908 : INFO : EventManager : Event: ======'slide_show_high_scores_removed'====== Args={'_from_bcp': True}
2020-08-10 18:09:48,926 : INFO : EventManager : Event: ======'slide_show_high_scores_created'====== Args={'_from_bcp': True}
2020-08-10 18:09:48,942 : INFO : EventManager : Event: ======'slide_show_high_scores_active'====== Args={'_from_bcp': True}
2020-08-10 18:09:49,935 : INFO : EventManager : Event: ======'slide_awesome_slide_removed'====== Args={'_from_bcp': True}
2020-08-10 18:09:49,936 : INFO : EventManager : Event: ======'slide_awesome_slide_created'====== Args={'_from_bcp': True}
2020-08-10 18:09:49,937 : INFO : EventManager : Event: ======'slide_awesome_slide_active'====== Args={'_from_bcp': True}
2020-08-10 18:09:52,914 : INFO : EventManager : Event: ======'slide_press_start_removed'====== Args={'_from_bcp': True}
2020-08-10 18:09:52,916 : INFO : EventManager : Event: ======'slide_press_start_created'====== Args={'_from_bcp': True}
2020-08-10 18:09:52,934 : INFO : EventManager : Event: ======'slide_press_start_active'====== Args={'_from_bcp': True}
2020-08-10 18:09:55,904 : INFO : EventManager : Event: ======'slide_mission_pinball_removed'====== Args={'_from_bcp': True}
2020-08-10 18:09:55,919 : INFO : EventManager : Event: ======'slide_mission_pinball_created'====== Args={'_from_bcp': True}
2020-08-10 18:09:55,920 : INFO : EventManager : Event: ======'slide_mission_pinball_active'====== Args={'_from_bcp': True}
2020-08-10 18:10:01,927 : INFO : EventManager : Event: ======'slide_GameCard_removed'====== Args={'_from_bcp': True}
2020-08-10 18:10:01,930 : INFO : EventManager : Event: ======'slide_GameCard_created'====== Args={'_from_bcp': True}
2020-08-10 18:10:01,932 : INFO : EventManager : Event: ======'slide_GameCard_active'====== Args={'_from_bcp': True}
2020-08-10 18:10:04,906 : INFO : EventManager : Event: ======'slide_HowTo_removed'====== Args={'_from_bcp': True}
2020-08-10 18:10:04,929 : INFO : EventManager : Event: ======'slide_HowTo_created'====== Args={'_from_bcp': True}
2020-08-10 18:10:04,958 : INFO : EventManager : Event: ======'slide_HowTo_active'====== Args={'_from_bcp': True}
2020-08-10 18:10:12,913 : INFO : EventManager : Event: ======'slide_last_game_score_slide1_removed'====== Args={'_from_bcp': True}
2020-08-10 18:10:12,937 : INFO : EventManager : Event: ======'slide_last_game_score_slide1_created'====== Args={'_from_bcp': True}
2020-08-10 18:10:12,945 : INFO : EventManager : Event: ======'slide_last_game_score_slide1_active'====== Args={'_from_bcp': True}
2020-08-10 18:10:20,916 : INFO : EventManager : Event: ======'slide_show_high_scores_removed'====== Args={'_from_bcp': True}
2020-08-10 18:10:20,993 : INFO : EventManager : Event: ======'slide_show_high_scores_created'====== Args={'_from_bcp': True}
2020-08-10 18:10:21,008 : INFO : EventManager : Event: ======'slide_show_high_scores_active'====== Args={'_from_bcp': True}
2020-08-10 18:10:21,928 : INFO : EventManager : Event: ======'slide_awesome_slide_removed'====== Args={'_from_bcp': True}
2020-08-10 18:10:21,932 : INFO : EventManager : Event: ======'slide_awesome_slide_created'====== Args={'_from_bcp': True}
2020-08-10 18:10:21,938 : INFO : EventManager : Event: ======'slide_awesome_slide_active'====== Args={'_from_bcp': True}
2020-08-10 18:10:24,916 : INFO : EventManager : Event: ======'slide_press_start_removed'====== Args={'_from_bcp': True}
2020-08-10 18:10:24,923 : INFO : EventManager : Event: ======'slide_press_start_created'====== Args={'_from_bcp': True}
2020-08-10 18:10:24,927 : INFO : EventManager : Event: ======'slide_press_start_active'====== Args={'_from_bcp': True}
2020-08-10 18:10:27,914 : INFO : EventManager : Event: ======'slide_mission_pinball_removed'====== Args={'_from_bcp': True}
2020-08-10 18:10:27,924 : INFO : EventManager : Event: ======'slide_mission_pinball_created'====== Args={'_from_bcp': True}
2020-08-10 18:10:27,934 : INFO : EventManager : Event: ======'slide_mission_pinball_active'====== Args={'_from_bcp': True}
2020-08-10 18:10:33,924 : INFO : EventManager : Event: ======'slide_GameCard_removed'====== Args={'_from_bcp': True}
2020-08-10 18:10:33,925 : INFO : EventManager : Event: ======'slide_GameCard_created'====== Args={'_from_bcp': True}
2020-08-10 18:10:33,926 : INFO : EventManager : Event: ======'slide_GameCard_active'====== Args={'_from_bcp': True}
2020-08-10 18:10:36,917 : INFO : EventManager : Event: ======'slide_HowTo_removed'====== Args={'_from_bcp': True}
2020-08-10 18:10:36,940 : INFO : EventManager : Event: ======'slide_HowTo_created'====== Args={'_from_bcp': True}
2020-08-10 18:10:36,954 : INFO : EventManager : Event: ======'slide_HowTo_active'====== Args={'_from_bcp': True}
2020-08-10 18:10:44,911 : INFO : EventManager : Event: ======'slide_last_game_score_slide1_removed'====== Args={'_from_bcp': True}
2020-08-10 18:10:44,944 : INFO : EventManager : Event: ======'slide_last_game_score_slide1_created'====== Args={'_from_bcp': True}
2020-08-10 18:10:44,945 : INFO : EventManager : Event: ======'slide_last_game_score_slide1_active'====== Args={'_from_bcp': True}
2020-08-10 18:10:52,910 : INFO : EventManager : Event: ======'slide_show_high_scores_removed'====== Args={'_from_bcp': True}
2020-08-10 18:10:52,944 : INFO : EventManager : Event: ======'slide_show_high_scores_created'====== Args={'_from_bcp': True}
2020-08-10 18:10:52,944 : INFO : EventManager : Event: ======'slide_show_high_scores_active'====== Args={'_from_bcp': True}
2020-08-10 18:10:53,910 : INFO : EventManager : Event: ======'slide_awesome_slide_removed'====== Args={'_from_bcp': True}
2020-08-10 18:10:53,919 : INFO : EventManager : Event: ======'slide_awesome_slide_created'====== Args={'_from_bcp': True}
2020-08-10 18:10:53,920 : INFO : EventManager : Event: ======'slide_awesome_slide_active'====== Args={'_from_bcp': True}
2020-08-10 18:10:56,925 : INFO : EventManager : Event: ======'slide_press_start_removed'====== Args={'_from_bcp': True}
2020-08-10 18:10:56,926 : INFO : EventManager : Event: ======'slide_press_start_created'====== Args={'_from_bcp': True}
2020-08-10 18:10:56,929 : INFO : EventManager : Event: ======'slide_press_start_active'====== Args={'_from_bcp': True}
2020-08-10 18:10:59,922 : INFO : EventManager : Event: ======'slide_mission_pinball_removed'====== Args={'_from_bcp': True}
2020-08-10 18:10:59,932 : INFO : EventManager : Event: ======'slide_mission_pinball_created'====== Args={'_from_bcp': True}
2020-08-10 18:10:59,945 : INFO : EventManager : Event: ======'slide_mission_pinball_active'====== Args={'_from_bcp': True}
2020-08-10 18:11:05,912 : INFO : EventManager : Event: ======'slide_GameCard_removed'====== Args={'_from_bcp': True}
2020-08-10 18:11:05,915 : INFO : EventManager : Event: ======'slide_GameCard_created'====== Args={'_from_bcp': True}
2020-08-10 18:11:05,917 : INFO : EventManager : Event: ======'slide_GameCard_active'====== Args={'_from_bcp': True}
2020-08-10 18:11:08,935 : INFO : EventManager : Event: ======'slide_HowTo_removed'====== Args={'_from_bcp': True}
2020-08-10 18:11:08,941 : INFO : EventManager : Event: ======'slide_HowTo_created'====== Args={'_from_bcp': True}
2020-08-10 18:11:08,946 : INFO : EventManager : Event: ======'slide_HowTo_active'====== Args={'_from_bcp': True}
2020-08-10 18:11:16,925 : INFO : EventManager : Event: ======'slide_last_game_score_slide1_removed'====== Args={'_from_bcp': True}
2020-08-10 18:11:16,938 : INFO : EventManager : Event: ======'slide_last_game_score_slide1_created'====== Args={'_from_bcp': True}
2020-08-10 18:11:16,957 : INFO : EventManager : Event: ======'slide_last_game_score_slide1_active'====== Args={'_from_bcp': True}
2020-08-10 18:11:24,909 : INFO : EventManager : Event: ======'slide_show_high_scores_removed'====== Args={'_from_bcp': True}
2020-08-10 18:11:24,948 : INFO : EventManager : Event: ======'slide_show_high_scores_created'====== Args={'_from_bcp': True}
2020-08-10 18:11:24,948 : INFO : EventManager : Event: ======'slide_show_high_scores_active'====== Args={'_from_bcp': True}
2020-08-10 18:11:25,904 : INFO : EventManager : Event: ======'slide_awesome_slide_removed'====== Args={'_from_bcp': True}
2020-08-10 18:11:25,907 : INFO : EventManager : Event: ======'slide_awesome_slide_created'====== Args={'_from_bcp': True}
2020-08-10 18:11:25,910 : INFO : EventManager : Event: ======'slide_awesome_slide_active'====== Args={'_from_bcp': True}
2020-08-10 18:11:28,915 : INFO : EventManager : Event: ======'slide_press_start_removed'====== Args={'_from_bcp': True}
2020-08-10 18:11:28,921 : INFO : EventManager : Event: ======'slide_press_start_created'====== Args={'_from_bcp': True}
2020-08-10 18:11:28,932 : INFO : EventManager : Event: ======'slide_press_start_active'====== Args={'_from_bcp': True}
2020-08-10 18:11:31,935 : INFO : EventManager : Event: ======'slide_mission_pinball_removed'====== Args={'_from_bcp': True}
2020-08-10 18:11:31,936 : INFO : EventManager : Event: ======'slide_mission_pinball_created'====== Args={'_from_bcp': True}
2020-08-10 18:11:31,936 : INFO : EventManager : Event: ======'slide_mission_pinball_active'====== Args={'_from_bcp': True}
2020-08-10 18:11:37,916 : INFO : EventManager : Event: ======'slide_GameCard_removed'====== Args={'_from_bcp': True}
2020-08-10 18:11:37,919 : INFO : EventManager : Event: ======'slide_GameCard_created'====== Args={'_from_bcp': True}
2020-08-10 18:11:37,921 : INFO : EventManager : Event: ======'slide_GameCard_active'====== Args={'_from_bcp': True}
2020-08-10 18:11:40,921 : INFO : EventManager : Event: ======'slide_HowTo_removed'====== Args={'_from_bcp': True}
2020-08-10 18:11:40,954 : INFO : EventManager : Event: ======'slide_HowTo_created'====== Args={'_from_bcp': True}
2020-08-10 18:11:40,955 : INFO : EventManager : Event: ======'slide_HowTo_active'====== Args={'_from_bcp': True}
2020-08-10 18:11:48,944 : INFO : EventManager : Event: ======'slide_last_game_score_slide1_removed'====== Args={'_from_bcp': True}
2020-08-10 18:11:48,948 : INFO : EventManager : Event: ======'slide_last_game_score_slide1_created'====== Args={'_from_bcp': True}
2020-08-10 18:11:48,959 : INFO : EventManager : Event: ======'slide_last_game_score_slide1_active'====== Args={'_from_bcp': True}
2020-08-10 18:11:56,924 : INFO : EventManager : Event: ======'slide_show_high_scores_removed'====== Args={'_from_bcp': True}
2020-08-10 18:11:56,931 : INFO : EventManager : Event: ======'slide_show_high_scores_created'====== Args={'_from_bcp': True}
2020-08-10 18:11:56,939 : INFO : EventManager : Event: ======'slide_show_high_scores_active'====== Args={'_from_bcp': True}
2020-08-10 18:11:57,921 : INFO : EventManager : Event: ======'slide_awesome_slide_removed'====== Args={'_from_bcp': True}
2020-08-10 18:11:57,925 : INFO : EventManager : Event: ======'slide_awesome_slide_created'====== Args={'_from_bcp': True}
2020-08-10 18:11:57,928 : INFO : EventManager : Event: ======'slide_awesome_slide_active'====== Args={'_from_bcp': True}
2020-08-10 18:12:00,916 : INFO : EventManager : Event: ======'slide_press_start_removed'====== Args={'_from_bcp': True}
2020-08-10 18:12:00,921 : INFO : EventManager : Event: ======'slide_press_start_created'====== Args={'_from_bcp': True}
2020-08-10 18:12:00,925 : INFO : EventManager : Event: ======'slide_press_start_active'====== Args={'_from_bcp': True}
2020-08-10 18:12:03,922 : INFO : EventManager : Event: ======'slide_mission_pinball_removed'====== Args={'_from_bcp': True}
2020-08-10 18:12:03,941 : INFO : EventManager : Event: ======'slide_mission_pinball_created'====== Args={'_from_bcp': True}
2020-08-10 18:12:03,942 : INFO : EventManager : Event: ======'slide_mission_pinball_active'====== Args={'_from_bcp': True}
2020-08-10 18:12:09,912 : INFO : EventManager : Event: ======'slide_GameCard_removed'====== Args={'_from_bcp': True}
2020-08-10 18:12:09,915 : INFO : EventManager : Event: ======'slide_GameCard_created'====== Args={'_from_bcp': True}
2020-08-10 18:12:09,917 : INFO : EventManager : Event: ======'slide_GameCard_active'====== Args={'_from_bcp': True}
2020-08-10 18:12:12,934 : INFO : EventManager : Event: ======'slide_HowTo_removed'====== Args={'_from_bcp': True}
2020-08-10 18:12:13,007 : INFO : EventManager : Event: ======'slide_HowTo_created'====== Args={'_from_bcp': True}
2020-08-10 18:12:13,014 : INFO : EventManager : Event: ======'slide_HowTo_active'====== Args={'_from_bcp': True}
2020-08-10 18:12:20,920 : INFO : EventManager : Event: ======'slide_last_game_score_slide1_removed'====== Args={'_from_bcp': True}
2020-08-10 18:12:20,956 : INFO : EventManager : Event: ======'slide_last_game_score_slide1_created'====== Args={'_from_bcp': True}
2020-08-10 18:12:20,957 : INFO : EventManager : Event: ======'slide_last_game_score_slide1_active'====== Args={'_from_bcp': True}
2020-08-10 18:12:28,937 : INFO : EventManager : Event: ======'slide_show_high_scores_removed'====== Args={'_from_bcp': True}
2020-08-10 18:12:28,938 : INFO : EventManager : Event: ======'slide_show_high_scores_created'====== Args={'_from_bcp': True}
2020-08-10 18:12:28,944 : INFO : EventManager : Event: ======'slide_show_high_scores_active'====== Args={'_from_bcp': True}
2020-08-10 18:12:29,930 : INFO : EventManager : Event: ======'slide_awesome_slide_removed'====== Args={'_from_bcp': True}
2020-08-10 18:12:29,931 : INFO : EventManager : Event: ======'slide_awesome_slide_created'====== Args={'_from_bcp': True}
2020-08-10 18:12:29,931 : INFO : EventManager : Event: ======'slide_awesome_slide_active'====== Args={'_from_bcp': True}
2020-08-10 18:12:32,909 : INFO : EventManager : Event: ======'slide_press_start_removed'====== Args={'_from_bcp': True}
2020-08-10 18:12:32,921 : INFO : EventManager : Event: ======'slide_press_start_created'====== Args={'_from_bcp': True}
2020-08-10 18:12:32,921 : INFO : EventManager : Event: ======'slide_press_start_active'====== Args={'_from_bcp': True}
2020-08-10 18:12:35,924 : INFO : EventManager : Event: ======'slide_mission_pinball_removed'====== Args={'_from_bcp': True}
2020-08-10 18:12:35,926 : INFO : EventManager : Event: ======'slide_mission_pinball_created'====== Args={'_from_bcp': True}
2020-08-10 18:12:35,928 : INFO : EventManager : Event: ======'slide_mission_pinball_active'====== Args={'_from_bcp': True}
2020-08-10 18:12:41,912 : INFO : EventManager : Event: ======'slide_GameCard_removed'====== Args={'_from_bcp': True}
2020-08-10 18:12:41,917 : INFO : EventManager : Event: ======'slide_GameCard_created'====== Args={'_from_bcp': True}
2020-08-10 18:12:41,919 : INFO : EventManager : Event: ======'slide_GameCard_active'====== Args={'_from_bcp': True}
2020-08-10 18:12:44,943 : INFO : EventManager : Event: ======'slide_HowTo_removed'====== Args={'_from_bcp': True}
2020-08-10 18:12:44,951 : INFO : EventManager : Event: ======'slide_HowTo_created'====== Args={'_from_bcp': True}
2020-08-10 18:12:44,965 : INFO : EventManager : Event: ======'slide_HowTo_active'====== Args={'_from_bcp': True}
2020-08-10 18:12:52,916 : INFO : EventManager : Event: ======'slide_last_game_score_slide1_removed'====== Args={'_from_bcp': True}
2020-08-10 18:12:52,934 : INFO : EventManager : Event: ======'slide_last_game_score_slide1_created'====== Args={'_from_bcp': True}
2020-08-10 18:12:52,942 : INFO : EventManager : Event: ======'slide_last_game_score_slide1_active'====== Args={'_from_bcp': True}
2020-08-10 18:13:00,916 : INFO : EventManager : Event: ======'slide_show_high_scores_removed'====== Args={'_from_bcp': True}
2020-08-10 18:13:00,948 : INFO : EventManager : Event: ======'slide_show_high_scores_created'====== Args={'_from_bcp': True}
2020-08-10 18:13:00,949 : INFO : EventManager : Event: ======'slide_show_high_scores_active'====== Args={'_from_bcp': True}
2020-08-10 18:13:01,918 : INFO : EventManager : Event: ======'slide_awesome_slide_removed'====== Args={'_from_bcp': True}
2020-08-10 18:13:01,922 : INFO : EventManager : Event: ======'slide_awesome_slide_created'====== Args={'_from_bcp': True}
2020-08-10 18:13:01,925 : INFO : EventManager : Event: ======'slide_awesome_slide_active'====== Args={'_from_bcp': True}
2020-08-10 18:13:04,906 : INFO : EventManager : Event: ======'slide_press_start_removed'====== Args={'_from_bcp': True}
2020-08-10 18:13:04,915 : INFO : EventManager : Event: ======'slide_press_start_created'====== Args={'_from_bcp': True}
2020-08-10 18:13:04,919 : INFO : EventManager : Event: ======'slide_press_start_active'====== Args={'_from_bcp': True}
2020-08-10 18:13:07,933 : INFO : EventManager : Event: ======'slide_mission_pinball_removed'====== Args={'_from_bcp': True}
2020-08-10 18:13:07,934 : INFO : EventManager : Event: ======'slide_mission_pinball_created'====== Args={'_from_bcp': True}
2020-08-10 18:13:07,938 : INFO : EventManager : Event: ======'slide_mission_pinball_active'====== Args={'_from_bcp': True}
2020-08-10 18:13:13,917 : INFO : EventManager : Event: ======'slide_GameCard_removed'====== Args={'_from_bcp': True}
2020-08-10 18:13:13,924 : INFO : EventManager : Event: ======'slide_GameCard_created'====== Args={'_from_bcp': True}
2020-08-10 18:13:13,925 : INFO : EventManager : Event: ======'slide_GameCard_active'====== Args={'_from_bcp': True}
2020-08-10 18:13:16,929 : INFO : EventManager : Event: ======'slide_HowTo_removed'====== Args={'_from_bcp': True}
2020-08-10 18:13:16,960 : INFO : EventManager : Event: ======'slide_HowTo_created'====== Args={'_from_bcp': True}
2020-08-10 18:13:16,961 : INFO : EventManager : Event: ======'slide_HowTo_active'====== Args={'_from_bcp': True}
2020-08-10 18:13:24,921 : INFO : EventManager : Event: ======'slide_last_game_score_slide1_removed'====== Args={'_from_bcp': True}
2020-08-10 18:13:24,955 : INFO : EventManager : Event: ======'slide_last_game_score_slide1_created'====== Args={'_from_bcp': True}
2020-08-10 18:13:24,956 : INFO : EventManager : Event: ======'slide_last_game_score_slide1_active'====== Args={'_from_bcp': True}
2020-08-10 18:13:32,925 : INFO : EventManager : Event: ======'slide_show_high_scores_removed'====== Args={'_from_bcp': True}
2020-08-10 18:13:32,934 : INFO : EventManager : Event: ======'slide_show_high_scores_created'====== Args={'_from_bcp': True}
2020-08-10 18:13:32,952 : INFO : EventManager : Event: ======'slide_show_high_scores_active'====== Args={'_from_bcp': True}
2020-08-10 18:13:33,914 : INFO : EventManager : Event: ======'slide_awesome_slide_removed'====== Args={'_from_bcp': True}
2020-08-10 18:13:33,922 : INFO : EventManager : Event: ======'slide_awesome_slide_created'====== Args={'_from_bcp': True}
2020-08-10 18:13:33,922 : INFO : EventManager : Event: ======'slide_awesome_slide_active'====== Args={'_from_bcp': True}
2020-08-10 18:13:36,920 : INFO : EventManager : Event: ======'slide_press_start_removed'====== Args={'_from_bcp': True}
2020-08-10 18:13:36,927 : INFO : EventManager : Event: ======'slide_press_start_created'====== Args={'_from_bcp': True}
2020-08-10 18:13:36,932 : INFO : EventManager : Event: ======'slide_press_start_active'====== Args={'_from_bcp': True}
2020-08-10 18:13:39,918 : INFO : EventManager : Event: ======'slide_mission_pinball_removed'====== Args={'_from_bcp': True}
2020-08-10 18:13:39,920 : INFO : EventManager : Event: ======'slide_mission_pinball_created'====== Args={'_from_bcp': True}
2020-08-10 18:13:39,923 : INFO : EventManager : Event: ======'slide_mission_pinball_active'====== Args={'_from_bcp': True}
2020-08-10 18:13:45,927 : INFO : EventManager : Event: ======'slide_GameCard_removed'====== Args={'_from_bcp': True}
2020-08-10 18:13:45,931 : INFO : EventManager : Event: ======'slide_GameCard_created'====== Args={'_from_bcp': True}
2020-08-10 18:13:45,932 : INFO : EventManager : Event: ======'slide_GameCard_active'====== Args={'_from_bcp': True}
2020-08-10 18:13:48,914 : INFO : EventManager : Event: ======'slide_HowTo_removed'====== Args={'_from_bcp': True}
2020-08-10 18:13:48,944 : INFO : EventManager : Event: ======'slide_HowTo_created'====== Args={'_from_bcp': True}
2020-08-10 18:13:48,944 : INFO : EventManager : Event: ======'slide_HowTo_active'====== Args={'_from_bcp': True}
2020-08-10 18:13:56,929 : INFO : EventManager : Event: ======'slide_last_game_score_slide1_removed'====== Args={'_from_bcp': True}
2020-08-10 18:13:56,963 : INFO : EventManager : Event: ======'slide_last_game_score_slide1_created'====== Args={'_from_bcp': True}
2020-08-10 18:13:56,963 : INFO : EventManager : Event: ======'slide_last_game_score_slide1_active'====== Args={'_from_bcp': True}
2020-08-10 18:14:04,938 : INFO : EventManager : Event: ======'slide_show_high_scores_removed'====== Args={'_from_bcp': True}
2020-08-10 18:14:04,940 : INFO : EventManager : Event: ======'slide_show_high_scores_created'====== Args={'_from_bcp': True}
2020-08-10 18:14:04,948 : INFO : EventManager : Event: ======'slide_show_high_scores_active'====== Args={'_from_bcp': True}
2020-08-10 18:14:05,933 : INFO : EventManager : Event: ======'slide_awesome_slide_removed'====== Args={'_from_bcp': True}
2020-08-10 18:14:05,934 : INFO : EventManager : Event: ======'slide_awesome_slide_created'====== Args={'_from_bcp': True}
2020-08-10 18:14:05,934 : INFO : EventManager : Event: ======'slide_awesome_slide_active'====== Args={'_from_bcp': True}
2020-08-10 18:14:08,933 : INFO : EventManager : Event: ======'slide_press_start_removed'====== Args={'_from_bcp': True}
2020-08-10 18:14:08,933 : INFO : EventManager : Event: ======'slide_press_start_created'====== Args={'_from_bcp': True}
2020-08-10 18:14:08,934 : INFO : EventManager : Event: ======'slide_press_start_active'====== Args={'_from_bcp': True}
2020-08-10 18:14:11,922 : INFO : EventManager : Event: ======'slide_mission_pinball_removed'====== Args={'_from_bcp': True}
2020-08-10 18:14:11,929 : INFO : EventManager : Event: ======'slide_mission_pinball_created'====== Args={'_from_bcp': True}
2020-08-10 18:14:11,932 : INFO : EventManager : Event: ======'slide_mission_pinball_active'====== Args={'_from_bcp': True}
2020-08-10 18:14:17,928 : INFO : EventManager : Event: ======'slide_GameCard_removed'====== Args={'_from_bcp': True}
2020-08-10 18:14:17,931 : INFO : EventManager : Event: ======'slide_GameCard_created'====== Args={'_from_bcp': True}
2020-08-10 18:14:17,933 : INFO : EventManager : Event: ======'slide_GameCard_active'====== Args={'_from_bcp': True}
2020-08-10 18:14:20,922 : INFO : EventManager : Event: ======'slide_HowTo_removed'====== Args={'_from_bcp': True}
2020-08-10 18:14:20,958 : INFO : EventManager : Event: ======'slide_HowTo_created'====== Args={'_from_bcp': True}
2020-08-10 18:14:20,959 : INFO : EventManager : Event: ======'slide_HowTo_active'====== Args={'_from_bcp': True}
2020-08-10 18:14:28,933 : INFO : EventManager : Event: ======'slide_last_game_score_slide1_removed'====== Args={'_from_bcp': True}
2020-08-10 18:14:28,940 : INFO : EventManager : Event: ======'slide_last_game_score_slide1_created'====== Args={'_from_bcp': True}
2020-08-10 18:14:28,951 : INFO : EventManager : Event: ======'slide_last_game_score_slide1_active'====== Args={'_from_bcp': True}
2020-08-10 18:14:36,926 : INFO : EventManager : Event: ======'slide_show_high_scores_removed'====== Args={'_from_bcp': True}
2020-08-10 18:14:36,955 : INFO : EventManager : Event: ======'slide_show_high_scores_created'====== Args={'_from_bcp': True}
2020-08-10 18:14:36,956 : INFO : EventManager : Event: ======'slide_show_high_scores_active'====== Args={'_from_bcp': True}
2020-08-10 18:14:37,918 : INFO : EventManager : Event: ======'slide_awesome_slide_removed'====== Args={'_from_bcp': True}
2020-08-10 18:14:37,922 : INFO : EventManager : Event: ======'slide_awesome_slide_created'====== Args={'_from_bcp': True}
2020-08-10 18:14:37,924 : INFO : EventManager : Event: ======'slide_awesome_slide_active'====== Args={'_from_bcp': True}
2020-08-10 18:14:40,944 : INFO : EventManager : Event: ======'slide_press_start_removed'====== Args={'_from_bcp': True}
2020-08-10 18:14:40,945 : INFO : EventManager : Event: ======'slide_press_start_created'====== Args={'_from_bcp': True}
2020-08-10 18:14:40,945 : INFO : EventManager : Event: ======'slide_press_start_active'====== Args={'_from_bcp': True}
2020-08-10 18:14:43,942 : INFO : EventManager : Event: ======'slide_mission_pinball_removed'====== Args={'_from_bcp': True}
2020-08-10 18:14:43,944 : INFO : EventManager : Event: ======'slide_mission_pinball_created'====== Args={'_from_bcp': True}
2020-08-10 18:14:43,944 : INFO : EventManager : Event: ======'slide_mission_pinball_active'====== Args={'_from_bcp': True}
2020-08-10 18:14:49,907 : INFO : EventManager : Event: ======'slide_GameCard_removed'====== Args={'_from_bcp': True}
2020-08-10 18:14:49,909 : INFO : EventManager : Event: ======'slide_GameCard_created'====== Args={'_from_bcp': True}
2020-08-10 18:14:49,909 : INFO : EventManager : Event: ======'slide_GameCard_active'====== Args={'_from_bcp': True}
2020-08-10 18:14:52,926 : INFO : EventManager : Event: ======'slide_HowTo_removed'====== Args={'_from_bcp': True}
2020-08-10 18:14:52,936 : INFO : EventManager : Event: ======'slide_HowTo_created'====== Args={'_from_bcp': True}
2020-08-10 18:14:52,949 : INFO : EventManager : Event: ======'slide_HowTo_active'====== Args={'_from_bcp': True}
2020-08-10 18:15:00,916 : INFO : EventManager : Event: ======'slide_last_game_score_slide1_removed'====== Args={'_from_bcp': True}
2020-08-10 18:15:00,951 : INFO : EventManager : Event: ======'slide_last_game_score_slide1_created'====== Args={'_from_bcp': True}
2020-08-10 18:15:00,952 : INFO : EventManager : Event: ======'slide_last_game_score_slide1_active'====== Args={'_from_bcp': True}
2020-08-10 18:15:08,911 : INFO : EventManager : Event: ======'slide_show_high_scores_removed'====== Args={'_from_bcp': True}
2020-08-10 18:15:08,939 : INFO : EventManager : Event: ======'slide_show_high_scores_created'====== Args={'_from_bcp': True}
2020-08-10 18:15:08,940 : INFO : EventManager : Event: ======'slide_show_high_scores_active'====== Args={'_from_bcp': True}
2020-08-10 18:15:09,921 : INFO : EventManager : Event: ======'slide_awesome_slide_removed'====== Args={'_from_bcp': True}
2020-08-10 18:15:09,925 : INFO : EventManager : Event: ======'slide_awesome_slide_created'====== Args={'_from_bcp': True}
2020-08-10 18:15:09,928 : INFO : EventManager : Event: ======'slide_awesome_slide_active'====== Args={'_from_bcp': True}
2020-08-10 18:15:12,927 : INFO : EventManager : Event: ======'slide_press_start_removed'====== Args={'_from_bcp': True}
2020-08-10 18:15:12,929 : INFO : EventManager : Event: ======'slide_press_start_created'====== Args={'_from_bcp': True}
2020-08-10 18:15:12,933 : INFO : EventManager : Event: ======'slide_press_start_active'====== Args={'_from_bcp': True}
2020-08-10 18:15:15,952 : INFO : EventManager : Event: ======'slide_mission_pinball_removed'====== Args={'_from_bcp': True}
2020-08-10 18:15:15,954 : INFO : EventManager : Event: ======'slide_mission_pinball_created'====== Args={'_from_bcp': True}
2020-08-10 18:15:15,955 : INFO : EventManager : Event: ======'slide_mission_pinball_active'====== Args={'_from_bcp': True}
2020-08-10 18:15:21,915 : INFO : EventManager : Event: ======'slide_GameCard_removed'====== Args={'_from_bcp': True}
2020-08-10 18:15:21,918 : INFO : EventManager : Event: ======'slide_GameCard_created'====== Args={'_from_bcp': True}
2020-08-10 18:15:21,920 : INFO : EventManager : Event: ======'slide_GameCard_active'====== Args={'_from_bcp': True}
2020-08-10 18:15:24,931 : INFO : EventManager : Event: ======'slide_HowTo_removed'====== Args={'_from_bcp': True}
2020-08-10 18:15:24,950 : INFO : EventManager : Event: ======'slide_HowTo_created'====== Args={'_from_bcp': True}
2020-08-10 18:15:24,968 : INFO : EventManager : Event: ======'slide_HowTo_active'====== Args={'_from_bcp': True}
2020-08-10 18:15:32,923 : INFO : EventManager : Event: ======'slide_last_game_score_slide1_removed'====== Args={'_from_bcp': True}
2020-08-10 18:15:32,958 : INFO : EventManager : Event: ======'slide_last_game_score_slide1_created'====== Args={'_from_bcp': True}
2020-08-10 18:15:32,959 : INFO : EventManager : Event: ======'slide_last_game_score_slide1_active'====== Args={'_from_bcp': True}
2020-08-10 18:15:40,919 : INFO : EventManager : Event: ======'slide_show_high_scores_removed'====== Args={'_from_bcp': True}
2020-08-10 18:15:40,949 : INFO : EventManager : Event: ======'slide_show_high_scores_created'====== Args={'_from_bcp': True}
2020-08-10 18:15:40,949 : INFO : EventManager : Event: ======'slide_show_high_scores_active'====== Args={'_from_bcp': True}
2020-08-10 18:15:41,917 : INFO : EventManager : Event: ======'slide_awesome_slide_removed'====== Args={'_from_bcp': True}
2020-08-10 18:15:41,921 : INFO : EventManager : Event: ======'slide_awesome_slide_created'====== Args={'_from_bcp': True}
2020-08-10 18:15:41,924 : INFO : EventManager : Event: ======'slide_awesome_slide_active'====== Args={'_from_bcp': True}
2020-08-10 18:15:44,936 : INFO : EventManager : Event: ======'slide_press_start_removed'====== Args={'_from_bcp': True}
2020-08-10 18:15:44,937 : INFO : EventManager : Event: ======'slide_press_start_created'====== Args={'_from_bcp': True}
2020-08-10 18:15:44,938 : INFO : EventManager : Event: ======'slide_press_start_active'====== Args={'_from_bcp': True}
2020-08-10 18:15:47,912 : INFO : EventManager : Event: ======'slide_mission_pinball_removed'====== Args={'_from_bcp': True}
2020-08-10 18:15:47,928 : INFO : EventManager : Event: ======'slide_mission_pinball_created'====== Args={'_from_bcp': True}
2020-08-10 18:15:47,928 : INFO : EventManager : Event: ======'slide_mission_pinball_active'====== Args={'_from_bcp': True}
2020-08-10 18:15:53,925 : INFO : EventManager : Event: ======'slide_GameCard_removed'====== Args={'_from_bcp': True}
2020-08-10 18:15:53,926 : INFO : EventManager : Event: ======'slide_GameCard_created'====== Args={'_from_bcp': True}
2020-08-10 18:15:53,927 : INFO : EventManager : Event: ======'slide_GameCard_active'====== Args={'_from_bcp': True}
2020-08-10 18:15:56,925 : INFO : EventManager : Event: ======'slide_HowTo_removed'====== Args={'_from_bcp': True}
2020-08-10 18:15:57,008 : INFO : EventManager : Event: ======'slide_HowTo_created'====== Args={'_from_bcp': True}
2020-08-10 18:15:57,015 : INFO : EventManager : Event: ======'slide_HowTo_active'====== Args={'_from_bcp': True}
2020-08-10 18:16:04,913 : INFO : EventManager : Event: ======'slide_last_game_score_slide1_removed'====== Args={'_from_bcp': True}
2020-08-10 18:16:04,945 : INFO : EventManager : Event: ======'slide_last_game_score_slide1_created'====== Args={'_from_bcp': True}
2020-08-10 18:16:04,945 : INFO : EventManager : Event: ======'slide_last_game_score_slide1_active'====== Args={'_from_bcp': True}
2020-08-10 18:16:12,916 : INFO : EventManager : Event: ======'slide_show_high_scores_removed'====== Args={'_from_bcp': True}
2020-08-10 18:16:12,934 : INFO : EventManager : Event: ======'slide_show_high_scores_created'====== Args={'_from_bcp': True}
2020-08-10 18:16:12,955 : INFO : EventManager : Event: ======'slide_show_high_scores_active'====== Args={'_from_bcp': True}
2020-08-10 18:16:13,918 : INFO : EventManager : Event: ======'slide_awesome_slide_removed'====== Args={'_from_bcp': True}
2020-08-10 18:16:13,922 : INFO : EventManager : Event: ======'slide_awesome_slide_created'====== Args={'_from_bcp': True}
2020-08-10 18:16:13,925 : INFO : EventManager : Event: ======'slide_awesome_slide_active'====== Args={'_from_bcp': True}
2020-08-10 18:16:16,907 : INFO : EventManager : Event: ======'slide_press_start_removed'====== Args={'_from_bcp': True}
2020-08-10 18:16:16,913 : INFO : EventManager : Event: ======'slide_press_start_created'====== Args={'_from_bcp': True}
2020-08-10 18:16:16,918 : INFO : EventManager : Event: ======'slide_press_start_active'====== Args={'_from_bcp': True}
2020-08-10 18:16:19,910 : INFO : EventManager : Event: ======'slide_mission_pinball_removed'====== Args={'_from_bcp': True}
2020-08-10 18:16:19,911 : INFO : EventManager : Event: ======'slide_mission_pinball_created'====== Args={'_from_bcp': True}
2020-08-10 18:16:19,914 : INFO : EventManager : Event: ======'slide_mission_pinball_active'====== Args={'_from_bcp': True}
2020-08-10 18:16:25,917 : INFO : EventManager : Event: ======'slide_GameCard_removed'====== Args={'_from_bcp': True}
2020-08-10 18:16:25,924 : INFO : EventManager : Event: ======'slide_GameCard_created'====== Args={'_from_bcp': True}
2020-08-10 18:16:25,925 : INFO : EventManager : Event: ======'slide_GameCard_active'====== Args={'_from_bcp': True}
2020-08-10 18:16:28,909 : INFO : EventManager : Event: ======'slide_HowTo_removed'====== Args={'_from_bcp': True}
2020-08-10 18:16:28,934 : INFO : EventManager : Event: ======'slide_HowTo_created'====== Args={'_from_bcp': True}
2020-08-10 18:16:28,941 : INFO : EventManager : Event: ======'slide_HowTo_active'====== Args={'_from_bcp': True}
2020-08-10 18:16:36,920 : INFO : EventManager : Event: ======'slide_last_game_score_slide1_removed'====== Args={'_from_bcp': True}
2020-08-10 18:16:36,952 : INFO : EventManager : Event: ======'slide_last_game_score_slide1_created'====== Args={'_from_bcp': True}
2020-08-10 18:16:36,953 : INFO : EventManager : Event: ======'slide_last_game_score_slide1_active'====== Args={'_from_bcp': True}
2020-08-10 18:16:44,935 : INFO : EventManager : Event: ======'slide_show_high_scores_removed'====== Args={'_from_bcp': True}
2020-08-10 18:16:44,940 : INFO : EventManager : Event: ======'slide_show_high_scores_created'====== Args={'_from_bcp': True}
2020-08-10 18:16:44,960 : INFO : EventManager : Event: ======'slide_show_high_scores_active'====== Args={'_from_bcp': True}
2020-08-10 18:16:45,931 : INFO : EventManager : Event: ======'slide_awesome_slide_removed'====== Args={'_from_bcp': True}
2020-08-10 18:16:45,934 : INFO : EventManager : Event: ======'slide_awesome_slide_created'====== Args={'_from_bcp': True}
2020-08-10 18:16:45,935 : INFO : EventManager : Event: ======'slide_awesome_slide_active'====== Args={'_from_bcp': True}
2020-08-10 18:16:48,905 : INFO : EventManager : Event: ======'slide_press_start_removed'====== Args={'_from_bcp': True}
2020-08-10 18:16:48,920 : INFO : EventManager : Event: ======'slide_press_start_created'====== Args={'_from_bcp': True}
2020-08-10 18:16:48,920 : INFO : EventManager : Event: ======'slide_press_start_active'====== Args={'_from_bcp': True}
2020-08-10 18:16:51,927 : INFO : EventManager : Event: ======'slide_mission_pinball_removed'====== Args={'_from_bcp': True}
2020-08-10 18:16:51,934 : INFO : EventManager : Event: ======'slide_mission_pinball_created'====== Args={'_from_bcp': True}
2020-08-10 18:16:51,946 : INFO : EventManager : Event: ======'slide_mission_pinball_active'====== Args={'_from_bcp': True}
2020-08-10 18:16:57,913 : INFO : EventManager : Event: ======'slide_GameCard_removed'====== Args={'_from_bcp': True}
2020-08-10 18:16:57,917 : INFO : EventManager : Event: ======'slide_GameCard_created'====== Args={'_from_bcp': True}
2020-08-10 18:16:57,918 : INFO : EventManager : Event: ======'slide_GameCard_active'====== Args={'_from_bcp': True}
2020-08-10 18:17:00,918 : INFO : EventManager : Event: ======'slide_HowTo_removed'====== Args={'_from_bcp': True}
2020-08-10 18:17:00,956 : INFO : EventManager : Event: ======'slide_HowTo_created'====== Args={'_from_bcp': True}
2020-08-10 18:17:00,957 : INFO : EventManager : Event: ======'slide_HowTo_active'====== Args={'_from_bcp': True}
2020-08-10 18:17:08,916 : INFO : EventManager : Event: ======'slide_last_game_score_slide1_removed'====== Args={'_from_bcp': True}
2020-08-10 18:17:08,933 : INFO : EventManager : Event: ======'slide_last_game_score_slide1_created'====== Args={'_from_bcp': True}
2020-08-10 18:17:08,940 : INFO : EventManager : Event: ======'slide_last_game_score_slide1_active'====== Args={'_from_bcp': True}
2020-08-10 18:17:16,906 : INFO : EventManager : Event: ======'slide_show_high_scores_removed'====== Args={'_from_bcp': True}
2020-08-10 18:17:16,917 : INFO : EventManager : Event: ======'slide_show_high_scores_created'====== Args={'_from_bcp': True}
2020-08-10 18:17:16,924 : INFO : EventManager : Event: ======'slide_show_high_scores_active'====== Args={'_from_bcp': True}
2020-08-10 18:17:17,912 : INFO : EventManager : Event: ======'slide_awesome_slide_removed'====== Args={'_from_bcp': True}
2020-08-10 18:17:17,916 : INFO : EventManager : Event: ======'slide_awesome_slide_created'====== Args={'_from_bcp': True}
2020-08-10 18:17:17,919 : INFO : EventManager : Event: ======'slide_awesome_slide_active'====== Args={'_from_bcp': True}
2020-08-10 18:17:20,934 : INFO : EventManager : Event: ======'slide_press_start_removed'====== Args={'_from_bcp': True}
2020-08-10 18:17:20,934 : INFO : EventManager : Event: ======'slide_press_start_created'====== Args={'_from_bcp': True}
2020-08-10 18:17:20,935 : INFO : EventManager : Event: ======'slide_press_start_active'====== Args={'_from_bcp': True}
2020-08-10 18:17:23,936 : INFO : EventManager : Event: ======'slide_mission_pinball_removed'====== Args={'_from_bcp': True}
2020-08-10 18:17:23,937 : INFO : EventManager : Event: ======'slide_mission_pinball_created'====== Args={'_from_bcp': True}
2020-08-10 18:17:23,937 : INFO : EventManager : Event: ======'slide_mission_pinball_active'====== Args={'_from_bcp': True}
2020-08-10 18:17:29,924 : INFO : EventManager : Event: ======'slide_GameCard_removed'====== Args={'_from_bcp': True}
2020-08-10 18:17:29,925 : INFO : EventManager : Event: ======'slide_GameCard_created'====== Args={'_from_bcp': True}
2020-08-10 18:17:29,926 : INFO : EventManager : Event: ======'slide_GameCard_active'====== Args={'_from_bcp': True}
2020-08-10 18:17:32,915 : INFO : EventManager : Event: ======'slide_HowTo_removed'====== Args={'_from_bcp': True}
2020-08-10 18:17:32,945 : INFO : EventManager : Event: ======'slide_HowTo_created'====== Args={'_from_bcp': True}
2020-08-10 18:17:32,946 : INFO : EventManager : Event: ======'slide_HowTo_active'====== Args={'_from_bcp': True}
2020-08-10 18:17:40,938 : INFO : EventManager : Event: ======'slide_last_game_score_slide1_removed'====== Args={'_from_bcp': True}
2020-08-10 18:17:40,944 : INFO : EventManager : Event: ======'slide_last_game_score_slide1_created'====== Args={'_from_bcp': True}
2020-08-10 18:17:40,954 : INFO : EventManager : Event: ======'slide_last_game_score_slide1_active'====== Args={'_from_bcp': True}
2020-08-10 18:17:48,928 : INFO : EventManager : Event: ======'slide_show_high_scores_removed'====== Args={'_from_bcp': True}
2020-08-10 18:17:48,928 : INFO : EventManager : Event: ======'slide_show_high_scores_created'====== Args={'_from_bcp': True}
2020-08-10 18:17:48,934 : INFO : EventManager : Event: ======'slide_show_high_scores_active'====== Args={'_from_bcp': True}
2020-08-10 18:17:49,924 : INFO : EventManager : Event: ======'slide_awesome_slide_removed'====== Args={'_from_bcp': True}
2020-08-10 18:17:49,928 : INFO : EventManager : Event: ======'slide_awesome_slide_created'====== Args={'_from_bcp': True}
2020-08-10 18:17:49,931 : INFO : EventManager : Event: ======'slide_awesome_slide_active'====== Args={'_from_bcp': True}
2020-08-10 18:17:52,917 : INFO : EventManager : Event: ======'slide_press_start_removed'====== Args={'_from_bcp': True}
2020-08-10 18:17:52,990 : INFO : EventManager : Event: ======'slide_press_start_created'====== Args={'_from_bcp': True}
2020-08-10 18:17:53,002 : INFO : EventManager : Event: ======'slide_press_start_active'====== Args={'_from_bcp': True}
2020-08-10 18:17:55,912 : INFO : EventManager : Event: ======'slide_mission_pinball_removed'====== Args={'_from_bcp': True}
2020-08-10 18:17:55,920 : INFO : EventManager : Event: ======'slide_mission_pinball_created'====== Args={'_from_bcp': True}
2020-08-10 18:17:55,924 : INFO : EventManager : Event: ======'slide_mission_pinball_active'====== Args={'_from_bcp': True}
2020-08-10 18:18:01,914 : INFO : EventManager : Event: ======'slide_GameCard_removed'====== Args={'_from_bcp': True}
2020-08-10 18:18:01,915 : INFO : EventManager : Event: ======'slide_GameCard_created'====== Args={'_from_bcp': True}
2020-08-10 18:18:01,916 : INFO : EventManager : Event: ======'slide_GameCard_active'====== Args={'_from_bcp': True}
2020-08-10 18:18:04,912 : INFO : EventManager : Event: ======'slide_HowTo_removed'====== Args={'_from_bcp': True}
2020-08-10 18:18:04,949 : INFO : EventManager : Event: ======'slide_HowTo_created'====== Args={'_from_bcp': True}
2020-08-10 18:18:04,949 : INFO : EventManager : Event: ======'slide_HowTo_active'====== Args={'_from_bcp': True}
2020-08-10 18:18:12,918 : INFO : EventManager : Event: ======'slide_last_game_score_slide1_removed'====== Args={'_from_bcp': True}
2020-08-10 18:18:12,931 : INFO : EventManager : Event: ======'slide_last_game_score_slide1_created'====== Args={'_from_bcp': True}
2020-08-10 18:18:12,942 : INFO : EventManager : Event: ======'slide_last_game_score_slide1_active'====== Args={'_from_bcp': True}
2020-08-10 18:18:20,935 : INFO : EventManager : Event: ======'slide_show_high_scores_removed'====== Args={'_from_bcp': True}
2020-08-10 18:18:20,945 : INFO : EventManager : Event: ======'slide_show_high_scores_created'====== Args={'_from_bcp': True}
2020-08-10 18:18:20,966 : INFO : EventManager : Event: ======'slide_show_high_scores_active'====== Args={'_from_bcp': True}
2020-08-10 18:18:21,910 : INFO : EventManager : Event: ======'slide_awesome_slide_removed'====== Args={'_from_bcp': True}
2020-08-10 18:18:21,915 : INFO : EventManager : Event: ======'slide_awesome_slide_created'====== Args={'_from_bcp': True}
2020-08-10 18:18:21,932 : INFO : EventManager : Event: ======'slide_awesome_slide_active'====== Args={'_from_bcp': True}
2020-08-10 18:18:24,914 : INFO : EventManager : Event: ======'slide_press_start_removed'====== Args={'_from_bcp': True}
2020-08-10 18:18:24,916 : INFO : EventManager : Event: ======'slide_press_start_created'====== Args={'_from_bcp': True}
2020-08-10 18:18:24,920 : INFO : EventManager : Event: ======'slide_press_start_active'====== Args={'_from_bcp': True}
2020-08-10 18:18:27,920 : INFO : EventManager : Event: ======'slide_mission_pinball_removed'====== Args={'_from_bcp': True}
2020-08-10 18:18:27,929 : INFO : EventManager : Event: ======'slide_mission_pinball_created'====== Args={'_from_bcp': True}
2020-08-10 18:18:27,933 : INFO : EventManager : Event: ======'slide_mission_pinball_active'====== Args={'_from_bcp': True}
2020-08-10 18:18:33,917 : INFO : EventManager : Event: ======'slide_GameCard_removed'====== Args={'_from_bcp': True}
2020-08-10 18:18:33,920 : INFO : EventManager : Event: ======'slide_GameCard_created'====== Args={'_from_bcp': True}
2020-08-10 18:18:33,922 : INFO : EventManager : Event: ======'slide_GameCard_active'====== Args={'_from_bcp': True}
2020-08-10 18:18:36,909 : INFO : EventManager : Event: ======'slide_HowTo_removed'====== Args={'_from_bcp': True}
2020-08-10 18:18:36,939 : INFO : EventManager : Event: ======'slide_HowTo_created'====== Args={'_from_bcp': True}
2020-08-10 18:18:36,939 : INFO : EventManager : Event: ======'slide_HowTo_active'====== Args={'_from_bcp': True}
2020-08-10 18:18:44,908 : INFO : EventManager : Event: ======'slide_last_game_score_slide1_removed'====== Args={'_from_bcp': True}
2020-08-10 18:18:44,939 : INFO : EventManager : Event: ======'slide_last_game_score_slide1_created'====== Args={'_from_bcp': True}
2020-08-10 18:18:44,939 : INFO : EventManager : Event: ======'slide_last_game_score_slide1_active'====== Args={'_from_bcp': True}
2020-08-10 18:18:52,916 : INFO : EventManager : Event: ======'slide_show_high_scores_removed'====== Args={'_from_bcp': True}
2020-08-10 18:18:52,929 : INFO : EventManager : Event: ======'slide_show_high_scores_created'====== Args={'_from_bcp': True}
2020-08-10 18:18:52,955 : INFO : EventManager : Event: ======'slide_show_high_scores_active'====== Args={'_from_bcp': True}
2020-08-10 18:18:53,914 : INFO : EventManager : Event: ======'slide_awesome_slide_removed'====== Args={'_from_bcp': True}
2020-08-10 18:18:53,917 : INFO : EventManager : Event: ======'slide_awesome_slide_created'====== Args={'_from_bcp': True}
2020-08-10 18:18:53,920 : INFO : EventManager : Event: ======'slide_awesome_slide_active'====== Args={'_from_bcp': True}
2020-08-10 18:18:56,912 : INFO : EventManager : Event: ======'slide_press_start_removed'====== Args={'_from_bcp': True}
2020-08-10 18:18:56,919 : INFO : EventManager : Event: ======'slide_press_start_created'====== Args={'_from_bcp': True}
2020-08-10 18:18:56,924 : INFO : EventManager : Event: ======'slide_press_start_active'====== Args={'_from_bcp': True}
2020-08-10 18:18:59,912 : INFO : EventManager : Event: ======'slide_mission_pinball_removed'====== Args={'_from_bcp': True}
2020-08-10 18:18:59,929 : INFO : EventManager : Event: ======'slide_mission_pinball_created'====== Args={'_from_bcp': True}
2020-08-10 18:18:59,930 : INFO : EventManager : Event: ======'slide_mission_pinball_active'====== Args={'_from_bcp': True}
2020-08-10 18:19:05,916 : INFO : EventManager : Event: ======'slide_GameCard_removed'====== Args={'_from_bcp': True}
2020-08-10 18:19:05,919 : INFO : EventManager : Event: ======'slide_GameCard_created'====== Args={'_from_bcp': True}
2020-08-10 18:19:05,921 : INFO : EventManager : Event: ======'slide_GameCard_active'====== Args={'_from_bcp': True}
2020-08-10 18:19:08,931 : INFO : EventManager : Event: ======'slide_HowTo_removed'====== Args={'_from_bcp': True}
2020-08-10 18:19:08,968 : INFO : EventManager : Event: ======'slide_HowTo_created'====== Args={'_from_bcp': True}
2020-08-10 18:19:08,968 : INFO : EventManager : Event: ======'slide_HowTo_active'====== Args={'_from_bcp': True}
2020-08-10 18:19:16,910 : INFO : EventManager : Event: ======'slide_last_game_score_slide1_removed'====== Args={'_from_bcp': True}
2020-08-10 18:19:16,944 : INFO : EventManager : Event: ======'slide_last_game_score_slide1_created'====== Args={'_from_bcp': True}
2020-08-10 18:19:16,944 : INFO : EventManager : Event: ======'slide_last_game_score_slide1_active'====== Args={'_from_bcp': True}
2020-08-10 18:19:24,933 : INFO : EventManager : Event: ======'slide_show_high_scores_removed'====== Args={'_from_bcp': True}
2020-08-10 18:19:24,936 : INFO : EventManager : Event: ======'slide_show_high_scores_created'====== Args={'_from_bcp': True}
2020-08-10 18:19:24,959 : INFO : EventManager : Event: ======'slide_show_high_scores_active'====== Args={'_from_bcp': True}
2020-08-10 18:19:25,916 : INFO : EventManager : Event: ======'slide_awesome_slide_removed'====== Args={'_from_bcp': True}
2020-08-10 18:19:25,916 : INFO : EventManager : Event: ======'slide_awesome_slide_created'====== Args={'_from_bcp': True}
2020-08-10 18:19:25,917 : INFO : EventManager : Event: ======'slide_awesome_slide_active'====== Args={'_from_bcp': True}
2020-08-10 18:19:28,928 : INFO : EventManager : Event: ======'slide_press_start_removed'====== Args={'_from_bcp': True}
2020-08-10 18:19:28,947 : INFO : EventManager : Event: ======'slide_press_start_created'====== Args={'_from_bcp': True}
2020-08-10 18:19:28,948 : INFO : EventManager : Event: ======'slide_press_start_active'====== Args={'_from_bcp': True}
2020-08-10 18:19:31,947 : INFO : EventManager : Event: ======'slide_mission_pinball_removed'====== Args={'_from_bcp': True}
2020-08-10 18:19:31,948 : INFO : EventManager : Event: ======'slide_mission_pinball_created'====== Args={'_from_bcp': True}
2020-08-10 18:19:31,948 : INFO : EventManager : Event: ======'slide_mission_pinball_active'====== Args={'_from_bcp': True}
2020-08-10 18:19:37,935 : INFO : EventManager : Event: ======'slide_GameCard_removed'====== Args={'_from_bcp': True}
2020-08-10 18:19:37,936 : INFO : EventManager : Event: ======'slide_GameCard_created'====== Args={'_from_bcp': True}
2020-08-10 18:19:37,937 : INFO : EventManager : Event: ======'slide_GameCard_active'====== Args={'_from_bcp': True}
2020-08-10 18:19:40,915 : INFO : EventManager : Event: ======'slide_HowTo_removed'====== Args={'_from_bcp': True}
2020-08-10 18:19:40,950 : INFO : EventManager : Event: ======'slide_HowTo_created'====== Args={'_from_bcp': True}
2020-08-10 18:19:40,951 : INFO : EventManager : Event: ======'slide_HowTo_active'====== Args={'_from_bcp': True}
2020-08-10 18:19:48,951 : INFO : EventManager : Event: ======'slide_last_game_score_slide1_removed'====== Args={'_from_bcp': True}
2020-08-10 18:19:49,016 : INFO : EventManager : Event: ======'slide_last_game_score_slide1_created'====== Args={'_from_bcp': True}
2020-08-10 18:19:49,025 : INFO : EventManager : Event: ======'slide_last_game_score_slide1_active'====== Args={'_from_bcp': True}
2020-08-10 18:19:56,941 : INFO : EventManager : Event: ======'slide_show_high_scores_removed'====== Args={'_from_bcp': True}
2020-08-10 18:19:56,944 : INFO : EventManager : Event: ======'slide_show_high_scores_created'====== Args={'_from_bcp': True}
2020-08-10 18:19:56,959 : INFO : EventManager : Event: ======'slide_show_high_scores_active'====== Args={'_from_bcp': True}
2020-08-10 18:19:57,931 : INFO : EventManager : Event: ======'slide_awesome_slide_removed'====== Args={'_from_bcp': True}
2020-08-10 18:19:57,935 : INFO : EventManager : Event: ======'slide_awesome_slide_created'====== Args={'_from_bcp': True}
2020-08-10 18:19:57,938 : INFO : EventManager : Event: ======'slide_awesome_slide_active'====== Args={'_from_bcp': True}
2020-08-10 18:20:00,916 : INFO : EventManager : Event: ======'slide_press_start_removed'====== Args={'_from_bcp': True}
2020-08-10 18:20:00,939 : INFO : EventManager : Event: ======'slide_press_start_created'====== Args={'_from_bcp': True}
2020-08-10 18:20:00,940 : INFO : EventManager : Event: ======'slide_press_start_active'====== Args={'_from_bcp': True}
2020-08-10 18:20:03,910 : INFO : EventManager : Event: ======'slide_mission_pinball_removed'====== Args={'_from_bcp': True}
2020-08-10 18:20:03,923 : INFO : EventManager : Event: ======'slide_mission_pinball_created'====== Args={'_from_bcp': True}
2020-08-10 18:20:03,923 : INFO : EventManager : Event: ======'slide_mission_pinball_active'====== Args={'_from_bcp': True}
2020-08-10 18:20:09,911 : INFO : EventManager : Event: ======'slide_GameCard_removed'====== Args={'_from_bcp': True}
2020-08-10 18:20:09,912 : INFO : EventManager : Event: ======'slide_GameCard_created'====== Args={'_from_bcp': True}
2020-08-10 18:20:09,914 : INFO : EventManager : Event: ======'slide_GameCard_active'====== Args={'_from_bcp': True}
2020-08-10 18:20:12,909 : INFO : EventManager : Event: ======'slide_HowTo_removed'====== Args={'_from_bcp': True}
2020-08-10 18:20:12,950 : INFO : EventManager : Event: ======'slide_HowTo_created'====== Args={'_from_bcp': True}
2020-08-10 18:20:12,950 : INFO : EventManager : Event: ======'slide_HowTo_active'====== Args={'_from_bcp': True}
2020-08-10 18:20:20,931 : INFO : EventManager : Event: ======'slide_last_game_score_slide1_removed'====== Args={'_from_bcp': True}
2020-08-10 18:20:20,938 : INFO : EventManager : Event: ======'slide_last_game_score_slide1_created'====== Args={'_from_bcp': True}
2020-08-10 18:20:20,945 : INFO : EventManager : Event: ======'slide_last_game_score_slide1_active'====== Args={'_from_bcp': True}
2020-08-10 18:20:28,921 : INFO : EventManager : Event: ======'slide_show_high_scores_removed'====== Args={'_from_bcp': True}
2020-08-10 18:20:28,967 : INFO : EventManager : Event: ======'slide_show_high_scores_created'====== Args={'_from_bcp': True}
2020-08-10 18:20:28,967 : INFO : EventManager : Event: ======'slide_show_high_scores_active'====== Args={'_from_bcp': True}
2020-08-10 18:20:29,917 : INFO : EventManager : Event: ======'slide_awesome_slide_removed'====== Args={'_from_bcp': True}
2020-08-10 18:20:29,921 : INFO : EventManager : Event: ======'slide_awesome_slide_created'====== Args={'_from_bcp': True}
2020-08-10 18:20:29,924 : INFO : EventManager : Event: ======'slide_awesome_slide_active'====== Args={'_from_bcp': True}
2020-08-10 18:20:32,905 : INFO : EventManager : Event: ======'slide_press_start_removed'====== Args={'_from_bcp': True}
2020-08-10 18:20:32,911 : INFO : EventManager : Event: ======'slide_press_start_created'====== Args={'_from_bcp': True}
2020-08-10 18:20:32,915 : INFO : EventManager : Event: ======'slide_press_start_active'====== Args={'_from_bcp': True}
2020-08-10 18:20:35,936 : INFO : EventManager : Event: ======'slide_mission_pinball_removed'====== Args={'_from_bcp': True}
2020-08-10 18:20:35,945 : INFO : EventManager : Event: ======'slide_mission_pinball_created'====== Args={'_from_bcp': True}
2020-08-10 18:20:35,950 : INFO : EventManager : Event: ======'slide_mission_pinball_active'====== Args={'_from_bcp': True}
2020-08-10 18:20:41,916 : INFO : EventManager : Event: ======'slide_GameCard_removed'====== Args={'_from_bcp': True}
2020-08-10 18:20:41,918 : INFO : EventManager : Event: ======'slide_GameCard_created'====== Args={'_from_bcp': True}
2020-08-10 18:20:41,920 : INFO : EventManager : Event: ======'slide_GameCard_active'====== Args={'_from_bcp': True}
2020-08-10 18:20:44,927 : INFO : EventManager : Event: ======'slide_HowTo_removed'====== Args={'_from_bcp': True}
2020-08-10 18:20:44,965 : INFO : EventManager : Event: ======'slide_HowTo_created'====== Args={'_from_bcp': True}
2020-08-10 18:20:44,966 : INFO : EventManager : Event: ======'slide_HowTo_active'====== Args={'_from_bcp': True}
2020-08-10 18:20:52,943 : INFO : EventManager : Event: ======'slide_last_game_score_slide1_removed'====== Args={'_from_bcp': True}
2020-08-10 18:20:52,946 : INFO : EventManager : Event: ======'slide_last_game_score_slide1_created'====== Args={'_from_bcp': True}
2020-08-10 18:20:52,954 : INFO : EventManager : Event: ======'slide_last_game_score_slide1_active'====== Args={'_from_bcp': True}
2020-08-10 18:21:00,931 : INFO : EventManager : Event: ======'slide_show_high_scores_removed'====== Args={'_from_bcp': True}
2020-08-10 18:21:00,938 : INFO : EventManager : Event: ======'slide_show_high_scores_created'====== Args={'_from_bcp': True}
2020-08-10 18:21:00,957 : INFO : EventManager : Event: ======'slide_show_high_scores_active'====== Args={'_from_bcp': True}
2020-08-10 18:21:01,916 : INFO : EventManager : Event: ======'slide_awesome_slide_removed'====== Args={'_from_bcp': True}
2020-08-10 18:21:01,926 : INFO : EventManager : Event: ======'slide_awesome_slide_created'====== Args={'_from_bcp': True}
2020-08-10 18:21:01,926 : INFO : EventManager : Event: ======'slide_awesome_slide_active'====== Args={'_from_bcp': True}
2020-08-10 18:21:04,904 : INFO : EventManager : Event: ======'slide_press_start_removed'====== Args={'_from_bcp': True}
2020-08-10 18:21:04,918 : INFO : EventManager : Event: ======'slide_press_start_created'====== Args={'_from_bcp': True}
2020-08-10 18:21:04,922 : INFO : EventManager : Event: ======'slide_press_start_active'====== Args={'_from_bcp': True}
2020-08-10 18:21:07,928 : INFO : EventManager : Event: ======'slide_mission_pinball_removed'====== Args={'_from_bcp': True}
2020-08-10 18:21:07,946 : INFO : EventManager : Event: ======'slide_mission_pinball_created'====== Args={'_from_bcp': True}
2020-08-10 18:21:07,947 : INFO : EventManager : Event: ======'slide_mission_pinball_active'====== Args={'_from_bcp': True}
2020-08-10 18:21:13,907 : INFO : EventManager : Event: ======'slide_GameCard_removed'====== Args={'_from_bcp': True}
2020-08-10 18:21:13,910 : INFO : EventManager : Event: ======'slide_GameCard_created'====== Args={'_from_bcp': True}
2020-08-10 18:21:13,913 : INFO : EventManager : Event: ======'slide_GameCard_active'====== Args={'_from_bcp': True}
2020-08-10 18:21:16,938 : INFO : EventManager : Event: ======'slide_HowTo_removed'====== Args={'_from_bcp': True}
2020-08-10 18:21:16,946 : INFO : EventManager : Event: ======'slide_HowTo_created'====== Args={'_from_bcp': True}
2020-08-10 18:21:16,957 : INFO : EventManager : Event: ======'slide_HowTo_active'====== Args={'_from_bcp': True}
2020-08-10 18:21:24,930 : INFO : EventManager : Event: ======'slide_last_game_score_slide1_removed'====== Args={'_from_bcp': True}
2020-08-10 18:21:24,960 : INFO : EventManager : Event: ======'slide_last_game_score_slide1_created'====== Args={'_from_bcp': True}
2020-08-10 18:21:24,961 : INFO : EventManager : Event: ======'slide_last_game_score_slide1_active'====== Args={'_from_bcp': True}
2020-08-10 18:21:32,919 : INFO : EventManager : Event: ======'slide_show_high_scores_removed'====== Args={'_from_bcp': True}
2020-08-10 18:21:32,955 : INFO : EventManager : Event: ======'slide_show_high_scores_created'====== Args={'_from_bcp': True}
2020-08-10 18:21:32,956 : INFO : EventManager : Event: ======'slide_show_high_scores_active'====== Args={'_from_bcp': True}
2020-08-10 18:21:33,920 : INFO : EventManager : Event: ======'slide_awesome_slide_removed'====== Args={'_from_bcp': True}
2020-08-10 18:21:33,923 : INFO : EventManager : Event: ======'slide_awesome_slide_created'====== Args={'_from_bcp': True}
2020-08-10 18:21:33,927 : INFO : EventManager : Event: ======'slide_awesome_slide_active'====== Args={'_from_bcp': True}
2020-08-10 18:21:36,932 : INFO : EventManager : Event: ======'slide_press_start_removed'====== Args={'_from_bcp': True}
2020-08-10 18:21:36,941 : INFO : EventManager : Event: ======'slide_press_start_created'====== Args={'_from_bcp': True}
2020-08-10 18:21:36,944 : INFO : EventManager : Event: ======'slide_press_start_active'====== Args={'_from_bcp': True}
2020-08-10 18:21:39,970 : INFO : EventManager : Event: ======'slide_mission_pinball_removed'====== Args={'_from_bcp': True}
2020-08-10 18:21:39,998 : INFO : EventManager : Event: ======'slide_mission_pinball_created'====== Args={'_from_bcp': True}
2020-08-10 18:21:39,999 : INFO : EventManager : Event: ======'slide_mission_pinball_active'====== Args={'_from_bcp': True}
2020-08-10 18:21:45,916 : INFO : EventManager : Event: ======'slide_GameCard_removed'====== Args={'_from_bcp': True}
2020-08-10 18:21:45,920 : INFO : EventManager : Event: ======'slide_GameCard_created'====== Args={'_from_bcp': True}
2020-08-10 18:21:45,922 : INFO : EventManager : Event: ======'slide_GameCard_active'====== Args={'_from_bcp': True}
2020-08-10 18:21:48,948 : INFO : EventManager : Event: ======'slide_HowTo_removed'====== Args={'_from_bcp': True}
2020-08-10 18:21:48,955 : INFO : EventManager : Event: ======'slide_HowTo_created'====== Args={'_from_bcp': True}
2020-08-10 18:21:48,960 : INFO : EventManager : Event: ======'slide_HowTo_active'====== Args={'_from_bcp': True}
2020-08-10 18:21:56,940 : INFO : EventManager : Event: ======'slide_last_game_score_slide1_removed'====== Args={'_from_bcp': True}
2020-08-10 18:21:56,945 : INFO : EventManager : Event: ======'slide_last_game_score_slide1_created'====== Args={'_from_bcp': True}
2020-08-10 18:21:56,969 : INFO : EventManager : Event: ======'slide_last_game_score_slide1_active'====== Args={'_from_bcp': True}
2020-08-10 18:22:04,925 : INFO : EventManager : Event: ======'slide_show_high_scores_removed'====== Args={'_from_bcp': True}
2020-08-10 18:22:04,952 : INFO : EventManager : Event: ======'slide_show_high_scores_created'====== Args={'_from_bcp': True}
2020-08-10 18:22:04,953 : INFO : EventManager : Event: ======'slide_show_high_scores_active'====== Args={'_from_bcp': True}
2020-08-10 18:22:05,932 : INFO : EventManager : Event: ======'slide_awesome_slide_removed'====== Args={'_from_bcp': True}
2020-08-10 18:22:05,946 : INFO : EventManager : Event: ======'slide_awesome_slide_created'====== Args={'_from_bcp': True}
2020-08-10 18:22:05,946 : INFO : EventManager : Event: ======'slide_awesome_slide_active'====== Args={'_from_bcp': True}
2020-08-10 18:22:08,947 : INFO : EventManager : Event: ======'slide_press_start_removed'====== Args={'_from_bcp': True}
2020-08-10 18:22:08,947 : INFO : EventManager : Event: ======'slide_press_start_created'====== Args={'_from_bcp': True}
2020-08-10 18:22:08,948 : INFO : EventManager : Event: ======'slide_press_start_active'====== Args={'_from_bcp': True}
2020-08-10 18:22:11,943 : INFO : EventManager : Event: ======'slide_mission_pinball_removed'====== Args={'_from_bcp': True}
2020-08-10 18:22:11,944 : INFO : EventManager : Event: ======'slide_mission_pinball_created'====== Args={'_from_bcp': True}
2020-08-10 18:22:11,944 : INFO : EventManager : Event: ======'slide_mission_pinball_active'====== Args={'_from_bcp': True}
2020-08-10 18:22:17,926 : INFO : EventManager : Event: ======'slide_GameCard_removed'====== Args={'_from_bcp': True}
2020-08-10 18:22:17,928 : INFO : EventManager : Event: ======'slide_GameCard_created'====== Args={'_from_bcp': True}
2020-08-10 18:22:17,931 : INFO : EventManager : Event: ======'slide_GameCard_active'====== Args={'_from_bcp': True}
2020-08-10 18:22:20,927 : INFO : EventManager : Event: ======'slide_HowTo_removed'====== Args={'_from_bcp': True}
2020-08-10 18:22:20,943 : INFO : EventManager : Event: ======'slide_HowTo_created'====== Args={'_from_bcp': True}
2020-08-10 18:22:20,960 : INFO : EventManager : Event: ======'slide_HowTo_active'====== Args={'_from_bcp': True}
2020-08-10 18:22:28,916 : INFO : EventManager : Event: ======'slide_last_game_score_slide1_removed'====== Args={'_from_bcp': True}
2020-08-10 18:22:28,948 : INFO : EventManager : Event: ======'slide_last_game_score_slide1_created'====== Args={'_from_bcp': True}
2020-08-10 18:22:28,948 : INFO : EventManager : Event: ======'slide_last_game_score_slide1_active'====== Args={'_from_bcp': True}
2020-08-10 18:22:36,929 : INFO : EventManager : Event: ======'slide_show_high_scores_removed'====== Args={'_from_bcp': True}
2020-08-10 18:22:36,945 : INFO : EventManager : Event: ======'slide_show_high_scores_created'====== Args={'_from_bcp': True}
2020-08-10 18:22:36,965 : INFO : EventManager : Event: ======'slide_show_high_scores_active'====== Args={'_from_bcp': True}
2020-08-10 18:22:37,927 : INFO : EventManager : Event: ======'slide_awesome_slide_removed'====== Args={'_from_bcp': True}
2020-08-10 18:22:37,928 : INFO : EventManager : Event: ======'slide_awesome_slide_created'====== Args={'_from_bcp': True}
2020-08-10 18:22:37,928 : INFO : EventManager : Event: ======'slide_awesome_slide_active'====== Args={'_from_bcp': True}
2020-08-10 18:22:40,927 : INFO : EventManager : Event: ======'slide_press_start_removed'====== Args={'_from_bcp': True}
2020-08-10 18:22:40,928 : INFO : EventManager : Event: ======'slide_press_start_created'====== Args={'_from_bcp': True}
2020-08-10 18:22:40,933 : INFO : EventManager : Event: ======'slide_press_start_active'====== Args={'_from_bcp': True}
2020-08-10 18:22:43,918 : INFO : EventManager : Event: ======'slide_mission_pinball_removed'====== Args={'_from_bcp': True}
2020-08-10 18:22:43,927 : INFO : EventManager : Event: ======'slide_mission_pinball_created'====== Args={'_from_bcp': True}
2020-08-10 18:22:43,931 : INFO : EventManager : Event: ======'slide_mission_pinball_active'====== Args={'_from_bcp': True}
2020-08-10 18:22:49,918 : INFO : EventManager : Event: ======'slide_GameCard_removed'====== Args={'_from_bcp': True}
2020-08-10 18:22:49,921 : INFO : EventManager : Event: ======'slide_GameCard_created'====== Args={'_from_bcp': True}
2020-08-10 18:22:49,923 : INFO : EventManager : Event: ======'slide_GameCard_active'====== Args={'_from_bcp': True}
2020-08-10 18:22:52,940 : INFO : EventManager : Event: ======'slide_HowTo_removed'====== Args={'_from_bcp': True}
2020-08-10 18:22:52,947 : INFO : EventManager : Event: ======'slide_HowTo_created'====== Args={'_from_bcp': True}
2020-08-10 18:22:52,953 : INFO : EventManager : Event: ======'slide_HowTo_active'====== Args={'_from_bcp': True}
2020-08-10 18:23:00,927 : INFO : EventManager : Event: ======'slide_last_game_score_slide1_removed'====== Args={'_from_bcp': True}
2020-08-10 18:23:00,934 : INFO : EventManager : Event: ======'slide_last_game_score_slide1_created'====== Args={'_from_bcp': True}
2020-08-10 18:23:00,941 : INFO : EventManager : Event: ======'slide_last_game_score_slide1_active'====== Args={'_from_bcp': True}
2020-08-10 18:23:08,917 : INFO : EventManager : Event: ======'slide_show_high_scores_removed'====== Args={'_from_bcp': True}
2020-08-10 18:23:08,947 : INFO : EventManager : Event: ======'slide_show_high_scores_created'====== Args={'_from_bcp': True}
2020-08-10 18:23:08,948 : INFO : EventManager : Event: ======'slide_show_high_scores_active'====== Args={'_from_bcp': True}
2020-08-10 18:23:09,911 : INFO : EventManager : Event: ======'slide_awesome_slide_removed'====== Args={'_from_bcp': True}
2020-08-10 18:23:09,913 : INFO : EventManager : Event: ======'slide_awesome_slide_created'====== Args={'_from_bcp': True}
2020-08-10 18:23:09,914 : INFO : EventManager : Event: ======'slide_awesome_slide_active'====== Args={'_from_bcp': True}
2020-08-10 18:23:12,942 : INFO : EventManager : Event: ======'slide_press_start_removed'====== Args={'_from_bcp': True}
2020-08-10 18:23:12,943 : INFO : EventManager : Event: ======'slide_press_start_created'====== Args={'_from_bcp': True}
2020-08-10 18:23:12,943 : INFO : EventManager : Event: ======'slide_press_start_active'====== Args={'_from_bcp': True}
2020-08-10 18:23:15,934 : INFO : EventManager : Event: ======'slide_mission_pinball_removed'====== Args={'_from_bcp': True}
2020-08-10 18:23:15,936 : INFO : EventManager : Event: ======'slide_mission_pinball_created'====== Args={'_from_bcp': True}
2020-08-10 18:23:15,943 : INFO : EventManager : Event: ======'slide_mission_pinball_active'====== Args={'_from_bcp': True}
2020-08-10 18:23:21,904 : INFO : EventManager : Event: ======'slide_GameCard_removed'====== Args={'_from_bcp': True}
2020-08-10 18:23:21,907 : INFO : EventManager : Event: ======'slide_GameCard_created'====== Args={'_from_bcp': True}
2020-08-10 18:23:21,919 : INFO : EventManager : Event: ======'slide_GameCard_active'====== Args={'_from_bcp': True}
2020-08-10 18:23:24,933 : INFO : EventManager : Event: ======'slide_HowTo_removed'====== Args={'_from_bcp': True}
2020-08-10 18:23:24,968 : INFO : EventManager : Event: ======'slide_HowTo_created'====== Args={'_from_bcp': True}
2020-08-10 18:23:24,968 : INFO : EventManager : Event: ======'slide_HowTo_active'====== Args={'_from_bcp': True}
2020-08-10 18:23:32,936 : INFO : EventManager : Event: ======'slide_last_game_score_slide1_removed'====== Args={'_from_bcp': True}
2020-08-10 18:23:33,001 : INFO : EventManager : Event: ======'slide_last_game_score_slide1_created'====== Args={'_from_bcp': True}
2020-08-10 18:23:33,010 : INFO : EventManager : Event: ======'slide_last_game_score_slide1_active'====== Args={'_from_bcp': True}
2020-08-10 18:23:40,922 : INFO : EventManager : Event: ======'slide_show_high_scores_removed'====== Args={'_from_bcp': True}
2020-08-10 18:23:40,934 : INFO : EventManager : Event: ======'slide_show_high_scores_created'====== Args={'_from_bcp': True}
2020-08-10 18:23:40,960 : INFO : EventManager : Event: ======'slide_show_high_scores_active'====== Args={'_from_bcp': True}
2020-08-10 18:23:41,922 : INFO : EventManager : Event: ======'slide_awesome_slide_removed'====== Args={'_from_bcp': True}
2020-08-10 18:23:41,926 : INFO : EventManager : Event: ======'slide_awesome_slide_created'====== Args={'_from_bcp': True}
2020-08-10 18:23:41,928 : INFO : EventManager : Event: ======'slide_awesome_slide_active'====== Args={'_from_bcp': True}
2020-08-10 18:23:44,911 : INFO : EventManager : Event: ======'slide_press_start_removed'====== Args={'_from_bcp': True}
2020-08-10 18:23:44,919 : INFO : EventManager : Event: ======'slide_press_start_created'====== Args={'_from_bcp': True}
2020-08-10 18:23:44,923 : INFO : EventManager : Event: ======'slide_press_start_active'====== Args={'_from_bcp': True}
2020-08-10 18:23:47,923 : INFO : EventManager : Event: ======'slide_mission_pinball_removed'====== Args={'_from_bcp': True}
2020-08-10 18:23:47,929 : INFO : EventManager : Event: ======'slide_mission_pinball_created'====== Args={'_from_bcp': True}
2020-08-10 18:23:47,946 : INFO : EventManager : Event: ======'slide_mission_pinball_active'====== Args={'_from_bcp': True}
2020-08-10 18:23:53,933 : INFO : EventManager : Event: ======'slide_GameCard_removed'====== Args={'_from_bcp': True}
2020-08-10 18:23:53,938 : INFO : EventManager : Event: ======'slide_GameCard_created'====== Args={'_from_bcp': True}
2020-08-10 18:23:53,939 : INFO : EventManager : Event: ======'slide_GameCard_active'====== Args={'_from_bcp': True}
2020-08-10 18:23:56,915 : INFO : EventManager : Event: ======'slide_HowTo_removed'====== Args={'_from_bcp': True}
2020-08-10 18:23:56,943 : INFO : EventManager : Event: ======'slide_HowTo_created'====== Args={'_from_bcp': True}
2020-08-10 18:23:56,944 : INFO : EventManager : Event: ======'slide_HowTo_active'====== Args={'_from_bcp': True}
2020-08-10 18:24:04,927 : INFO : EventManager : Event: ======'slide_last_game_score_slide1_removed'====== Args={'_from_bcp': True}
2020-08-10 18:24:04,965 : INFO : EventManager : Event: ======'slide_last_game_score_slide1_created'====== Args={'_from_bcp': True}
2020-08-10 18:24:04,966 : INFO : EventManager : Event: ======'slide_last_game_score_slide1_active'====== Args={'_from_bcp': True}
2020-08-10 18:24:12,917 : INFO : EventManager : Event: ======'slide_show_high_scores_removed'====== Args={'_from_bcp': True}
2020-08-10 18:24:12,949 : INFO : EventManager : Event: ======'slide_show_high_scores_created'====== Args={'_from_bcp': True}
2020-08-10 18:24:12,950 : INFO : EventManager : Event: ======'slide_show_high_scores_active'====== Args={'_from_bcp': True}
2020-08-10 18:24:13,913 : INFO : EventManager : Event: ======'slide_awesome_slide_removed'====== Args={'_from_bcp': True}
2020-08-10 18:24:13,927 : INFO : EventManager : Event: ======'slide_awesome_slide_created'====== Args={'_from_bcp': True}
2020-08-10 18:24:13,927 : INFO : EventManager : Event: ======'slide_awesome_slide_active'====== Args={'_from_bcp': True}
2020-08-10 18:24:16,928 : INFO : EventManager : Event: ======'slide_press_start_removed'====== Args={'_from_bcp': True}
2020-08-10 18:24:16,929 : INFO : EventManager : Event: ======'slide_press_start_created'====== Args={'_from_bcp': True}
2020-08-10 18:24:16,930 : INFO : EventManager : Event: ======'slide_press_start_active'====== Args={'_from_bcp': True}
2020-08-10 18:24:19,909 : INFO : EventManager : Event: ======'slide_mission_pinball_removed'====== Args={'_from_bcp': True}
2020-08-10 18:24:19,929 : INFO : EventManager : Event: ======'slide_mission_pinball_created'====== Args={'_from_bcp': True}
2020-08-10 18:24:19,930 : INFO : EventManager : Event: ======'slide_mission_pinball_active'====== Args={'_from_bcp': True}
2020-08-10 18:24:25,907 : INFO : EventManager : Event: ======'slide_GameCard_removed'====== Args={'_from_bcp': True}
2020-08-10 18:24:25,908 : INFO : EventManager : Event: ======'slide_GameCard_created'====== Args={'_from_bcp': True}
2020-08-10 18:24:25,908 : INFO : EventManager : Event: ======'slide_GameCard_active'====== Args={'_from_bcp': True}
2020-08-10 18:24:28,915 : INFO : EventManager : Event: ======'slide_HowTo_removed'====== Args={'_from_bcp': True}
2020-08-10 18:24:28,951 : INFO : EventManager : Event: ======'slide_HowTo_created'====== Args={'_from_bcp': True}
2020-08-10 18:24:28,951 : INFO : EventManager : Event: ======'slide_HowTo_active'====== Args={'_from_bcp': True}
2020-08-10 18:24:36,917 : INFO : EventManager : Event: ======'slide_last_game_score_slide1_removed'====== Args={'_from_bcp': True}
2020-08-10 18:24:36,933 : INFO : EventManager : Event: ======'slide_last_game_score_slide1_created'====== Args={'_from_bcp': True}
2020-08-10 18:24:36,940 : INFO : EventManager : Event: ======'slide_last_game_score_slide1_active'====== Args={'_from_bcp': True}
2020-08-10 18:24:44,912 : INFO : EventManager : Event: ======'slide_show_high_scores_removed'====== Args={'_from_bcp': True}
2020-08-10 18:24:44,928 : INFO : EventManager : Event: ======'slide_show_high_scores_created'====== Args={'_from_bcp': True}
2020-08-10 18:24:44,939 : INFO : EventManager : Event: ======'slide_show_high_scores_active'====== Args={'_from_bcp': True}
2020-08-10 18:24:45,916 : INFO : EventManager : Event: ======'slide_awesome_slide_removed'====== Args={'_from_bcp': True}
2020-08-10 18:24:45,919 : INFO : EventManager : Event: ======'slide_awesome_slide_created'====== Args={'_from_bcp': True}
2020-08-10 18:24:45,920 : INFO : EventManager : Event: ======'slide_awesome_slide_active'====== Args={'_from_bcp': True}
2020-08-10 18:24:48,920 : INFO : EventManager : Event: ======'slide_press_start_removed'====== Args={'_from_bcp': True}
2020-08-10 18:24:48,934 : INFO : EventManager : Event: ======'slide_press_start_created'====== Args={'_from_bcp': True}
2020-08-10 18:24:48,934 : INFO : EventManager : Event: ======'slide_press_start_active'====== Args={'_from_bcp': True}
2020-08-10 18:24:51,917 : INFO : EventManager : Event: ======'slide_mission_pinball_removed'====== Args={'_from_bcp': True}
2020-08-10 18:24:51,945 : INFO : EventManager : Event: ======'slide_mission_pinball_created'====== Args={'_from_bcp': True}
2020-08-10 18:24:51,946 : INFO : EventManager : Event: ======'slide_mission_pinball_active'====== Args={'_from_bcp': True}
2020-08-10 18:24:57,925 : INFO : EventManager : Event: ======'slide_GameCard_removed'====== Args={'_from_bcp': True}
2020-08-10 18:24:57,928 : INFO : EventManager : Event: ======'slide_GameCard_created'====== Args={'_from_bcp': True}
2020-08-10 18:24:57,930 : INFO : EventManager : Event: ======'slide_GameCard_active'====== Args={'_from_bcp': True}
2020-08-10 18:25:00,917 : INFO : EventManager : Event: ======'slide_HowTo_removed'====== Args={'_from_bcp': True}
2020-08-10 18:25:00,933 : INFO : EventManager : Event: ======'slide_HowTo_created'====== Args={'_from_bcp': True}
2020-08-10 18:25:00,938 : INFO : EventManager : Event: ======'slide_HowTo_active'====== Args={'_from_bcp': True}
2020-08-10 18:25:08,914 : INFO : EventManager : Event: ======'slide_last_game_score_slide1_removed'====== Args={'_from_bcp': True}
2020-08-10 18:25:08,920 : INFO : EventManager : Event: ======'slide_last_game_score_slide1_created'====== Args={'_from_bcp': True}
2020-08-10 18:25:08,941 : INFO : EventManager : Event: ======'slide_last_game_score_slide1_active'====== Args={'_from_bcp': True}
2020-08-10 18:25:16,934 : INFO : EventManager : Event: ======'slide_show_high_scores_removed'====== Args={'_from_bcp': True}
2020-08-10 18:25:16,939 : INFO : EventManager : Event: ======'slide_show_high_scores_created'====== Args={'_from_bcp': True}
2020-08-10 18:25:16,954 : INFO : EventManager : Event: ======'slide_show_high_scores_active'====== Args={'_from_bcp': True}
2020-08-10 18:25:17,924 : INFO : EventManager : Event: ======'slide_awesome_slide_removed'====== Args={'_from_bcp': True}
2020-08-10 18:25:17,924 : INFO : EventManager : Event: ======'slide_awesome_slide_created'====== Args={'_from_bcp': True}
2020-08-10 18:25:17,925 : INFO : EventManager : Event: ======'slide_awesome_slide_active'====== Args={'_from_bcp': True}
2020-08-10 18:25:20,919 : INFO : EventManager : Event: ======'slide_press_start_removed'====== Args={'_from_bcp': True}
2020-08-10 18:25:20,926 : INFO : EventManager : Event: ======'slide_press_start_created'====== Args={'_from_bcp': True}
2020-08-10 18:25:20,931 : INFO : EventManager : Event: ======'slide_press_start_active'====== Args={'_from_bcp': True}
2020-08-10 18:25:23,910 : INFO : EventManager : Event: ======'slide_mission_pinball_removed'====== Args={'_from_bcp': True}
2020-08-10 18:25:23,918 : INFO : EventManager : Event: ======'slide_mission_pinball_created'====== Args={'_from_bcp': True}
2020-08-10 18:25:23,923 : INFO : EventManager : Event: ======'slide_mission_pinball_active'====== Args={'_from_bcp': True}
2020-08-10 18:25:29,920 : INFO : EventManager : Event: ======'slide_GameCard_removed'====== Args={'_from_bcp': True}
2020-08-10 18:25:29,932 : INFO : EventManager : Event: ======'slide_GameCard_created'====== Args={'_from_bcp': True}
2020-08-10 18:25:29,932 : INFO : EventManager : Event: ======'slide_GameCard_active'====== Args={'_from_bcp': True}
2020-08-10 18:25:32,934 : INFO : EventManager : Event: ======'slide_HowTo_removed'====== Args={'_from_bcp': True}
2020-08-10 18:25:33,009 : INFO : EventManager : Event: ======'slide_HowTo_created'====== Args={'_from_bcp': True}
2020-08-10 18:25:33,023 : INFO : EventManager : Event: ======'slide_HowTo_active'====== Args={'_from_bcp': True}
2020-08-10 18:25:40,925 : INFO : EventManager : Event: ======'slide_last_game_score_slide1_removed'====== Args={'_from_bcp': True}
2020-08-10 18:25:40,950 : INFO : EventManager : Event: ======'slide_last_game_score_slide1_created'====== Args={'_from_bcp': True}
2020-08-10 18:25:40,956 : INFO : EventManager : Event: ======'slide_last_game_score_slide1_active'====== Args={'_from_bcp': True}
2020-08-10 18:25:48,910 : INFO : EventManager : Event: ======'slide_show_high_scores_removed'====== Args={'_from_bcp': True}
2020-08-10 18:25:48,944 : INFO : EventManager : Event: ======'slide_show_high_scores_created'====== Args={'_from_bcp': True}
2020-08-10 18:25:48,944 : INFO : EventManager : Event: ======'slide_show_high_scores_active'====== Args={'_from_bcp': True}
2020-08-10 18:25:49,916 : INFO : EventManager : Event: ======'slide_awesome_slide_removed'====== Args={'_from_bcp': True}
2020-08-10 18:25:49,918 : INFO : EventManager : Event: ======'slide_awesome_slide_created'====== Args={'_from_bcp': True}
2020-08-10 18:25:49,920 : INFO : EventManager : Event: ======'slide_awesome_slide_active'====== Args={'_from_bcp': True}
2020-08-10 18:25:52,916 : INFO : EventManager : Event: ======'slide_press_start_removed'====== Args={'_from_bcp': True}
2020-08-10 18:25:52,930 : INFO : EventManager : Event: ======'slide_press_start_created'====== Args={'_from_bcp': True}
2020-08-10 18:25:52,930 : INFO : EventManager : Event: ======'slide_press_start_active'====== Args={'_from_bcp': True}
2020-08-10 18:25:55,931 : INFO : EventManager : Event: ======'slide_mission_pinball_removed'====== Args={'_from_bcp': True}
2020-08-10 18:25:55,932 : INFO : EventManager : Event: ======'slide_mission_pinball_created'====== Args={'_from_bcp': True}
2020-08-10 18:25:55,933 : INFO : EventManager : Event: ======'slide_mission_pinball_active'====== Args={'_from_bcp': True}
2020-08-10 18:26:01,917 : INFO : EventManager : Event: ======'slide_GameCard_removed'====== Args={'_from_bcp': True}
2020-08-10 18:26:01,922 : INFO : EventManager : Event: ======'slide_GameCard_created'====== Args={'_from_bcp': True}
2020-08-10 18:26:01,924 : INFO : EventManager : Event: ======'slide_GameCard_active'====== Args={'_from_bcp': True}
2020-08-10 18:26:04,919 : INFO : EventManager : Event: ======'slide_HowTo_removed'====== Args={'_from_bcp': True}
2020-08-10 18:26:04,963 : INFO : EventManager : Event: ======'slide_HowTo_created'====== Args={'_from_bcp': True}
2020-08-10 18:26:04,964 : INFO : EventManager : Event: ======'slide_HowTo_active'====== Args={'_from_bcp': True}
2020-08-10 18:26:12,913 : INFO : EventManager : Event: ======'slide_last_game_score_slide1_removed'====== Args={'_from_bcp': True}
2020-08-10 18:26:12,949 : INFO : EventManager : Event: ======'slide_last_game_score_slide1_created'====== Args={'_from_bcp': True}
2020-08-10 18:26:12,949 : INFO : EventManager : Event: ======'slide_last_game_score_slide1_active'====== Args={'_from_bcp': True}
2020-08-10 18:26:20,929 : INFO : EventManager : Event: ======'slide_show_high_scores_removed'====== Args={'_from_bcp': True}
2020-08-10 18:26:20,954 : INFO : EventManager : Event: ======'slide_show_high_scores_created'====== Args={'_from_bcp': True}
2020-08-10 18:26:20,954 : INFO : EventManager : Event: ======'slide_show_high_scores_active'====== Args={'_from_bcp': True}
2020-08-10 18:26:21,917 : INFO : EventManager : Event: ======'slide_awesome_slide_removed'====== Args={'_from_bcp': True}
2020-08-10 18:26:21,921 : INFO : EventManager : Event: ======'slide_awesome_slide_created'====== Args={'_from_bcp': True}
2020-08-10 18:26:21,923 : INFO : EventManager : Event: ======'slide_awesome_slide_active'====== Args={'_from_bcp': True}
2020-08-10 18:26:24,925 : INFO : EventManager : Event: ======'slide_press_start_removed'====== Args={'_from_bcp': True}
2020-08-10 18:26:24,943 : INFO : EventManager : Event: ======'slide_press_start_created'====== Args={'_from_bcp': True}
2020-08-10 18:26:24,944 : INFO : EventManager : Event: ======'slide_press_start_active'====== Args={'_from_bcp': True}
2020-08-10 18:26:27,913 : INFO : EventManager : Event: ======'slide_mission_pinball_removed'====== Args={'_from_bcp': True}
2020-08-10 18:26:27,918 : INFO : EventManager : Event: ======'slide_mission_pinball_created'====== Args={'_from_bcp': True}
2020-08-10 18:26:27,921 : INFO : EventManager : Event: ======'slide_mission_pinball_active'====== Args={'_from_bcp': True}
2020-08-10 18:26:33,908 : INFO : EventManager : Event: ======'slide_GameCard_removed'====== Args={'_from_bcp': True}
2020-08-10 18:26:33,911 : INFO : EventManager : Event: ======'slide_GameCard_created'====== Args={'_from_bcp': True}
2020-08-10 18:26:33,916 : INFO : EventManager : Event: ======'slide_GameCard_active'====== Args={'_from_bcp': True}
2020-08-10 18:26:36,916 : INFO : EventManager : Event: ======'slide_HowTo_removed'====== Args={'_from_bcp': True}
2020-08-10 18:26:36,929 : INFO : EventManager : Event: ======'slide_HowTo_created'====== Args={'_from_bcp': True}
2020-08-10 18:26:36,935 : INFO : EventManager : Event: ======'slide_HowTo_active'====== Args={'_from_bcp': True}
2020-08-10 18:26:44,913 : INFO : EventManager : Event: ======'slide_last_game_score_slide1_removed'====== Args={'_from_bcp': True}
2020-08-10 18:26:44,940 : INFO : EventManager : Event: ======'slide_last_game_score_slide1_created'====== Args={'_from_bcp': True}
2020-08-10 18:26:44,941 : INFO : EventManager : Event: ======'slide_last_game_score_slide1_active'====== Args={'_from_bcp': True}
2020-08-10 18:26:52,908 : INFO : EventManager : Event: ======'slide_show_high_scores_removed'====== Args={'_from_bcp': True}
2020-08-10 18:26:52,942 : INFO : EventManager : Event: ======'slide_show_high_scores_created'====== Args={'_from_bcp': True}
2020-08-10 18:26:52,942 : INFO : EventManager : Event: ======'slide_show_high_scores_active'====== Args={'_from_bcp': True}
2020-08-10 18:26:53,916 : INFO : EventManager : Event: ======'slide_awesome_slide_removed'====== Args={'_from_bcp': True}
2020-08-10 18:26:53,923 : INFO : EventManager : Event: ======'slide_awesome_slide_created'====== Args={'_from_bcp': True}
2020-08-10 18:26:53,924 : INFO : EventManager : Event: ======'slide_awesome_slide_active'====== Args={'_from_bcp': True}
2020-08-10 18:26:56,917 : INFO : EventManager : Event: ======'slide_press_start_removed'====== Args={'_from_bcp': True}
2020-08-10 18:26:56,928 : INFO : EventManager : Event: ======'slide_press_start_created'====== Args={'_from_bcp': True}
2020-08-10 18:26:56,929 : INFO : EventManager : Event: ======'slide_press_start_active'====== Args={'_from_bcp': True}
2020-08-10 18:26:59,934 : INFO : EventManager : Event: ======'slide_mission_pinball_removed'====== Args={'_from_bcp': True}
2020-08-10 18:26:59,962 : INFO : EventManager : Event: ======'slide_mission_pinball_created'====== Args={'_from_bcp': True}
2020-08-10 18:26:59,962 : INFO : EventManager : Event: ======'slide_mission_pinball_active'====== Args={'_from_bcp': True}
2020-08-10 18:27:05,931 : INFO : EventManager : Event: ======'slide_GameCard_removed'====== Args={'_from_bcp': True}
2020-08-10 18:27:05,932 : INFO : EventManager : Event: ======'slide_GameCard_created'====== Args={'_from_bcp': True}
2020-08-10 18:27:05,932 : INFO : EventManager : Event: ======'slide_GameCard_active'====== Args={'_from_bcp': True}
2020-08-10 18:27:08,945 : INFO : EventManager : Event: ======'slide_HowTo_removed'====== Args={'_from_bcp': True}
2020-08-10 18:27:08,965 : INFO : EventManager : Event: ======'slide_HowTo_created'====== Args={'_from_bcp': True}
2020-08-10 18:27:08,965 : INFO : EventManager : Event: ======'slide_HowTo_active'====== Args={'_from_bcp': True}
2020-08-10 18:27:16,916 : INFO : EventManager : Event: ======'slide_last_game_score_slide1_removed'====== Args={'_from_bcp': True}
2020-08-10 18:27:16,937 : INFO : EventManager : Event: ======'slide_last_game_score_slide1_created'====== Args={'_from_bcp': True}
2020-08-10 18:27:16,950 : INFO : EventManager : Event: ======'slide_last_game_score_slide1_active'====== Args={'_from_bcp': True}
2020-08-10 18:27:24,910 : INFO : EventManager : Event: ======'slide_show_high_scores_removed'====== Args={'_from_bcp': True}
2020-08-10 18:27:24,991 : INFO : EventManager : Event: ======'slide_show_high_scores_created'====== Args={'_from_bcp': True}
2020-08-10 18:27:25,000 : INFO : EventManager : Event: ======'slide_show_high_scores_active'====== Args={'_from_bcp': True}
2020-08-10 18:27:25,912 : INFO : EventManager : Event: ======'slide_awesome_slide_removed'====== Args={'_from_bcp': True}
2020-08-10 18:27:25,912 : INFO : EventManager : Event: ======'slide_awesome_slide_created'====== Args={'_from_bcp': True}
2020-08-10 18:27:25,912 : INFO : EventManager : Event: ======'slide_awesome_slide_active'====== Args={'_from_bcp': True}
2020-08-10 18:27:28,926 : INFO : EventManager : Event: ======'slide_press_start_removed'====== Args={'_from_bcp': True}
2020-08-10 18:27:28,932 : INFO : EventManager : Event: ======'slide_press_start_created'====== Args={'_from_bcp': True}
2020-08-10 18:27:28,936 : INFO : EventManager : Event: ======'slide_press_start_active'====== Args={'_from_bcp': True}
2020-08-10 18:27:31,933 : INFO : EventManager : Event: ======'slide_mission_pinball_removed'====== Args={'_from_bcp': True}
2020-08-10 18:27:31,936 : INFO : EventManager : Event: ======'slide_mission_pinball_created'====== Args={'_from_bcp': True}
2020-08-10 18:27:31,939 : INFO : EventManager : Event: ======'slide_mission_pinball_active'====== Args={'_from_bcp': True}
2020-08-10 18:27:37,926 : INFO : EventManager : Event: ======'slide_GameCard_removed'====== Args={'_from_bcp': True}
2020-08-10 18:27:37,930 : INFO : EventManager : Event: ======'slide_GameCard_created'====== Args={'_from_bcp': True}
2020-08-10 18:27:37,931 : INFO : EventManager : Event: ======'slide_GameCard_active'====== Args={'_from_bcp': True}
2020-08-10 18:27:40,913 : INFO : EventManager : Event: ======'slide_HowTo_removed'====== Args={'_from_bcp': True}
2020-08-10 18:27:40,949 : INFO : EventManager : Event: ======'slide_HowTo_created'====== Args={'_from_bcp': True}
2020-08-10 18:27:40,950 : INFO : EventManager : Event: ======'slide_HowTo_active'====== Args={'_from_bcp': True}
2020-08-10 18:27:48,939 : INFO : EventManager : Event: ======'slide_last_game_score_slide1_removed'====== Args={'_from_bcp': True}
2020-08-10 18:27:48,947 : INFO : EventManager : Event: ======'slide_last_game_score_slide1_created'====== Args={'_from_bcp': True}
2020-08-10 18:27:48,957 : INFO : EventManager : Event: ======'slide_last_game_score_slide1_active'====== Args={'_from_bcp': True}
2020-08-10 18:27:56,935 : INFO : EventManager : Event: ======'slide_show_high_scores_removed'====== Args={'_from_bcp': True}
2020-08-10 18:27:56,960 : INFO : EventManager : Event: ======'slide_show_high_scores_created'====== Args={'_from_bcp': True}
2020-08-10 18:27:56,974 : INFO : EventManager : Event: ======'slide_show_high_scores_active'====== Args={'_from_bcp': True}
2020-08-10 18:27:57,921 : INFO : EventManager : Event: ======'slide_awesome_slide_removed'====== Args={'_from_bcp': True}
2020-08-10 18:27:57,923 : INFO : EventManager : Event: ======'slide_awesome_slide_created'====== Args={'_from_bcp': True}
2020-08-10 18:27:57,926 : INFO : EventManager : Event: ======'slide_awesome_slide_active'====== Args={'_from_bcp': True}
2020-08-10 18:28:00,915 : INFO : EventManager : Event: ======'slide_press_start_removed'====== Args={'_from_bcp': True}
2020-08-10 18:28:00,920 : INFO : EventManager : Event: ======'slide_press_start_created'====== Args={'_from_bcp': True}
2020-08-10 18:28:00,922 : INFO : EventManager : Event: ======'slide_press_start_active'====== Args={'_from_bcp': True}
2020-08-10 18:28:03,916 : INFO : EventManager : Event: ======'slide_mission_pinball_removed'====== Args={'_from_bcp': True}
2020-08-10 18:28:03,924 : INFO : EventManager : Event: ======'slide_mission_pinball_created'====== Args={'_from_bcp': True}
2020-08-10 18:28:03,934 : INFO : EventManager : Event: ======'slide_mission_pinball_active'====== Args={'_from_bcp': True}
2020-08-10 18:28:09,928 : INFO : EventManager : Event: ======'slide_GameCard_removed'====== Args={'_from_bcp': True}
2020-08-10 18:28:09,929 : INFO : EventManager : Event: ======'slide_GameCard_created'====== Args={'_from_bcp': True}
2020-08-10 18:28:09,930 : INFO : EventManager : Event: ======'slide_GameCard_active'====== Args={'_from_bcp': True}
2020-08-10 18:28:12,916 : INFO : EventManager : Event: ======'slide_HowTo_removed'====== Args={'_from_bcp': True}
2020-08-10 18:28:12,933 : INFO : EventManager : Event: ======'slide_HowTo_created'====== Args={'_from_bcp': True}
2020-08-10 18:28:12,938 : INFO : EventManager : Event: ======'slide_HowTo_active'====== Args={'_from_bcp': True}
2020-08-10 18:28:20,948 : INFO : EventManager : Event: ======'slide_last_game_score_slide1_removed'====== Args={'_from_bcp': True}
2020-08-10 18:28:20,955 : INFO : EventManager : Event: ======'slide_last_game_score_slide1_created'====== Args={'_from_bcp': True}
2020-08-10 18:28:20,965 : INFO : EventManager : Event: ======'slide_last_game_score_slide1_active'====== Args={'_from_bcp': True}
2020-08-10 18:28:28,915 : INFO : EventManager : Event: ======'slide_show_high_scores_removed'====== Args={'_from_bcp': True}
2020-08-10 18:28:28,943 : INFO : EventManager : Event: ======'slide_show_high_scores_created'====== Args={'_from_bcp': True}
2020-08-10 18:28:28,943 : INFO : EventManager : Event: ======'slide_show_high_scores_active'====== Args={'_from_bcp': True}
2020-08-10 18:28:29,929 : INFO : EventManager : Event: ======'slide_awesome_slide_removed'====== Args={'_from_bcp': True}
2020-08-10 18:28:29,930 : INFO : EventManager : Event: ======'slide_awesome_slide_created'====== Args={'_from_bcp': True}
2020-08-10 18:28:29,930 : INFO : EventManager : Event: ======'slide_awesome_slide_active'====== Args={'_from_bcp': True}
2020-08-10 18:28:32,926 : INFO : EventManager : Event: ======'slide_press_start_removed'====== Args={'_from_bcp': True}
2020-08-10 18:28:32,930 : INFO : EventManager : Event: ======'slide_press_start_created'====== Args={'_from_bcp': True}
2020-08-10 18:28:32,934 : INFO : EventManager : Event: ======'slide_press_start_active'====== Args={'_from_bcp': True}
2020-08-10 18:28:35,924 : INFO : EventManager : Event: ======'slide_mission_pinball_removed'====== Args={'_from_bcp': True}
2020-08-10 18:28:35,933 : INFO : EventManager : Event: ======'slide_mission_pinball_created'====== Args={'_from_bcp': True}
2020-08-10 18:28:35,938 : INFO : EventManager : Event: ======'slide_mission_pinball_active'====== Args={'_from_bcp': True}
2020-08-10 18:28:41,904 : INFO : EventManager : Event: ======'slide_GameCard_removed'====== Args={'_from_bcp': True}
2020-08-10 18:28:41,910 : INFO : EventManager : Event: ======'slide_GameCard_created'====== Args={'_from_bcp': True}
2020-08-10 18:28:41,910 : INFO : EventManager : Event: ======'slide_GameCard_active'====== Args={'_from_bcp': True}
2020-08-10 18:28:44,937 : INFO : EventManager : Event: ======'slide_HowTo_removed'====== Args={'_from_bcp': True}
2020-08-10 18:28:44,941 : INFO : EventManager : Event: ======'slide_HowTo_created'====== Args={'_from_bcp': True}
2020-08-10 18:28:44,947 : INFO : EventManager : Event: ======'slide_HowTo_active'====== Args={'_from_bcp': True}
2020-08-10 18:28:52,907 : INFO : EventManager : Event: ======'slide_last_game_score_slide1_removed'====== Args={'_from_bcp': True}
2020-08-10 18:28:52,932 : INFO : EventManager : Event: ======'slide_last_game_score_slide1_created'====== Args={'_from_bcp': True}
2020-08-10 18:28:52,933 : INFO : EventManager : Event: ======'slide_last_game_score_slide1_active'====== Args={'_from_bcp': True}
2020-08-10 18:29:00,914 : INFO : EventManager : Event: ======'slide_show_high_scores_removed'====== Args={'_from_bcp': True}
2020-08-10 18:29:00,947 : INFO : EventManager : Event: ======'slide_show_high_scores_created'====== Args={'_from_bcp': True}
2020-08-10 18:29:00,948 : INFO : EventManager : Event: ======'slide_show_high_scores_active'====== Args={'_from_bcp': True}
2020-08-10 18:29:01,915 : INFO : EventManager : Event: ======'slide_awesome_slide_removed'====== Args={'_from_bcp': True}
2020-08-10 18:29:01,916 : INFO : EventManager : Event: ======'slide_awesome_slide_created'====== Args={'_from_bcp': True}
2020-08-10 18:29:01,918 : INFO : EventManager : Event: ======'slide_awesome_slide_active'====== Args={'_from_bcp': True}
2020-08-10 18:29:04,920 : INFO : EventManager : Event: ======'slide_press_start_removed'====== Args={'_from_bcp': True}
2020-08-10 18:29:04,934 : INFO : EventManager : Event: ======'slide_press_start_created'====== Args={'_from_bcp': True}
2020-08-10 18:29:04,935 : INFO : EventManager : Event: ======'slide_press_start_active'====== Args={'_from_bcp': True}
2020-08-10 18:29:07,935 : INFO : EventManager : Event: ======'slide_mission_pinball_removed'====== Args={'_from_bcp': True}
2020-08-10 18:29:07,936 : INFO : EventManager : Event: ======'slide_mission_pinball_created'====== Args={'_from_bcp': True}
2020-08-10 18:29:07,937 : INFO : EventManager : Event: ======'slide_mission_pinball_active'====== Args={'_from_bcp': True}
2020-08-10 18:29:13,913 : INFO : EventManager : Event: ======'slide_GameCard_removed'====== Args={'_from_bcp': True}
2020-08-10 18:29:13,917 : INFO : EventManager : Event: ======'slide_GameCard_created'====== Args={'_from_bcp': True}
2020-08-10 18:29:13,919 : INFO : EventManager : Event: ======'slide_GameCard_active'====== Args={'_from_bcp': True}
2020-08-10 18:29:16,926 : INFO : EventManager : Event: ======'slide_HowTo_removed'====== Args={'_from_bcp': True}
2020-08-10 18:29:17,006 : INFO : EventManager : Event: ======'slide_HowTo_created'====== Args={'_from_bcp': True}
2020-08-10 18:29:17,014 : INFO : EventManager : Event: ======'slide_HowTo_active'====== Args={'_from_bcp': True}
2020-08-10 18:29:24,918 : INFO : EventManager : Event: ======'slide_last_game_score_slide1_removed'====== Args={'_from_bcp': True}
2020-08-10 18:29:24,953 : INFO : EventManager : Event: ======'slide_last_game_score_slide1_created'====== Args={'_from_bcp': True}
2020-08-10 18:29:24,953 : INFO : EventManager : Event: ======'slide_last_game_score_slide1_active'====== Args={'_from_bcp': True}
2020-08-10 18:29:32,927 : INFO : EventManager : Event: ======'slide_show_high_scores_removed'====== Args={'_from_bcp': True}
2020-08-10 18:29:32,959 : INFO : EventManager : Event: ======'slide_show_high_scores_created'====== Args={'_from_bcp': True}
2020-08-10 18:29:32,960 : INFO : EventManager : Event: ======'slide_show_high_scores_active'====== Args={'_from_bcp': True}
2020-08-10 18:29:33,921 : INFO : EventManager : Event: ======'slide_awesome_slide_removed'====== Args={'_from_bcp': True}
2020-08-10 18:29:33,923 : INFO : EventManager : Event: ======'slide_awesome_slide_created'====== Args={'_from_bcp': True}
2020-08-10 18:29:33,924 : INFO : EventManager : Event: ======'slide_awesome_slide_active'====== Args={'_from_bcp': True}
2020-08-10 18:29:36,927 : INFO : EventManager : Event: ======'slide_press_start_removed'====== Args={'_from_bcp': True}
2020-08-10 18:29:36,933 : INFO : EventManager : Event: ======'slide_press_start_created'====== Args={'_from_bcp': True}
2020-08-10 18:29:36,943 : INFO : EventManager : Event: ======'slide_press_start_active'====== Args={'_from_bcp': True}
2020-08-10 18:29:39,925 : INFO : EventManager : Event: ======'slide_mission_pinball_removed'====== Args={'_from_bcp': True}
2020-08-10 18:29:39,945 : INFO : EventManager : Event: ======'slide_mission_pinball_created'====== Args={'_from_bcp': True}
2020-08-10 18:29:39,946 : INFO : EventManager : Event: ======'slide_mission_pinball_active'====== Args={'_from_bcp': True}
2020-08-10 18:29:45,918 : INFO : EventManager : Event: ======'slide_GameCard_removed'====== Args={'_from_bcp': True}
2020-08-10 18:29:45,934 : INFO : EventManager : Event: ======'slide_GameCard_created'====== Args={'_from_bcp': True}
2020-08-10 18:29:45,934 : INFO : EventManager : Event: ======'slide_GameCard_active'====== Args={'_from_bcp': True}
2020-08-10 18:29:48,916 : INFO : EventManager : Event: ======'slide_HowTo_removed'====== Args={'_from_bcp': True}
2020-08-10 18:29:48,936 : INFO : EventManager : Event: ======'slide_HowTo_created'====== Args={'_from_bcp': True}
2020-08-10 18:29:48,945 : INFO : EventManager : Event: ======'slide_HowTo_active'====== Args={'_from_bcp': True}
2020-08-10 18:29:56,925 : INFO : EventManager : Event: ======'slide_last_game_score_slide1_removed'====== Args={'_from_bcp': True}
2020-08-10 18:29:56,958 : INFO : EventManager : Event: ======'slide_last_game_score_slide1_created'====== Args={'_from_bcp': True}
2020-08-10 18:29:56,959 : INFO : EventManager : Event: ======'slide_last_game_score_slide1_active'====== Args={'_from_bcp': True}
2020-08-10 18:30:04,936 : INFO : EventManager : Event: ======'slide_show_high_scores_removed'====== Args={'_from_bcp': True}
2020-08-10 18:30:04,937 : INFO : EventManager : Event: ======'slide_show_high_scores_created'====== Args={'_from_bcp': True}
2020-08-10 18:30:04,945 : INFO : EventManager : Event: ======'slide_show_high_scores_active'====== Args={'_from_bcp': True}
2020-08-10 18:30:05,910 : INFO : EventManager : Event: ======'slide_awesome_slide_removed'====== Args={'_from_bcp': True}
2020-08-10 18:30:05,915 : INFO : EventManager : Event: ======'slide_awesome_slide_created'====== Args={'_from_bcp': True}
2020-08-10 18:30:05,921 : INFO : EventManager : Event: ======'slide_awesome_slide_active'====== Args={'_from_bcp': True}
2020-08-10 18:30:08,906 : INFO : EventManager : Event: ======'slide_press_start_removed'====== Args={'_from_bcp': True}
2020-08-10 18:30:08,913 : INFO : EventManager : Event: ======'slide_press_start_created'====== Args={'_from_bcp': True}
2020-08-10 18:30:08,923 : INFO : EventManager : Event: ======'slide_press_start_active'====== Args={'_from_bcp': True}
2020-08-10 18:30:11,933 : INFO : EventManager : Event: ======'slide_mission_pinball_removed'====== Args={'_from_bcp': True}
2020-08-10 18:30:11,953 : INFO : EventManager : Event: ======'slide_mission_pinball_created'====== Args={'_from_bcp': True}
2020-08-10 18:30:11,954 : INFO : EventManager : Event: ======'slide_mission_pinball_active'====== Args={'_from_bcp': True}
2020-08-10 18:30:17,926 : INFO : EventManager : Event: ======'slide_GameCard_removed'====== Args={'_from_bcp': True}
2020-08-10 18:30:17,928 : INFO : EventManager : Event: ======'slide_GameCard_created'====== Args={'_from_bcp': True}
2020-08-10 18:30:17,930 : INFO : EventManager : Event: ======'slide_GameCard_active'====== Args={'_from_bcp': True}
2020-08-10 18:30:20,915 : INFO : EventManager : Event: ======'slide_HowTo_removed'====== Args={'_from_bcp': True}
2020-08-10 18:30:20,948 : INFO : EventManager : Event: ======'slide_HowTo_created'====== Args={'_from_bcp': True}
2020-08-10 18:30:20,949 : INFO : EventManager : Event: ======'slide_HowTo_active'====== Args={'_from_bcp': True}
2020-08-10 18:30:28,917 : INFO : EventManager : Event: ======'slide_last_game_score_slide1_removed'====== Args={'_from_bcp': True}
2020-08-10 18:30:28,938 : INFO : EventManager : Event: ======'slide_last_game_score_slide1_created'====== Args={'_from_bcp': True}
2020-08-10 18:30:28,948 : INFO : EventManager : Event: ======'slide_last_game_score_slide1_active'====== Args={'_from_bcp': True}
2020-08-10 18:30:36,930 : INFO : EventManager : Event: ======'slide_show_high_scores_removed'====== Args={'_from_bcp': True}
2020-08-10 18:30:36,960 : INFO : EventManager : Event: ======'slide_show_high_scores_created'====== Args={'_from_bcp': True}
2020-08-10 18:30:36,960 : INFO : EventManager : Event: ======'slide_show_high_scores_active'====== Args={'_from_bcp': True}
2020-08-10 18:30:37,919 : INFO : EventManager : Event: ======'slide_awesome_slide_removed'====== Args={'_from_bcp': True}
2020-08-10 18:30:37,923 : INFO : EventManager : Event: ======'slide_awesome_slide_created'====== Args={'_from_bcp': True}
2020-08-10 18:30:37,926 : INFO : EventManager : Event: ======'slide_awesome_slide_active'====== Args={'_from_bcp': True}
2020-08-10 18:30:40,912 : INFO : EventManager : Event: ======'slide_press_start_removed'====== Args={'_from_bcp': True}
2020-08-10 18:30:40,919 : INFO : EventManager : Event: ======'slide_press_start_created'====== Args={'_from_bcp': True}
2020-08-10 18:30:40,923 : INFO : EventManager : Event: ======'slide_press_start_active'====== Args={'_from_bcp': True}
2020-08-10 18:30:43,939 : INFO : EventManager : Event: ======'slide_mission_pinball_removed'====== Args={'_from_bcp': True}
2020-08-10 18:30:43,939 : INFO : EventManager : Event: ======'slide_mission_pinball_created'====== Args={'_from_bcp': True}
2020-08-10 18:30:43,940 : INFO : EventManager : Event: ======'slide_mission_pinball_active'====== Args={'_from_bcp': True}
2020-08-10 18:30:49,905 : INFO : EventManager : Event: ======'slide_GameCard_removed'====== Args={'_from_bcp': True}
2020-08-10 18:30:49,908 : INFO : EventManager : Event: ======'slide_GameCard_created'====== Args={'_from_bcp': True}
2020-08-10 18:30:49,910 : INFO : EventManager : Event: ======'slide_GameCard_active'====== Args={'_from_bcp': True}
2020-08-10 18:30:52,928 : INFO : EventManager : Event: ======'slide_HowTo_removed'====== Args={'_from_bcp': True}
2020-08-10 18:30:52,969 : INFO : EventManager : Event: ======'slide_HowTo_created'====== Args={'_from_bcp': True}
2020-08-10 18:30:52,969 : INFO : EventManager : Event: ======'slide_HowTo_active'====== Args={'_from_bcp': True}
2020-08-10 18:31:00,912 : INFO : EventManager : Event: ======'slide_last_game_score_slide1_removed'====== Args={'_from_bcp': True}
2020-08-10 18:31:00,935 : INFO : EventManager : Event: ======'slide_last_game_score_slide1_created'====== Args={'_from_bcp': True}
2020-08-10 18:31:00,943 : INFO : EventManager : Event: ======'slide_last_game_score_slide1_active'====== Args={'_from_bcp': True}
2020-08-10 18:31:08,932 : INFO : EventManager : Event: ======'slide_show_high_scores_removed'====== Args={'_from_bcp': True}
2020-08-10 18:31:09,006 : INFO : EventManager : Event: ======'slide_show_high_scores_created'====== Args={'_from_bcp': True}
2020-08-10 18:31:09,015 : INFO : EventManager : Event: ======'slide_show_high_scores_active'====== Args={'_from_bcp': True}
2020-08-10 18:31:09,916 : INFO : EventManager : Event: ======'slide_awesome_slide_removed'====== Args={'_from_bcp': True}
2020-08-10 18:31:09,920 : INFO : EventManager : Event: ======'slide_awesome_slide_created'====== Args={'_from_bcp': True}
2020-08-10 18:31:09,921 : INFO : EventManager : Event: ======'slide_awesome_slide_active'====== Args={'_from_bcp': True}
2020-08-10 18:31:12,927 : INFO : EventManager : Event: ======'slide_press_start_removed'====== Args={'_from_bcp': True}
2020-08-10 18:31:12,934 : INFO : EventManager : Event: ======'slide_press_start_created'====== Args={'_from_bcp': True}
2020-08-10 18:31:12,939 : INFO : EventManager : Event: ======'slide_press_start_active'====== Args={'_from_bcp': True}
2020-08-10 18:31:15,916 : INFO : EventManager : Event: ======'slide_mission_pinball_removed'====== Args={'_from_bcp': True}
2020-08-10 18:31:15,921 : INFO : EventManager : Event: ======'slide_mission_pinball_created'====== Args={'_from_bcp': True}
2020-08-10 18:31:15,924 : INFO : EventManager : Event: ======'slide_mission_pinball_active'====== Args={'_from_bcp': True}
2020-08-10 18:31:21,917 : INFO : EventManager : Event: ======'slide_GameCard_removed'====== Args={'_from_bcp': True}
2020-08-10 18:31:21,920 : INFO : EventManager : Event: ======'slide_GameCard_created'====== Args={'_from_bcp': True}
2020-08-10 18:31:21,929 : INFO : EventManager : Event: ======'slide_GameCard_active'====== Args={'_from_bcp': True}
2020-08-10 18:31:24,936 : INFO : EventManager : Event: ======'slide_HowTo_removed'====== Args={'_from_bcp': True}
2020-08-10 18:31:24,946 : INFO : EventManager : Event: ======'slide_HowTo_created'====== Args={'_from_bcp': True}
2020-08-10 18:31:24,951 : INFO : EventManager : Event: ======'slide_HowTo_active'====== Args={'_from_bcp': True}
2020-08-10 18:31:32,928 : INFO : EventManager : Event: ======'slide_last_game_score_slide1_removed'====== Args={'_from_bcp': True}
2020-08-10 18:31:32,955 : INFO : EventManager : Event: ======'slide_last_game_score_slide1_created'====== Args={'_from_bcp': True}
2020-08-10 18:31:32,960 : INFO : EventManager : Event: ======'slide_last_game_score_slide1_active'====== Args={'_from_bcp': True}
2020-08-10 18:31:40,907 : INFO : EventManager : Event: ======'slide_show_high_scores_removed'====== Args={'_from_bcp': True}
2020-08-10 18:31:40,941 : INFO : EventManager : Event: ======'slide_show_high_scores_created'====== Args={'_from_bcp': True}
2020-08-10 18:31:40,941 : INFO : EventManager : Event: ======'slide_show_high_scores_active'====== Args={'_from_bcp': True}
2020-08-10 18:31:41,930 : INFO : EventManager : Event: ======'slide_awesome_slide_removed'====== Args={'_from_bcp': True}
2020-08-10 18:31:41,933 : INFO : EventManager : Event: ======'slide_awesome_slide_created'====== Args={'_from_bcp': True}
2020-08-10 18:31:41,933 : INFO : EventManager : Event: ======'slide_awesome_slide_active'====== Args={'_from_bcp': True}
2020-08-10 18:31:44,910 : INFO : EventManager : Event: ======'slide_press_start_removed'====== Args={'_from_bcp': True}
2020-08-10 18:31:44,926 : INFO : EventManager : Event: ======'slide_press_start_created'====== Args={'_from_bcp': True}
2020-08-10 18:31:44,926 : INFO : EventManager : Event: ======'slide_press_start_active'====== Args={'_from_bcp': True}
2020-08-10 18:31:47,930 : INFO : EventManager : Event: ======'slide_mission_pinball_removed'====== Args={'_from_bcp': True}
2020-08-10 18:31:47,932 : INFO : EventManager : Event: ======'slide_mission_pinball_created'====== Args={'_from_bcp': True}
2020-08-10 18:31:47,934 : INFO : EventManager : Event: ======'slide_mission_pinball_active'====== Args={'_from_bcp': True}
2020-08-10 18:31:53,931 : INFO : EventManager : Event: ======'slide_GameCard_removed'====== Args={'_from_bcp': True}
2020-08-10 18:31:53,934 : INFO : EventManager : Event: ======'slide_GameCard_created'====== Args={'_from_bcp': True}
2020-08-10 18:31:53,936 : INFO : EventManager : Event: ======'slide_GameCard_active'====== Args={'_from_bcp': True}
2020-08-10 18:31:56,912 : INFO : EventManager : Event: ======'slide_HowTo_removed'====== Args={'_from_bcp': True}
2020-08-10 18:31:56,946 : INFO : EventManager : Event: ======'slide_HowTo_created'====== Args={'_from_bcp': True}
2020-08-10 18:31:56,947 : INFO : EventManager : Event: ======'slide_HowTo_active'====== Args={'_from_bcp': True}
2020-08-10 18:32:04,935 : INFO : EventManager : Event: ======'slide_last_game_score_slide1_removed'====== Args={'_from_bcp': True}
2020-08-10 18:32:04,941 : INFO : EventManager : Event: ======'slide_last_game_score_slide1_created'====== Args={'_from_bcp': True}
2020-08-10 18:32:04,948 : INFO : EventManager : Event: ======'slide_last_game_score_slide1_active'====== Args={'_from_bcp': True}
2020-08-10 18:32:12,927 : INFO : EventManager : Event: ======'slide_show_high_scores_removed'====== Args={'_from_bcp': True}
2020-08-10 18:32:12,958 : INFO : EventManager : Event: ======'slide_show_high_scores_created'====== Args={'_from_bcp': True}
2020-08-10 18:32:12,963 : INFO : EventManager : Event: ======'slide_show_high_scores_active'====== Args={'_from_bcp': True}
2020-08-10 18:32:13,923 : INFO : EventManager : Event: ======'slide_awesome_slide_removed'====== Args={'_from_bcp': True}
2020-08-10 18:32:13,927 : INFO : EventManager : Event: ======'slide_awesome_slide_created'====== Args={'_from_bcp': True}
2020-08-10 18:32:13,929 : INFO : EventManager : Event: ======'slide_awesome_slide_active'====== Args={'_from_bcp': True}
2020-08-10 18:32:16,917 : INFO : EventManager : Event: ======'slide_press_start_removed'====== Args={'_from_bcp': True}
2020-08-10 18:32:16,924 : INFO : EventManager : Event: ======'slide_press_start_created'====== Args={'_from_bcp': True}
2020-08-10 18:32:16,929 : INFO : EventManager : Event: ======'slide_press_start_active'====== Args={'_from_bcp': True}
2020-08-10 18:32:19,909 : INFO : EventManager : Event: ======'slide_mission_pinball_removed'====== Args={'_from_bcp': True}
2020-08-10 18:32:19,910 : INFO : EventManager : Event: ======'slide_mission_pinball_created'====== Args={'_from_bcp': True}
2020-08-10 18:32:19,913 : INFO : EventManager : Event: ======'slide_mission_pinball_active'====== Args={'_from_bcp': True}
2020-08-10 18:32:25,924 : INFO : EventManager : Event: ======'slide_GameCard_removed'====== Args={'_from_bcp': True}
2020-08-10 18:32:25,924 : INFO : EventManager : Event: ======'slide_GameCard_created'====== Args={'_from_bcp': True}
2020-08-10 18:32:25,925 : INFO : EventManager : Event: ======'slide_GameCard_active'====== Args={'_from_bcp': True}
2020-08-10 18:32:28,927 : INFO : EventManager : Event: ======'slide_HowTo_removed'====== Args={'_from_bcp': True}
2020-08-10 18:32:28,957 : INFO : EventManager : Event: ======'slide_HowTo_created'====== Args={'_from_bcp': True}
2020-08-10 18:32:28,958 : INFO : EventManager : Event: ======'slide_HowTo_active'====== Args={'_from_bcp': True}
2020-08-10 18:32:36,916 : INFO : EventManager : Event: ======'slide_last_game_score_slide1_removed'====== Args={'_from_bcp': True}
2020-08-10 18:32:36,950 : INFO : EventManager : Event: ======'slide_last_game_score_slide1_created'====== Args={'_from_bcp': True}
2020-08-10 18:32:36,951 : INFO : EventManager : Event: ======'slide_last_game_score_slide1_active'====== Args={'_from_bcp': True}
2020-08-10 18:32:44,931 : INFO : EventManager : Event: ======'slide_show_high_scores_removed'====== Args={'_from_bcp': True}
2020-08-10 18:32:44,961 : INFO : EventManager : Event: ======'slide_show_high_scores_created'====== Args={'_from_bcp': True}
2020-08-10 18:32:44,962 : INFO : EventManager : Event: ======'slide_show_high_scores_active'====== Args={'_from_bcp': True}
2020-08-10 18:32:45,925 : INFO : EventManager : Event: ======'slide_awesome_slide_removed'====== Args={'_from_bcp': True}
2020-08-10 18:32:45,925 : INFO : EventManager : Event: ======'slide_awesome_slide_created'====== Args={'_from_bcp': True}
2020-08-10 18:32:45,926 : INFO : EventManager : Event: ======'slide_awesome_slide_active'====== Args={'_from_bcp': True}
2020-08-10 18:32:48,927 : INFO : EventManager : Event: ======'slide_press_start_removed'====== Args={'_from_bcp': True}
2020-08-10 18:32:48,928 : INFO : EventManager : Event: ======'slide_press_start_created'====== Args={'_from_bcp': True}
2020-08-10 18:32:48,928 : INFO : EventManager : Event: ======'slide_press_start_active'====== Args={'_from_bcp': True}
2020-08-10 18:32:51,924 : INFO : EventManager : Event: ======'slide_mission_pinball_removed'====== Args={'_from_bcp': True}
2020-08-10 18:32:51,934 : INFO : EventManager : Event: ======'slide_mission_pinball_created'====== Args={'_from_bcp': True}
2020-08-10 18:32:51,946 : INFO : EventManager : Event: ======'slide_mission_pinball_active'====== Args={'_from_bcp': True}
2020-08-10 18:32:57,906 : INFO : EventManager : Event: ======'slide_GameCard_removed'====== Args={'_from_bcp': True}
2020-08-10 18:32:57,909 : INFO : EventManager : Event: ======'slide_GameCard_created'====== Args={'_from_bcp': True}
2020-08-10 18:32:57,911 : INFO : EventManager : Event: ======'slide_GameCard_active'====== Args={'_from_bcp': True}
2020-08-10 18:33:00,939 : INFO : EventManager : Event: ======'slide_HowTo_removed'====== Args={'_from_bcp': True}
2020-08-10 18:33:01,011 : INFO : EventManager : Event: ======'slide_HowTo_created'====== Args={'_from_bcp': True}
2020-08-10 18:33:01,026 : INFO : EventManager : Event: ======'slide_HowTo_active'====== Args={'_from_bcp': True}
2020-08-10 18:33:08,931 : INFO : EventManager : Event: ======'slide_last_game_score_slide1_removed'====== Args={'_from_bcp': True}
2020-08-10 18:33:08,935 : INFO : EventManager : Event: ======'slide_last_game_score_slide1_created'====== Args={'_from_bcp': True}
2020-08-10 18:33:08,955 : INFO : EventManager : Event: ======'slide_last_game_score_slide1_active'====== Args={'_from_bcp': True}
2020-08-10 18:33:16,908 : INFO : EventManager : Event: ======'slide_show_high_scores_removed'====== Args={'_from_bcp': True}
2020-08-10 18:33:16,923 : INFO : EventManager : Event: ======'slide_show_high_scores_created'====== Args={'_from_bcp': True}
2020-08-10 18:33:16,958 : INFO : EventManager : Event: ======'slide_show_high_scores_active'====== Args={'_from_bcp': True}
2020-08-10 18:33:17,906 : INFO : EventManager : Event: ======'slide_awesome_slide_removed'====== Args={'_from_bcp': True}
2020-08-10 18:33:17,910 : INFO : EventManager : Event: ======'slide_awesome_slide_created'====== Args={'_from_bcp': True}
2020-08-10 18:33:17,913 : INFO : EventManager : Event: ======'slide_awesome_slide_active'====== Args={'_from_bcp': True}
2020-08-10 18:33:20,936 : INFO : EventManager : Event: ======'slide_press_start_removed'====== Args={'_from_bcp': True}
2020-08-10 18:33:20,943 : INFO : EventManager : Event: ======'slide_press_start_created'====== Args={'_from_bcp': True}
2020-08-10 18:33:20,947 : INFO : EventManager : Event: ======'slide_press_start_active'====== Args={'_from_bcp': True}
2020-08-10 18:33:23,934 : INFO : EventManager : Event: ======'slide_mission_pinball_removed'====== Args={'_from_bcp': True}
2020-08-10 18:33:23,935 : INFO : EventManager : Event: ======'slide_mission_pinball_created'====== Args={'_from_bcp': True}
2020-08-10 18:33:23,935 : INFO : EventManager : Event: ======'slide_mission_pinball_active'====== Args={'_from_bcp': True}
2020-08-10 18:33:29,933 : INFO : EventManager : Event: ======'slide_GameCard_removed'====== Args={'_from_bcp': True}
2020-08-10 18:33:29,936 : INFO : EventManager : Event: ======'slide_GameCard_created'====== Args={'_from_bcp': True}
2020-08-10 18:33:29,938 : INFO : EventManager : Event: ======'slide_GameCard_active'====== Args={'_from_bcp': True}
2020-08-10 18:33:32,951 : INFO : EventManager : Event: ======'slide_HowTo_removed'====== Args={'_from_bcp': True}
2020-08-10 18:33:32,959 : INFO : EventManager : Event: ======'slide_HowTo_created'====== Args={'_from_bcp': True}
2020-08-10 18:33:32,970 : INFO : EventManager : Event: ======'slide_HowTo_active'====== Args={'_from_bcp': True}
2020-08-10 18:33:40,937 : INFO : EventManager : Event: ======'slide_last_game_score_slide1_removed'====== Args={'_from_bcp': True}
2020-08-10 18:33:40,942 : INFO : EventManager : Event: ======'slide_last_game_score_slide1_created'====== Args={'_from_bcp': True}
2020-08-10 18:33:40,950 : INFO : EventManager : Event: ======'slide_last_game_score_slide1_active'====== Args={'_from_bcp': True}
2020-08-10 18:33:48,917 : INFO : EventManager : Event: ======'slide_show_high_scores_removed'====== Args={'_from_bcp': True}
2020-08-10 18:33:48,933 : INFO : EventManager : Event: ======'slide_show_high_scores_created'====== Args={'_from_bcp': True}
2020-08-10 18:33:48,953 : INFO : EventManager : Event: ======'slide_show_high_scores_active'====== Args={'_from_bcp': True}
2020-08-10 18:33:49,919 : INFO : EventManager : Event: ======'slide_awesome_slide_removed'====== Args={'_from_bcp': True}
2020-08-10 18:33:49,923 : INFO : EventManager : Event: ======'slide_awesome_slide_created'====== Args={'_from_bcp': True}
2020-08-10 18:33:49,926 : INFO : EventManager : Event: ======'slide_awesome_slide_active'====== Args={'_from_bcp': True}
2020-08-10 18:33:52,912 : INFO : EventManager : Event: ======'slide_press_start_removed'====== Args={'_from_bcp': True}
2020-08-10 18:33:52,921 : INFO : EventManager : Event: ======'slide_press_start_created'====== Args={'_from_bcp': True}
2020-08-10 18:33:52,925 : INFO : EventManager : Event: ======'slide_press_start_active'====== Args={'_from_bcp': True}
2020-08-10 18:33:55,923 : INFO : EventManager : Event: ======'slide_mission_pinball_removed'====== Args={'_from_bcp': True}
2020-08-10 18:33:55,951 : INFO : EventManager : Event: ======'slide_mission_pinball_created'====== Args={'_from_bcp': True}
2020-08-10 18:33:55,952 : INFO : EventManager : Event: ======'slide_mission_pinball_active'====== Args={'_from_bcp': True}
2020-08-10 18:34:01,913 : INFO : EventManager : Event: ======'slide_GameCard_removed'====== Args={'_from_bcp': True}
2020-08-10 18:34:01,915 : INFO : EventManager : Event: ======'slide_GameCard_created'====== Args={'_from_bcp': True}
2020-08-10 18:34:01,916 : INFO : EventManager : Event: ======'slide_GameCard_active'====== Args={'_from_bcp': True}
2020-08-10 18:34:04,929 : INFO : EventManager : Event: ======'slide_HowTo_removed'====== Args={'_from_bcp': True}
2020-08-10 18:34:04,942 : INFO : EventManager : Event: ======'slide_HowTo_created'====== Args={'_from_bcp': True}
2020-08-10 18:34:04,954 : INFO : EventManager : Event: ======'slide_HowTo_active'====== Args={'_from_bcp': True}
2020-08-10 18:34:12,919 : INFO : EventManager : Event: ======'slide_last_game_score_slide1_removed'====== Args={'_from_bcp': True}
2020-08-10 18:34:12,950 : INFO : EventManager : Event: ======'slide_last_game_score_slide1_created'====== Args={'_from_bcp': True}
2020-08-10 18:34:12,951 : INFO : EventManager : Event: ======'slide_last_game_score_slide1_active'====== Args={'_from_bcp': True}
2020-08-10 18:34:20,938 : INFO : EventManager : Event: ======'slide_show_high_scores_removed'====== Args={'_from_bcp': True}
2020-08-10 18:34:20,939 : INFO : EventManager : Event: ======'slide_show_high_scores_created'====== Args={'_from_bcp': True}
2020-08-10 18:34:20,955 : INFO : EventManager : Event: ======'slide_show_high_scores_active'====== Args={'_from_bcp': True}
2020-08-10 18:34:21,914 : INFO : EventManager : Event: ======'slide_awesome_slide_removed'====== Args={'_from_bcp': True}
2020-08-10 18:34:21,921 : INFO : EventManager : Event: ======'slide_awesome_slide_created'====== Args={'_from_bcp': True}
2020-08-10 18:34:21,921 : INFO : EventManager : Event: ======'slide_awesome_slide_active'====== Args={'_from_bcp': True}
2020-08-10 18:34:24,929 : INFO : EventManager : Event: ======'slide_press_start_removed'====== Args={'_from_bcp': True}
2020-08-10 18:34:24,930 : INFO : EventManager : Event: ======'slide_press_start_created'====== Args={'_from_bcp': True}
2020-08-10 18:34:24,930 : INFO : EventManager : Event: ======'slide_press_start_active'====== Args={'_from_bcp': True}
2020-08-10 18:34:27,930 : INFO : EventManager : Event: ======'slide_mission_pinball_removed'====== Args={'_from_bcp': True}
2020-08-10 18:34:27,949 : INFO : EventManager : Event: ======'slide_mission_pinball_created'====== Args={'_from_bcp': True}
2020-08-10 18:34:27,950 : INFO : EventManager : Event: ======'slide_mission_pinball_active'====== Args={'_from_bcp': True}
2020-08-10 18:34:33,923 : INFO : EventManager : Event: ======'slide_GameCard_removed'====== Args={'_from_bcp': True}
2020-08-10 18:34:33,926 : INFO : EventManager : Event: ======'slide_GameCard_created'====== Args={'_from_bcp': True}
2020-08-10 18:34:33,928 : INFO : EventManager : Event: ======'slide_GameCard_active'====== Args={'_from_bcp': True}
2020-08-10 18:34:36,920 : INFO : EventManager : Event: ======'slide_HowTo_removed'====== Args={'_from_bcp': True}
2020-08-10 18:34:36,957 : INFO : EventManager : Event: ======'slide_HowTo_created'====== Args={'_from_bcp': True}
2020-08-10 18:34:36,957 : INFO : EventManager : Event: ======'slide_HowTo_active'====== Args={'_from_bcp': True}
2020-08-10 18:34:44,923 : INFO : EventManager : Event: ======'slide_last_game_score_slide1_removed'====== Args={'_from_bcp': True}
2020-08-10 18:34:44,958 : INFO : EventManager : Event: ======'slide_last_game_score_slide1_created'====== Args={'_from_bcp': True}
2020-08-10 18:34:44,958 : INFO : EventManager : Event: ======'slide_last_game_score_slide1_active'====== Args={'_from_bcp': True}
2020-08-10 18:34:52,917 : INFO : EventManager : Event: ======'slide_show_high_scores_removed'====== Args={'_from_bcp': True}
2020-08-10 18:34:52,950 : INFO : EventManager : Event: ======'slide_show_high_scores_created'====== Args={'_from_bcp': True}
2020-08-10 18:34:52,951 : INFO : EventManager : Event: ======'slide_show_high_scores_active'====== Args={'_from_bcp': True}
2020-08-10 18:34:53,913 : INFO : EventManager : Event: ======'slide_awesome_slide_removed'====== Args={'_from_bcp': True}
2020-08-10 18:34:53,986 : INFO : EventManager : Event: ======'slide_awesome_slide_created'====== Args={'_from_bcp': True}
2020-08-10 18:34:53,990 : INFO : EventManager : Event: ======'slide_awesome_slide_active'====== Args={'_from_bcp': True}
2020-08-10 18:34:56,911 : INFO : EventManager : Event: ======'slide_press_start_removed'====== Args={'_from_bcp': True}
2020-08-10 18:34:56,919 : INFO : EventManager : Event: ======'slide_press_start_created'====== Args={'_from_bcp': True}
2020-08-10 18:34:56,928 : INFO : EventManager : Event: ======'slide_press_start_active'====== Args={'_from_bcp': True}
2020-08-10 18:34:59,934 : INFO : EventManager : Event: ======'slide_mission_pinball_removed'====== Args={'_from_bcp': True}
2020-08-10 18:34:59,934 : INFO : EventManager : Event: ======'slide_mission_pinball_created'====== Args={'_from_bcp': True}
2020-08-10 18:34:59,935 : INFO : EventManager : Event: ======'slide_mission_pinball_active'====== Args={'_from_bcp': True}
2020-08-10 18:35:05,917 : INFO : EventManager : Event: ======'slide_GameCard_removed'====== Args={'_from_bcp': True}
2020-08-10 18:35:05,917 : INFO : EventManager : Event: ======'slide_GameCard_created'====== Args={'_from_bcp': True}
2020-08-10 18:35:05,920 : INFO : EventManager : Event: ======'slide_GameCard_active'====== Args={'_from_bcp': True}
2020-08-10 18:35:08,914 : INFO : EventManager : Event: ======'slide_HowTo_removed'====== Args={'_from_bcp': True}
2020-08-10 18:35:08,956 : INFO : EventManager : Event: ======'slide_HowTo_created'====== Args={'_from_bcp': True}
2020-08-10 18:35:08,957 : INFO : EventManager : Event: ======'slide_HowTo_active'====== Args={'_from_bcp': True}
2020-08-10 18:35:16,940 : INFO : EventManager : Event: ======'slide_last_game_score_slide1_removed'====== Args={'_from_bcp': True}
2020-08-10 18:35:16,946 : INFO : EventManager : Event: ======'slide_last_game_score_slide1_created'====== Args={'_from_bcp': True}
2020-08-10 18:35:16,954 : INFO : EventManager : Event: ======'slide_last_game_score_slide1_active'====== Args={'_from_bcp': True}
2020-08-10 18:35:24,917 : INFO : EventManager : Event: ======'slide_show_high_scores_removed'====== Args={'_from_bcp': True}
2020-08-10 18:35:24,933 : INFO : EventManager : Event: ======'slide_show_high_scores_created'====== Args={'_from_bcp': True}
2020-08-10 18:35:24,947 : INFO : EventManager : Event: ======'slide_show_high_scores_active'====== Args={'_from_bcp': True}
2020-08-10 18:35:25,927 : INFO : EventManager : Event: ======'slide_awesome_slide_removed'====== Args={'_from_bcp': True}
2020-08-10 18:35:25,928 : INFO : EventManager : Event: ======'slide_awesome_slide_created'====== Args={'_from_bcp': True}
2020-08-10 18:35:25,928 : INFO : EventManager : Event: ======'slide_awesome_slide_active'====== Args={'_from_bcp': True}
2020-08-10 18:35:28,929 : INFO : EventManager : Event: ======'slide_press_start_removed'====== Args={'_from_bcp': True}
2020-08-10 18:35:28,948 : INFO : EventManager : Event: ======'slide_press_start_created'====== Args={'_from_bcp': True}
2020-08-10 18:35:28,949 : INFO : EventManager : Event: ======'slide_press_start_active'====== Args={'_from_bcp': True}
2020-08-10 18:35:31,914 : INFO : EventManager : Event: ======'slide_mission_pinball_removed'====== Args={'_from_bcp': True}
2020-08-10 18:35:31,922 : INFO : EventManager : Event: ======'slide_mission_pinball_created'====== Args={'_from_bcp': True}
2020-08-10 18:35:31,927 : INFO : EventManager : Event: ======'slide_mission_pinball_active'====== Args={'_from_bcp': True}
2020-08-10 18:35:37,932 : INFO : EventManager : Event: ======'slide_GameCard_removed'====== Args={'_from_bcp': True}
2020-08-10 18:35:37,932 : INFO : EventManager : Event: ======'slide_GameCard_created'====== Args={'_from_bcp': True}
2020-08-10 18:35:37,933 : INFO : EventManager : Event: ======'slide_GameCard_active'====== Args={'_from_bcp': True}
2020-08-10 18:35:40,927 : INFO : EventManager : Event: ======'slide_HowTo_removed'====== Args={'_from_bcp': True}
2020-08-10 18:35:40,946 : INFO : EventManager : Event: ======'slide_HowTo_created'====== Args={'_from_bcp': True}
2020-08-10 18:35:40,957 : INFO : EventManager : Event: ======'slide_HowTo_active'====== Args={'_from_bcp': True}
2020-08-10 18:35:48,918 : INFO : EventManager : Event: ======'slide_last_game_score_slide1_removed'====== Args={'_from_bcp': True}
2020-08-10 18:35:48,952 : INFO : EventManager : Event: ======'slide_last_game_score_slide1_created'====== Args={'_from_bcp': True}
2020-08-10 18:35:48,953 : INFO : EventManager : Event: ======'slide_last_game_score_slide1_active'====== Args={'_from_bcp': True}
2020-08-10 18:35:56,940 : INFO : EventManager : Event: ======'slide_show_high_scores_removed'====== Args={'_from_bcp': True}
2020-08-10 18:35:56,944 : INFO : EventManager : Event: ======'slide_show_high_scores_created'====== Args={'_from_bcp': True}
2020-08-10 18:35:56,959 : INFO : EventManager : Event: ======'slide_show_high_scores_active'====== Args={'_from_bcp': True}
2020-08-10 18:35:57,930 : INFO : EventManager : Event: ======'slide_awesome_slide_removed'====== Args={'_from_bcp': True}
2020-08-10 18:35:57,931 : INFO : EventManager : Event: ======'slide_awesome_slide_created'====== Args={'_from_bcp': True}
2020-08-10 18:35:57,934 : INFO : EventManager : Event: ======'slide_awesome_slide_active'====== Args={'_from_bcp': True}
2020-08-10 18:36:00,911 : INFO : EventManager : Event: ======'slide_press_start_removed'====== Args={'_from_bcp': True}
2020-08-10 18:36:00,931 : INFO : EventManager : Event: ======'slide_press_start_created'====== Args={'_from_bcp': True}
2020-08-10 18:36:00,932 : INFO : EventManager : Event: ======'slide_press_start_active'====== Args={'_from_bcp': True}
2020-08-10 18:36:03,930 : INFO : EventManager : Event: ======'slide_mission_pinball_removed'====== Args={'_from_bcp': True}
2020-08-10 18:36:03,932 : INFO : EventManager : Event: ======'slide_mission_pinball_created'====== Args={'_from_bcp': True}
2020-08-10 18:36:03,936 : INFO : EventManager : Event: ======'slide_mission_pinball_active'====== Args={'_from_bcp': True}
2020-08-10 18:36:09,926 : INFO : EventManager : Event: ======'slide_GameCard_removed'====== Args={'_from_bcp': True}
2020-08-10 18:36:09,929 : INFO : EventManager : Event: ======'slide_GameCard_created'====== Args={'_from_bcp': True}
2020-08-10 18:36:09,931 : INFO : EventManager : Event: ======'slide_GameCard_active'====== Args={'_from_bcp': True}
2020-08-10 18:36:12,910 : INFO : EventManager : Event: ======'slide_HowTo_removed'====== Args={'_from_bcp': True}
2020-08-10 18:36:12,933 : INFO : EventManager : Event: ======'slide_HowTo_created'====== Args={'_from_bcp': True}
2020-08-10 18:36:12,944 : INFO : EventManager : Event: ======'slide_HowTo_active'====== Args={'_from_bcp': True}
2020-08-10 18:36:20,924 : INFO : EventManager : Event: ======'slide_last_game_score_slide1_removed'====== Args={'_from_bcp': True}
2020-08-10 18:36:20,968 : INFO : EventManager : Event: ======'slide_last_game_score_slide1_created'====== Args={'_from_bcp': True}
2020-08-10 18:36:20,968 : INFO : EventManager : Event: ======'slide_last_game_score_slide1_active'====== Args={'_from_bcp': True}
2020-08-10 18:36:28,917 : INFO : EventManager : Event: ======'slide_show_high_scores_removed'====== Args={'_from_bcp': True}
2020-08-10 18:36:28,947 : INFO : EventManager : Event: ======'slide_show_high_scores_created'====== Args={'_from_bcp': True}
2020-08-10 18:36:28,948 : INFO : EventManager : Event: ======'slide_show_high_scores_active'====== Args={'_from_bcp': True}
2020-08-10 18:36:29,917 : INFO : EventManager : Event: ======'slide_awesome_slide_removed'====== Args={'_from_bcp': True}
2020-08-10 18:36:29,921 : INFO : EventManager : Event: ======'slide_awesome_slide_created'====== Args={'_from_bcp': True}
2020-08-10 18:36:29,922 : INFO : EventManager : Event: ======'slide_awesome_slide_active'====== Args={'_from_bcp': True}
2020-08-10 18:36:32,921 : INFO : EventManager : Event: ======'slide_press_start_removed'====== Args={'_from_bcp': True}
2020-08-10 18:36:32,943 : INFO : EventManager : Event: ======'slide_press_start_created'====== Args={'_from_bcp': True}
2020-08-10 18:36:32,944 : INFO : EventManager : Event: ======'slide_press_start_active'====== Args={'_from_bcp': True}
2020-08-10 18:36:35,934 : INFO : EventManager : Event: ======'slide_mission_pinball_removed'====== Args={'_from_bcp': True}
2020-08-10 18:36:35,937 : INFO : EventManager : Event: ======'slide_mission_pinball_created'====== Args={'_from_bcp': True}
2020-08-10 18:36:35,940 : INFO : EventManager : Event: ======'slide_mission_pinball_active'====== Args={'_from_bcp': True}
2020-08-10 18:36:41,916 : INFO : EventManager : Event: ======'slide_GameCard_removed'====== Args={'_from_bcp': True}
2020-08-10 18:36:41,923 : INFO : EventManager : Event: ======'slide_GameCard_created'====== Args={'_from_bcp': True}
2020-08-10 18:36:41,924 : INFO : EventManager : Event: ======'slide_GameCard_active'====== Args={'_from_bcp': True}
2020-08-10 18:36:44,936 : INFO : EventManager : Event: ======'slide_HowTo_removed'====== Args={'_from_bcp': True}
2020-08-10 18:36:44,971 : INFO : EventManager : Event: ======'slide_HowTo_created'====== Args={'_from_bcp': True}
2020-08-10 18:36:44,976 : INFO : EventManager : Event: ======'slide_HowTo_active'====== Args={'_from_bcp': True}
2020-08-10 18:36:52,917 : INFO : EventManager : Event: ======'slide_last_game_score_slide1_removed'====== Args={'_from_bcp': True}
2020-08-10 18:36:52,999 : INFO : EventManager : Event: ======'slide_last_game_score_slide1_created'====== Args={'_from_bcp': True}
2020-08-10 18:36:53,008 : INFO : EventManager : Event: ======'slide_last_game_score_slide1_active'====== Args={'_from_bcp': True}
2020-08-10 18:37:00,916 : INFO : EventManager : Event: ======'slide_show_high_scores_removed'====== Args={'_from_bcp': True}
2020-08-10 18:37:00,929 : INFO : EventManager : Event: ======'slide_show_high_scores_created'====== Args={'_from_bcp': True}
2020-08-10 18:37:00,937 : INFO : EventManager : Event: ======'slide_show_high_scores_active'====== Args={'_from_bcp': True}
2020-08-10 18:37:01,925 : INFO : EventManager : Event: ======'slide_awesome_slide_removed'====== Args={'_from_bcp': True}
2020-08-10 18:37:01,926 : INFO : EventManager : Event: ======'slide_awesome_slide_created'====== Args={'_from_bcp': True}
2020-08-10 18:37:01,929 : INFO : EventManager : Event: ======'slide_awesome_slide_active'====== Args={'_from_bcp': True}
2020-08-10 18:37:04,916 : INFO : EventManager : Event: ======'slide_press_start_removed'====== Args={'_from_bcp': True}
2020-08-10 18:37:04,923 : INFO : EventManager : Event: ======'slide_press_start_created'====== Args={'_from_bcp': True}
2020-08-10 18:37:04,927 : INFO : EventManager : Event: ======'slide_press_start_active'====== Args={'_from_bcp': True}
2020-08-10 18:37:07,925 : INFO : EventManager : Event: ======'slide_mission_pinball_removed'====== Args={'_from_bcp': True}
2020-08-10 18:37:07,942 : INFO : EventManager : Event: ======'slide_mission_pinball_created'====== Args={'_from_bcp': True}
2020-08-10 18:37:07,943 : INFO : EventManager : Event: ======'slide_mission_pinball_active'====== Args={'_from_bcp': True}
2020-08-10 18:37:13,907 : INFO : EventManager : Event: ======'slide_GameCard_removed'====== Args={'_from_bcp': True}
2020-08-10 18:37:13,907 : INFO : EventManager : Event: ======'slide_GameCard_created'====== Args={'_from_bcp': True}
2020-08-10 18:37:13,907 : INFO : EventManager : Event: ======'slide_GameCard_active'====== Args={'_from_bcp': True}
2020-08-10 18:37:16,917 : INFO : EventManager : Event: ======'slide_HowTo_removed'====== Args={'_from_bcp': True}
2020-08-10 18:37:16,952 : INFO : EventManager : Event: ======'slide_HowTo_created'====== Args={'_from_bcp': True}
2020-08-10 18:37:16,953 : INFO : EventManager : Event: ======'slide_HowTo_active'====== Args={'_from_bcp': True}
2020-08-10 18:37:24,919 : INFO : EventManager : Event: ======'slide_last_game_score_slide1_removed'====== Args={'_from_bcp': True}
2020-08-10 18:37:24,932 : INFO : EventManager : Event: ======'slide_last_game_score_slide1_created'====== Args={'_from_bcp': True}
2020-08-10 18:37:24,943 : INFO : EventManager : Event: ======'slide_last_game_score_slide1_active'====== Args={'_from_bcp': True}
2020-08-10 18:37:32,907 : INFO : EventManager : Event: ======'slide_show_high_scores_removed'====== Args={'_from_bcp': True}
2020-08-10 18:37:32,924 : INFO : EventManager : Event: ======'slide_show_high_scores_created'====== Args={'_from_bcp': True}
2020-08-10 18:37:32,936 : INFO : EventManager : Event: ======'slide_show_high_scores_active'====== Args={'_from_bcp': True}
2020-08-10 18:37:33,937 : INFO : EventManager : Event: ======'slide_awesome_slide_removed'====== Args={'_from_bcp': True}
2020-08-10 18:37:33,938 : INFO : EventManager : Event: ======'slide_awesome_slide_created'====== Args={'_from_bcp': True}
2020-08-10 18:37:33,939 : INFO : EventManager : Event: ======'slide_awesome_slide_active'====== Args={'_from_bcp': True}
2020-08-10 18:37:36,923 : INFO : EventManager : Event: ======'slide_press_start_removed'====== Args={'_from_bcp': True}
2020-08-10 18:37:36,924 : INFO : EventManager : Event: ======'slide_press_start_created'====== Args={'_from_bcp': True}
2020-08-10 18:37:36,924 : INFO : EventManager : Event: ======'slide_press_start_active'====== Args={'_from_bcp': True}
2020-08-10 18:37:39,930 : INFO : EventManager : Event: ======'slide_mission_pinball_removed'====== Args={'_from_bcp': True}
2020-08-10 18:37:39,937 : INFO : EventManager : Event: ======'slide_mission_pinball_created'====== Args={'_from_bcp': True}
2020-08-10 18:37:39,939 : INFO : EventManager : Event: ======'slide_mission_pinball_active'====== Args={'_from_bcp': True}
2020-08-10 18:37:45,925 : INFO : EventManager : Event: ======'slide_GameCard_removed'====== Args={'_from_bcp': True}
2020-08-10 18:37:45,926 : INFO : EventManager : Event: ======'slide_GameCard_created'====== Args={'_from_bcp': True}
2020-08-10 18:37:45,927 : INFO : EventManager : Event: ======'slide_GameCard_active'====== Args={'_from_bcp': True}
2020-08-10 18:37:48,908 : INFO : EventManager : Event: ======'slide_HowTo_removed'====== Args={'_from_bcp': True}
2020-08-10 18:37:48,948 : INFO : EventManager : Event: ======'slide_HowTo_created'====== Args={'_from_bcp': True}
2020-08-10 18:37:48,948 : INFO : EventManager : Event: ======'slide_HowTo_active'====== Args={'_from_bcp': True}
2020-08-10 18:37:56,914 : INFO : EventManager : Event: ======'slide_last_game_score_slide1_removed'====== Args={'_from_bcp': True}
2020-08-10 18:37:56,936 : INFO : EventManager : Event: ======'slide_last_game_score_slide1_created'====== Args={'_from_bcp': True}
2020-08-10 18:37:56,944 : INFO : EventManager : Event: ======'slide_last_game_score_slide1_active'====== Args={'_from_bcp': True}
2020-08-10 18:38:04,927 : INFO : EventManager : Event: ======'slide_show_high_scores_removed'====== Args={'_from_bcp': True}
2020-08-10 18:38:04,963 : INFO : EventManager : Event: ======'slide_show_high_scores_created'====== Args={'_from_bcp': True}
2020-08-10 18:38:04,963 : INFO : EventManager : Event: ======'slide_show_high_scores_active'====== Args={'_from_bcp': True}
2020-08-10 18:38:05,925 : INFO : EventManager : Event: ======'slide_awesome_slide_removed'====== Args={'_from_bcp': True}
2020-08-10 18:38:05,930 : INFO : EventManager : Event: ======'slide_awesome_slide_created'====== Args={'_from_bcp': True}
2020-08-10 18:38:05,934 : INFO : EventManager : Event: ======'slide_awesome_slide_active'====== Args={'_from_bcp': True}
2020-08-10 18:38:08,907 : INFO : EventManager : Event: ======'slide_press_start_removed'====== Args={'_from_bcp': True}
2020-08-10 18:38:08,911 : INFO : EventManager : Event: ======'slide_press_start_created'====== Args={'_from_bcp': True}
2020-08-10 18:38:08,915 : INFO : EventManager : Event: ======'slide_press_start_active'====== Args={'_from_bcp': True}
2020-08-10 18:38:11,905 : INFO : EventManager : Event: ======'slide_mission_pinball_removed'====== Args={'_from_bcp': True}
2020-08-10 18:38:11,915 : INFO : EventManager : Event: ======'slide_mission_pinball_created'====== Args={'_from_bcp': True}
2020-08-10 18:38:11,920 : INFO : EventManager : Event: ======'slide_mission_pinball_active'====== Args={'_from_bcp': True}
2020-08-10 18:38:17,925 : INFO : EventManager : Event: ======'slide_GameCard_removed'====== Args={'_from_bcp': True}
2020-08-10 18:38:17,927 : INFO : EventManager : Event: ======'slide_GameCard_created'====== Args={'_from_bcp': True}
2020-08-10 18:38:17,929 : INFO : EventManager : Event: ======'slide_GameCard_active'====== Args={'_from_bcp': True}
2020-08-10 18:38:20,920 : INFO : EventManager : Event: ======'slide_HowTo_removed'====== Args={'_from_bcp': True}
2020-08-10 18:38:20,939 : INFO : EventManager : Event: ======'slide_HowTo_created'====== Args={'_from_bcp': True}
2020-08-10 18:38:20,951 : INFO : EventManager : Event: ======'slide_HowTo_active'====== Args={'_from_bcp': True}
2020-08-10 18:38:28,912 : INFO : EventManager : Event: ======'slide_last_game_score_slide1_removed'====== Args={'_from_bcp': True}
2020-08-10 18:38:28,945 : INFO : EventManager : Event: ======'slide_last_game_score_slide1_created'====== Args={'_from_bcp': True}
2020-08-10 18:38:28,945 : INFO : EventManager : Event: ======'slide_last_game_score_slide1_active'====== Args={'_from_bcp': True}
2020-08-10 18:38:36,932 : INFO : EventManager : Event: ======'slide_show_high_scores_removed'====== Args={'_from_bcp': True}
2020-08-10 18:38:36,934 : INFO : EventManager : Event: ======'slide_show_high_scores_created'====== Args={'_from_bcp': True}
2020-08-10 18:38:36,942 : INFO : EventManager : Event: ======'slide_show_high_scores_active'====== Args={'_from_bcp': True}
2020-08-10 18:38:37,907 : INFO : EventManager : Event: ======'slide_awesome_slide_removed'====== Args={'_from_bcp': True}
2020-08-10 18:38:37,911 : INFO : EventManager : Event: ======'slide_awesome_slide_created'====== Args={'_from_bcp': True}
2020-08-10 18:38:37,917 : INFO : EventManager : Event: ======'slide_awesome_slide_active'====== Args={'_from_bcp': True}
2020-08-10 18:38:40,926 : INFO : EventManager : Event: ======'slide_press_start_removed'====== Args={'_from_bcp': True}
2020-08-10 18:38:40,929 : INFO : EventManager : Event: ======'slide_press_start_created'====== Args={'_from_bcp': True}
2020-08-10 18:38:40,929 : INFO : EventManager : Event: ======'slide_press_start_active'====== Args={'_from_bcp': True}
2020-08-10 18:38:43,915 : INFO : EventManager : Event: ======'slide_mission_pinball_removed'====== Args={'_from_bcp': True}
2020-08-10 18:38:43,924 : INFO : EventManager : Event: ======'slide_mission_pinball_created'====== Args={'_from_bcp': True}
2020-08-10 18:38:43,928 : INFO : EventManager : Event: ======'slide_mission_pinball_active'====== Args={'_from_bcp': True}
2020-08-10 18:38:49,907 : INFO : EventManager : Event: ======'slide_GameCard_removed'====== Args={'_from_bcp': True}
2020-08-10 18:38:49,910 : INFO : EventManager : Event: ======'slide_GameCard_created'====== Args={'_from_bcp': True}
2020-08-10 18:38:49,912 : INFO : EventManager : Event: ======'slide_GameCard_active'====== Args={'_from_bcp': True}
2020-08-10 18:38:52,940 : INFO : EventManager : Event: ======'slide_HowTo_removed'====== Args={'_from_bcp': True}
2020-08-10 18:38:52,948 : INFO : EventManager : Event: ======'slide_HowTo_created'====== Args={'_from_bcp': True}
2020-08-10 18:38:52,960 : INFO : EventManager : Event: ======'slide_HowTo_active'====== Args={'_from_bcp': True}
2020-08-10 18:39:00,906 : INFO : EventManager : Event: ======'slide_last_game_score_slide1_removed'====== Args={'_from_bcp': True}
2020-08-10 18:39:00,944 : INFO : EventManager : Event: ======'slide_last_game_score_slide1_created'====== Args={'_from_bcp': True}
2020-08-10 18:39:00,944 : INFO : EventManager : Event: ======'slide_last_game_score_slide1_active'====== Args={'_from_bcp': True}
2020-08-10 18:39:08,908 : INFO : EventManager : Event: ======'slide_show_high_scores_removed'====== Args={'_from_bcp': True}
2020-08-10 18:39:08,924 : INFO : EventManager : Event: ======'slide_show_high_scores_created'====== Args={'_from_bcp': True}
2020-08-10 18:39:08,936 : INFO : EventManager : Event: ======'slide_show_high_scores_active'====== Args={'_from_bcp': True}
2020-08-10 18:39:09,907 : INFO : EventManager : Event: ======'slide_awesome_slide_removed'====== Args={'_from_bcp': True}
2020-08-10 18:39:09,908 : INFO : EventManager : Event: ======'slide_awesome_slide_created'====== Args={'_from_bcp': True}
2020-08-10 18:39:09,910 : INFO : EventManager : Event: ======'slide_awesome_slide_active'====== Args={'_from_bcp': True}
2020-08-10 18:39:12,915 : INFO : EventManager : Event: ======'slide_press_start_removed'====== Args={'_from_bcp': True}
2020-08-10 18:39:12,931 : INFO : EventManager : Event: ======'slide_press_start_created'====== Args={'_from_bcp': True}
2020-08-10 18:39:12,931 : INFO : EventManager : Event: ======'slide_press_start_active'====== Args={'_from_bcp': True}
2020-08-10 18:39:15,939 : INFO : EventManager : Event: ======'slide_mission_pinball_removed'====== Args={'_from_bcp': True}
2020-08-10 18:39:15,940 : INFO : EventManager : Event: ======'slide_mission_pinball_created'====== Args={'_from_bcp': True}
2020-08-10 18:39:15,941 : INFO : EventManager : Event: ======'slide_mission_pinball_active'====== Args={'_from_bcp': True}
2020-08-10 18:39:21,928 : INFO : EventManager : Event: ======'slide_GameCard_removed'====== Args={'_from_bcp': True}
2020-08-10 18:39:21,929 : INFO : EventManager : Event: ======'slide_GameCard_created'====== Args={'_from_bcp': True}
2020-08-10 18:39:21,930 : INFO : EventManager : Event: ======'slide_GameCard_active'====== Args={'_from_bcp': True}
2020-08-10 18:39:24,950 : INFO : EventManager : Event: ======'slide_HowTo_removed'====== Args={'_from_bcp': True}
2020-08-10 18:39:24,956 : INFO : EventManager : Event: ======'slide_HowTo_created'====== Args={'_from_bcp': True}
2020-08-10 18:39:24,961 : INFO : EventManager : Event: ======'slide_HowTo_active'====== Args={'_from_bcp': True}
2020-08-10 18:39:32,935 : INFO : EventManager : Event: ======'slide_last_game_score_slide1_removed'====== Args={'_from_bcp': True}
2020-08-10 18:39:32,940 : INFO : EventManager : Event: ======'slide_last_game_score_slide1_created'====== Args={'_from_bcp': True}
2020-08-10 18:39:32,947 : INFO : EventManager : Event: ======'slide_last_game_score_slide1_active'====== Args={'_from_bcp': True}
2020-08-10 18:39:40,922 : INFO : EventManager : Event: ======'slide_show_high_scores_removed'====== Args={'_from_bcp': True}
2020-08-10 18:39:40,937 : INFO : EventManager : Event: ======'slide_show_high_scores_created'====== Args={'_from_bcp': True}
2020-08-10 18:39:40,949 : INFO : EventManager : Event: ======'slide_show_high_scores_active'====== Args={'_from_bcp': True}
2020-08-10 18:39:41,919 : INFO : EventManager : Event: ======'slide_awesome_slide_removed'====== Args={'_from_bcp': True}
2020-08-10 18:39:41,923 : INFO : EventManager : Event: ======'slide_awesome_slide_created'====== Args={'_from_bcp': True}
2020-08-10 18:39:41,925 : INFO : EventManager : Event: ======'slide_awesome_slide_active'====== Args={'_from_bcp': True}
2020-08-10 18:39:44,907 : INFO : EventManager : Event: ======'slide_press_start_removed'====== Args={'_from_bcp': True}
2020-08-10 18:39:44,923 : INFO : EventManager : Event: ======'slide_press_start_created'====== Args={'_from_bcp': True}
2020-08-10 18:39:44,924 : INFO : EventManager : Event: ======'slide_press_start_active'====== Args={'_from_bcp': True}
2020-08-10 18:39:47,914 : INFO : EventManager : Event: ======'slide_mission_pinball_removed'====== Args={'_from_bcp': True}
2020-08-10 18:39:47,922 : INFO : EventManager : Event: ======'slide_mission_pinball_created'====== Args={'_from_bcp': True}
2020-08-10 18:39:47,927 : INFO : EventManager : Event: ======'slide_mission_pinball_active'====== Args={'_from_bcp': True}
2020-08-10 18:39:53,922 : INFO : EventManager : Event: ======'slide_GameCard_removed'====== Args={'_from_bcp': True}
2020-08-10 18:39:53,939 : INFO : EventManager : Event: ======'slide_GameCard_created'====== Args={'_from_bcp': True}
2020-08-10 18:39:53,939 : INFO : EventManager : Event: ======'slide_GameCard_active'====== Args={'_from_bcp': True}
2020-08-10 18:39:56,937 : INFO : EventManager : Event: ======'slide_HowTo_removed'====== Args={'_from_bcp': True}
2020-08-10 18:39:56,963 : INFO : EventManager : Event: ======'slide_HowTo_created'====== Args={'_from_bcp': True}
2020-08-10 18:39:56,964 : INFO : EventManager : Event: ======'slide_HowTo_active'====== Args={'_from_bcp': True}
2020-08-10 18:40:04,918 : INFO : EventManager : Event: ======'slide_last_game_score_slide1_removed'====== Args={'_from_bcp': True}
2020-08-10 18:40:04,954 : INFO : EventManager : Event: ======'slide_last_game_score_slide1_created'====== Args={'_from_bcp': True}
2020-08-10 18:40:04,955 : INFO : EventManager : Event: ======'slide_last_game_score_slide1_active'====== Args={'_from_bcp': True}
2020-08-10 18:40:12,913 : INFO : EventManager : Event: ======'slide_show_high_scores_removed'====== Args={'_from_bcp': True}
2020-08-10 18:40:12,949 : INFO : EventManager : Event: ======'slide_show_high_scores_created'====== Args={'_from_bcp': True}
2020-08-10 18:40:12,949 : INFO : EventManager : Event: ======'slide_show_high_scores_active'====== Args={'_from_bcp': True}
2020-08-10 18:40:13,926 : INFO : EventManager : Event: ======'slide_awesome_slide_removed'====== Args={'_from_bcp': True}
2020-08-10 18:40:13,928 : INFO : EventManager : Event: ======'slide_awesome_slide_created'====== Args={'_from_bcp': True}
2020-08-10 18:40:13,931 : INFO : EventManager : Event: ======'slide_awesome_slide_active'====== Args={'_from_bcp': True}
2020-08-10 18:40:16,904 : INFO : EventManager : Event: ======'slide_press_start_removed'====== Args={'_from_bcp': True}
2020-08-10 18:40:16,909 : INFO : EventManager : Event: ======'slide_press_start_created'====== Args={'_from_bcp': True}
2020-08-10 18:40:16,915 : INFO : EventManager : Event: ======'slide_press_start_active'====== Args={'_from_bcp': True}
2020-08-10 18:40:19,925 : INFO : EventManager : Event: ======'slide_mission_pinball_removed'====== Args={'_from_bcp': True}
2020-08-10 18:40:19,930 : INFO : EventManager : Event: ======'slide_mission_pinball_created'====== Args={'_from_bcp': True}
2020-08-10 18:40:19,936 : INFO : EventManager : Event: ======'slide_mission_pinball_active'====== Args={'_from_bcp': True}
2020-08-10 18:40:25,916 : INFO : EventManager : Event: ======'slide_GameCard_removed'====== Args={'_from_bcp': True}
2020-08-10 18:40:25,918 : INFO : EventManager : Event: ======'slide_GameCard_created'====== Args={'_from_bcp': True}
2020-08-10 18:40:25,920 : INFO : EventManager : Event: ======'slide_GameCard_active'====== Args={'_from_bcp': True}
2020-08-10 18:40:28,923 : INFO : EventManager : Event: ======'slide_HowTo_removed'====== Args={'_from_bcp': True}
2020-08-10 18:40:28,957 : INFO : EventManager : Event: ======'slide_HowTo_created'====== Args={'_from_bcp': True}
2020-08-10 18:40:28,958 : INFO : EventManager : Event: ======'slide_HowTo_active'====== Args={'_from_bcp': True}
2020-08-10 18:40:36,917 : INFO : EventManager : Event: ======'slide_last_game_score_slide1_removed'====== Args={'_from_bcp': True}
2020-08-10 18:40:37,001 : INFO : EventManager : Event: ======'slide_last_game_score_slide1_created'====== Args={'_from_bcp': True}
2020-08-10 18:40:37,013 : INFO : EventManager : Event: ======'slide_last_game_score_slide1_active'====== Args={'_from_bcp': True}
2020-08-10 18:40:44,935 : INFO : EventManager : Event: ======'slide_show_high_scores_removed'====== Args={'_from_bcp': True}
2020-08-10 18:40:44,949 : INFO : EventManager : Event: ======'slide_show_high_scores_created'====== Args={'_from_bcp': True}
2020-08-10 18:40:44,959 : INFO : EventManager : Event: ======'slide_show_high_scores_active'====== Args={'_from_bcp': True}
2020-08-10 18:40:45,909 : INFO : EventManager : Event: ======'slide_awesome_slide_removed'====== Args={'_from_bcp': True}
2020-08-10 18:40:45,914 : INFO : EventManager : Event: ======'slide_awesome_slide_created'====== Args={'_from_bcp': True}
2020-08-10 18:40:45,917 : INFO : EventManager : Event: ======'slide_awesome_slide_active'====== Args={'_from_bcp': True}
2020-08-10 18:40:48,917 : INFO : EventManager : Event: ======'slide_press_start_removed'====== Args={'_from_bcp': True}
2020-08-10 18:40:48,920 : INFO : EventManager : Event: ======'slide_press_start_created'====== Args={'_from_bcp': True}
2020-08-10 18:40:48,922 : INFO : EventManager : Event: ======'slide_press_start_active'====== Args={'_from_bcp': True}
2020-08-10 18:40:51,936 : INFO : EventManager : Event: ======'slide_mission_pinball_removed'====== Args={'_from_bcp': True}
2020-08-10 18:40:51,938 : INFO : EventManager : Event: ======'slide_mission_pinball_created'====== Args={'_from_bcp': True}
2020-08-10 18:40:51,943 : INFO : EventManager : Event: ======'slide_mission_pinball_active'====== Args={'_from_bcp': True}
2020-08-10 18:40:57,907 : INFO : EventManager : Event: ======'slide_GameCard_removed'====== Args={'_from_bcp': True}
2020-08-10 18:40:57,913 : INFO : EventManager : Event: ======'slide_GameCard_created'====== Args={'_from_bcp': True}
2020-08-10 18:40:57,914 : INFO : EventManager : Event: ======'slide_GameCard_active'====== Args={'_from_bcp': True}
2020-08-10 18:41:00,927 : INFO : EventManager : Event: ======'slide_HowTo_removed'====== Args={'_from_bcp': True}
2020-08-10 18:41:00,962 : INFO : EventManager : Event: ======'slide_HowTo_created'====== Args={'_from_bcp': True}
2020-08-10 18:41:00,962 : INFO : EventManager : Event: ======'slide_HowTo_active'====== Args={'_from_bcp': True}
2020-08-10 18:41:08,919 : INFO : EventManager : Event: ======'slide_last_game_score_slide1_removed'====== Args={'_from_bcp': True}
2020-08-10 18:41:08,958 : INFO : EventManager : Event: ======'slide_last_game_score_slide1_created'====== Args={'_from_bcp': True}
2020-08-10 18:41:08,958 : INFO : EventManager : Event: ======'slide_last_game_score_slide1_active'====== Args={'_from_bcp': True}
2020-08-10 18:41:16,909 : INFO : EventManager : Event: ======'slide_show_high_scores_removed'====== Args={'_from_bcp': True}
2020-08-10 18:41:16,930 : INFO : EventManager : Event: ======'slide_show_high_scores_created'====== Args={'_from_bcp': True}
2020-08-10 18:41:16,940 : INFO : EventManager : Event: ======'slide_show_high_scores_active'====== Args={'_from_bcp': True}
2020-08-10 18:41:17,906 : INFO : EventManager : Event: ======'slide_awesome_slide_removed'====== Args={'_from_bcp': True}
2020-08-10 18:41:17,907 : INFO : EventManager : Event: ======'slide_awesome_slide_created'====== Args={'_from_bcp': True}
2020-08-10 18:41:17,909 : INFO : EventManager : Event: ======'slide_awesome_slide_active'====== Args={'_from_bcp': True}
2020-08-10 18:41:20,927 : INFO : EventManager : Event: ======'slide_press_start_removed'====== Args={'_from_bcp': True}
2020-08-10 18:41:20,928 : INFO : EventManager : Event: ======'slide_press_start_created'====== Args={'_from_bcp': True}
2020-08-10 18:41:20,931 : INFO : EventManager : Event: ======'slide_press_start_active'====== Args={'_from_bcp': True}
2020-08-10 18:41:23,920 : INFO : EventManager : Event: ======'slide_mission_pinball_removed'====== Args={'_from_bcp': True}
2020-08-10 18:41:23,928 : INFO : EventManager : Event: ======'slide_mission_pinball_created'====== Args={'_from_bcp': True}
2020-08-10 18:41:23,939 : INFO : EventManager : Event: ======'slide_mission_pinball_active'====== Args={'_from_bcp': True}
2020-08-10 18:41:29,916 : INFO : EventManager : Event: ======'slide_GameCard_removed'====== Args={'_from_bcp': True}
2020-08-10 18:41:29,917 : INFO : EventManager : Event: ======'slide_GameCard_created'====== Args={'_from_bcp': True}
2020-08-10 18:41:29,919 : INFO : EventManager : Event: ======'slide_GameCard_active'====== Args={'_from_bcp': True}
2020-08-10 18:41:32,938 : INFO : EventManager : Event: ======'slide_HowTo_removed'====== Args={'_from_bcp': True}
2020-08-10 18:41:32,961 : INFO : EventManager : Event: ======'slide_HowTo_created'====== Args={'_from_bcp': True}
2020-08-10 18:41:32,961 : INFO : EventManager : Event: ======'slide_HowTo_active'====== Args={'_from_bcp': True}
2020-08-10 18:41:40,923 : INFO : EventManager : Event: ======'slide_last_game_score_slide1_removed'====== Args={'_from_bcp': True}
2020-08-10 18:41:40,970 : INFO : EventManager : Event: ======'slide_last_game_score_slide1_created'====== Args={'_from_bcp': True}
2020-08-10 18:41:40,970 : INFO : EventManager : Event: ======'slide_last_game_score_slide1_active'====== Args={'_from_bcp': True}
2020-08-10 18:41:48,942 : INFO : EventManager : Event: ======'slide_show_high_scores_removed'====== Args={'_from_bcp': True}
2020-08-10 18:41:48,942 : INFO : EventManager : Event: ======'slide_show_high_scores_created'====== Args={'_from_bcp': True}
2020-08-10 18:41:48,951 : INFO : EventManager : Event: ======'slide_show_high_scores_active'====== Args={'_from_bcp': True}
2020-08-10 18:41:49,929 : INFO : EventManager : Event: ======'slide_awesome_slide_removed'====== Args={'_from_bcp': True}
2020-08-10 18:41:49,930 : INFO : EventManager : Event: ======'slide_awesome_slide_created'====== Args={'_from_bcp': True}
2020-08-10 18:41:49,930 : INFO : EventManager : Event: ======'slide_awesome_slide_active'====== Args={'_from_bcp': True}
2020-08-10 18:41:52,933 : INFO : EventManager : Event: ======'slide_press_start_removed'====== Args={'_from_bcp': True}
2020-08-10 18:41:52,934 : INFO : EventManager : Event: ======'slide_press_start_created'====== Args={'_from_bcp': True}
2020-08-10 18:41:52,934 : INFO : EventManager : Event: ======'slide_press_start_active'====== Args={'_from_bcp': True}
2020-08-10 18:41:55,916 : INFO : EventManager : Event: ======'slide_mission_pinball_removed'====== Args={'_from_bcp': True}
2020-08-10 18:41:55,929 : INFO : EventManager : Event: ======'slide_mission_pinball_created'====== Args={'_from_bcp': True}
2020-08-10 18:41:55,930 : INFO : EventManager : Event: ======'slide_mission_pinball_active'====== Args={'_from_bcp': True}
2020-08-10 18:42:01,915 : INFO : EventManager : Event: ======'slide_GameCard_removed'====== Args={'_from_bcp': True}
2020-08-10 18:42:01,919 : INFO : EventManager : Event: ======'slide_GameCard_created'====== Args={'_from_bcp': True}
2020-08-10 18:42:01,921 : INFO : EventManager : Event: ======'slide_GameCard_active'====== Args={'_from_bcp': True}
2020-08-10 18:42:04,915 : INFO : EventManager : Event: ======'slide_HowTo_removed'====== Args={'_from_bcp': True}
2020-08-10 18:42:04,951 : INFO : EventManager : Event: ======'slide_HowTo_created'====== Args={'_from_bcp': True}
2020-08-10 18:42:04,951 : INFO : EventManager : Event: ======'slide_HowTo_active'====== Args={'_from_bcp': True}
2020-08-10 18:42:12,913 : INFO : EventManager : Event: ======'slide_last_game_score_slide1_removed'====== Args={'_from_bcp': True}
2020-08-10 18:42:12,938 : INFO : EventManager : Event: ======'slide_last_game_score_slide1_created'====== Args={'_from_bcp': True}
2020-08-10 18:42:12,947 : INFO : EventManager : Event: ======'slide_last_game_score_slide1_active'====== Args={'_from_bcp': True}
2020-08-10 18:42:20,919 : INFO : EventManager : Event: ======'slide_show_high_scores_removed'====== Args={'_from_bcp': True}
2020-08-10 18:42:20,945 : INFO : EventManager : Event: ======'slide_show_high_scores_created'====== Args={'_from_bcp': True}
2020-08-10 18:42:20,946 : INFO : EventManager : Event: ======'slide_show_high_scores_active'====== Args={'_from_bcp': True}
2020-08-10 18:42:21,909 : INFO : EventManager : Event: ======'slide_awesome_slide_removed'====== Args={'_from_bcp': True}
2020-08-10 18:42:21,910 : INFO : EventManager : Event: ======'slide_awesome_slide_created'====== Args={'_from_bcp': True}
2020-08-10 18:42:21,911 : INFO : EventManager : Event: ======'slide_awesome_slide_active'====== Args={'_from_bcp': True}
2020-08-10 18:42:24,910 : INFO : EventManager : Event: ======'slide_press_start_removed'====== Args={'_from_bcp': True}
2020-08-10 18:42:24,914 : INFO : EventManager : Event: ======'slide_press_start_created'====== Args={'_from_bcp': True}
2020-08-10 18:42:24,915 : INFO : EventManager : Event: ======'slide_press_start_active'====== Args={'_from_bcp': True}
2020-08-10 18:42:27,920 : INFO : EventManager : Event: ======'slide_mission_pinball_removed'====== Args={'_from_bcp': True}
2020-08-10 18:42:27,994 : INFO : EventManager : Event: ======'slide_mission_pinball_created'====== Args={'_from_bcp': True}
2020-08-10 18:42:27,998 : INFO : EventManager : Event: ======'slide_mission_pinball_active'====== Args={'_from_bcp': True}
2020-08-10 18:42:33,925 : INFO : EventManager : Event: ======'slide_GameCard_removed'====== Args={'_from_bcp': True}
2020-08-10 18:42:33,928 : INFO : EventManager : Event: ======'slide_GameCard_created'====== Args={'_from_bcp': True}
2020-08-10 18:42:33,930 : INFO : EventManager : Event: ======'slide_GameCard_active'====== Args={'_from_bcp': True}
2020-08-10 18:42:36,925 : INFO : EventManager : Event: ======'slide_HowTo_removed'====== Args={'_from_bcp': True}
2020-08-10 18:42:36,939 : INFO : EventManager : Event: ======'slide_HowTo_created'====== Args={'_from_bcp': True}
2020-08-10 18:42:36,953 : INFO : EventManager : Event: ======'slide_HowTo_active'====== Args={'_from_bcp': True}
2020-08-10 18:42:44,911 : INFO : EventManager : Event: ======'slide_last_game_score_slide1_removed'====== Args={'_from_bcp': True}
2020-08-10 18:42:44,939 : INFO : EventManager : Event: ======'slide_last_game_score_slide1_created'====== Args={'_from_bcp': True}
2020-08-10 18:42:44,939 : INFO : EventManager : Event: ======'slide_last_game_score_slide1_active'====== Args={'_from_bcp': True}
2020-08-10 18:42:52,933 : INFO : EventManager : Event: ======'slide_show_high_scores_removed'====== Args={'_from_bcp': True}
2020-08-10 18:42:52,934 : INFO : EventManager : Event: ======'slide_show_high_scores_created'====== Args={'_from_bcp': True}
2020-08-10 18:42:52,943 : INFO : EventManager : Event: ======'slide_show_high_scores_active'====== Args={'_from_bcp': True}
2020-08-10 18:42:53,905 : INFO : EventManager : Event: ======'slide_awesome_slide_removed'====== Args={'_from_bcp': True}
2020-08-10 18:42:53,909 : INFO : EventManager : Event: ======'slide_awesome_slide_created'====== Args={'_from_bcp': True}
2020-08-10 18:42:53,916 : INFO : EventManager : Event: ======'slide_awesome_slide_active'====== Args={'_from_bcp': True}
2020-08-10 18:42:56,925 : INFO : EventManager : Event: ======'slide_press_start_removed'====== Args={'_from_bcp': True}
2020-08-10 18:42:56,931 : INFO : EventManager : Event: ======'slide_press_start_created'====== Args={'_from_bcp': True}
2020-08-10 18:42:56,933 : INFO : EventManager : Event: ======'slide_press_start_active'====== Args={'_from_bcp': True}
2020-08-10 18:42:59,928 : INFO : EventManager : Event: ======'slide_mission_pinball_removed'====== Args={'_from_bcp': True}
2020-08-10 18:42:59,943 : INFO : EventManager : Event: ======'slide_mission_pinball_created'====== Args={'_from_bcp': True}
2020-08-10 18:42:59,947 : INFO : EventManager : Event: ======'slide_mission_pinball_active'====== Args={'_from_bcp': True}
2020-08-10 18:43:05,918 : INFO : EventManager : Event: ======'slide_GameCard_removed'====== Args={'_from_bcp': True}
2020-08-10 18:43:05,921 : INFO : EventManager : Event: ======'slide_GameCard_created'====== Args={'_from_bcp': True}
2020-08-10 18:43:05,923 : INFO : EventManager : Event: ======'slide_GameCard_active'====== Args={'_from_bcp': True}
2020-08-10 18:43:08,916 : INFO : EventManager : Event: ======'slide_HowTo_removed'====== Args={'_from_bcp': True}
2020-08-10 18:43:08,948 : INFO : EventManager : Event: ======'slide_HowTo_created'====== Args={'_from_bcp': True}
2020-08-10 18:43:08,949 : INFO : EventManager : Event: ======'slide_HowTo_active'====== Args={'_from_bcp': True}
2020-08-10 18:43:16,924 : INFO : EventManager : Event: ======'slide_last_game_score_slide1_removed'====== Args={'_from_bcp': True}
2020-08-10 18:43:16,953 : INFO : EventManager : Event: ======'slide_last_game_score_slide1_created'====== Args={'_from_bcp': True}
2020-08-10 18:43:16,953 : INFO : EventManager : Event: ======'slide_last_game_score_slide1_active'====== Args={'_from_bcp': True}
2020-08-10 18:43:24,913 : INFO : EventManager : Event: ======'slide_show_high_scores_removed'====== Args={'_from_bcp': True}
2020-08-10 18:43:24,938 : INFO : EventManager : Event: ======'slide_show_high_scores_created'====== Args={'_from_bcp': True}
2020-08-10 18:43:24,938 : INFO : EventManager : Event: ======'slide_show_high_scores_active'====== Args={'_from_bcp': True}
2020-08-10 18:43:25,902 : INFO : EventManager : Event: ======'slide_awesome_slide_removed'====== Args={'_from_bcp': True}
2020-08-10 18:43:25,906 : INFO : EventManager : Event: ======'slide_awesome_slide_created'====== Args={'_from_bcp': True}
2020-08-10 18:43:25,908 : INFO : EventManager : Event: ======'slide_awesome_slide_active'====== Args={'_from_bcp': True}
2020-08-10 18:43:28,936 : INFO : EventManager : Event: ======'slide_press_start_removed'====== Args={'_from_bcp': True}
2020-08-10 18:43:28,936 : INFO : EventManager : Event: ======'slide_press_start_created'====== Args={'_from_bcp': True}
2020-08-10 18:43:28,937 : INFO : EventManager : Event: ======'slide_press_start_active'====== Args={'_from_bcp': True}
2020-08-10 18:43:31,903 : INFO : EventManager : Event: ======'slide_mission_pinball_removed'====== Args={'_from_bcp': True}
2020-08-10 18:43:31,910 : INFO : EventManager : Event: ======'slide_mission_pinball_created'====== Args={'_from_bcp': True}
2020-08-10 18:43:31,913 : INFO : EventManager : Event: ======'slide_mission_pinball_active'====== Args={'_from_bcp': True}
2020-08-10 18:43:37,922 : INFO : EventManager : Event: ======'slide_GameCard_removed'====== Args={'_from_bcp': True}
2020-08-10 18:43:37,925 : INFO : EventManager : Event: ======'slide_GameCard_created'====== Args={'_from_bcp': True}
2020-08-10 18:43:37,927 : INFO : EventManager : Event: ======'slide_GameCard_active'====== Args={'_from_bcp': True}
2020-08-10 18:43:40,908 : INFO : EventManager : Event: ======'slide_HowTo_removed'====== Args={'_from_bcp': True}
2020-08-10 18:43:40,945 : INFO : EventManager : Event: ======'slide_HowTo_created'====== Args={'_from_bcp': True}
2020-08-10 18:43:40,945 : INFO : EventManager : Event: ======'slide_HowTo_active'====== Args={'_from_bcp': True}
2020-08-10 18:43:48,925 : INFO : EventManager : Event: ======'slide_last_game_score_slide1_removed'====== Args={'_from_bcp': True}
2020-08-10 18:43:48,946 : INFO : EventManager : Event: ======'slide_last_game_score_slide1_created'====== Args={'_from_bcp': True}
2020-08-10 18:43:48,962 : INFO : EventManager : Event: ======'slide_last_game_score_slide1_active'====== Args={'_from_bcp': True}
2020-08-10 18:43:56,928 : INFO : EventManager : Event: ======'slide_show_high_scores_removed'====== Args={'_from_bcp': True}
2020-08-10 18:43:56,950 : INFO : EventManager : Event: ======'slide_show_high_scores_created'====== Args={'_from_bcp': True}
2020-08-10 18:43:56,951 : INFO : EventManager : Event: ======'slide_show_high_scores_active'====== Args={'_from_bcp': True}
2020-08-10 18:43:57,918 : INFO : EventManager : Event: ======'slide_awesome_slide_removed'====== Args={'_from_bcp': True}
2020-08-10 18:43:57,922 : INFO : EventManager : Event: ======'slide_awesome_slide_created'====== Args={'_from_bcp': True}
2020-08-10 18:43:57,925 : INFO : EventManager : Event: ======'slide_awesome_slide_active'====== Args={'_from_bcp': True}
2020-08-10 18:44:00,916 : INFO : EventManager : Event: ======'slide_press_start_removed'====== Args={'_from_bcp': True}
2020-08-10 18:44:00,917 : INFO : EventManager : Event: ======'slide_press_start_created'====== Args={'_from_bcp': True}
2020-08-10 18:44:00,919 : INFO : EventManager : Event: ======'slide_press_start_active'====== Args={'_from_bcp': True}
2020-08-10 18:44:03,912 : INFO : EventManager : Event: ======'slide_mission_pinball_removed'====== Args={'_from_bcp': True}
2020-08-10 18:44:03,919 : INFO : EventManager : Event: ======'slide_mission_pinball_created'====== Args={'_from_bcp': True}
2020-08-10 18:44:03,922 : INFO : EventManager : Event: ======'slide_mission_pinball_active'====== Args={'_from_bcp': True}
2020-08-10 18:44:09,927 : INFO : EventManager : Event: ======'slide_GameCard_removed'====== Args={'_from_bcp': True}
2020-08-10 18:44:09,927 : INFO : EventManager : Event: ======'slide_GameCard_created'====== Args={'_from_bcp': True}
2020-08-10 18:44:09,928 : INFO : EventManager : Event: ======'slide_GameCard_active'====== Args={'_from_bcp': True}
2020-08-10 18:44:12,923 : INFO : EventManager : Event: ======'slide_HowTo_removed'====== Args={'_from_bcp': True}
2020-08-10 18:44:12,958 : INFO : EventManager : Event: ======'slide_HowTo_created'====== Args={'_from_bcp': True}
2020-08-10 18:44:12,959 : INFO : EventManager : Event: ======'slide_HowTo_active'====== Args={'_from_bcp': True}
2020-08-10 18:44:20,920 : INFO : EventManager : Event: ======'slide_last_game_score_slide1_removed'====== Args={'_from_bcp': True}
2020-08-10 18:44:20,997 : INFO : EventManager : Event: ======'slide_last_game_score_slide1_created'====== Args={'_from_bcp': True}
2020-08-10 18:44:21,005 : INFO : EventManager : Event: ======'slide_last_game_score_slide1_active'====== Args={'_from_bcp': True}
2020-08-10 18:44:28,935 : INFO : EventManager : Event: ======'slide_show_high_scores_removed'====== Args={'_from_bcp': True}
2020-08-10 18:44:28,935 : INFO : EventManager : Event: ======'slide_show_high_scores_created'====== Args={'_from_bcp': True}
2020-08-10 18:44:28,943 : INFO : EventManager : Event: ======'slide_show_high_scores_active'====== Args={'_from_bcp': True}
2020-08-10 18:44:29,926 : INFO : EventManager : Event: ======'slide_awesome_slide_removed'====== Args={'_from_bcp': True}
2020-08-10 18:44:29,927 : INFO : EventManager : Event: ======'slide_awesome_slide_created'====== Args={'_from_bcp': True}
2020-08-10 18:44:29,927 : INFO : EventManager : Event: ======'slide_awesome_slide_active'====== Args={'_from_bcp': True}
2020-08-10 18:44:32,916 : INFO : EventManager : Event: ======'slide_press_start_removed'====== Args={'_from_bcp': True}
2020-08-10 18:44:32,930 : INFO : EventManager : Event: ======'slide_press_start_created'====== Args={'_from_bcp': True}
2020-08-10 18:44:32,931 : INFO : EventManager : Event: ======'slide_press_start_active'====== Args={'_from_bcp': True}
2020-08-10 18:44:35,919 : INFO : EventManager : Event: ======'slide_mission_pinball_removed'====== Args={'_from_bcp': True}
2020-08-10 18:44:35,928 : INFO : EventManager : Event: ======'slide_mission_pinball_created'====== Args={'_from_bcp': True}
2020-08-10 18:44:35,932 : INFO : EventManager : Event: ======'slide_mission_pinball_active'====== Args={'_from_bcp': True}
2020-08-10 18:44:41,911 : INFO : EventManager : Event: ======'slide_GameCard_removed'====== Args={'_from_bcp': True}
2020-08-10 18:44:41,913 : INFO : EventManager : Event: ======'slide_GameCard_created'====== Args={'_from_bcp': True}
2020-08-10 18:44:41,914 : INFO : EventManager : Event: ======'slide_GameCard_active'====== Args={'_from_bcp': True}
2020-08-10 18:44:44,942 : INFO : EventManager : Event: ======'slide_HowTo_removed'====== Args={'_from_bcp': True}
2020-08-10 18:44:44,967 : INFO : EventManager : Event: ======'slide_HowTo_created'====== Args={'_from_bcp': True}
2020-08-10 18:44:44,967 : INFO : EventManager : Event: ======'slide_HowTo_active'====== Args={'_from_bcp': True}
2020-08-10 18:44:52,919 : INFO : EventManager : Event: ======'slide_last_game_score_slide1_removed'====== Args={'_from_bcp': True}
2020-08-10 18:44:52,938 : INFO : EventManager : Event: ======'slide_last_game_score_slide1_created'====== Args={'_from_bcp': True}
2020-08-10 18:44:52,951 : INFO : EventManager : Event: ======'slide_last_game_score_slide1_active'====== Args={'_from_bcp': True}
2020-08-10 18:45:00,905 : INFO : EventManager : Event: ======'slide_show_high_scores_removed'====== Args={'_from_bcp': True}
2020-08-10 18:45:00,920 : INFO : EventManager : Event: ======'slide_show_high_scores_created'====== Args={'_from_bcp': True}
2020-08-10 18:45:00,941 : INFO : EventManager : Event: ======'slide_show_high_scores_active'====== Args={'_from_bcp': True}
2020-08-10 18:45:01,936 : INFO : EventManager : Event: ======'slide_awesome_slide_removed'====== Args={'_from_bcp': True}
2020-08-10 18:45:01,937 : INFO : EventManager : Event: ======'slide_awesome_slide_created'====== Args={'_from_bcp': True}
2020-08-10 18:45:01,937 : INFO : EventManager : Event: ======'slide_awesome_slide_active'====== Args={'_from_bcp': True}
2020-08-10 18:45:04,938 : INFO : EventManager : Event: ======'slide_press_start_removed'====== Args={'_from_bcp': True}
2020-08-10 18:45:04,938 : INFO : EventManager : Event: ======'slide_press_start_created'====== Args={'_from_bcp': True}
2020-08-10 18:45:04,940 : INFO : EventManager : Event: ======'slide_press_start_active'====== Args={'_from_bcp': True}
2020-08-10 18:45:07,911 : INFO : EventManager : Event: ======'slide_mission_pinball_removed'====== Args={'_from_bcp': True}
2020-08-10 18:45:07,930 : INFO : EventManager : Event: ======'slide_mission_pinball_created'====== Args={'_from_bcp': True}
2020-08-10 18:45:07,931 : INFO : EventManager : Event: ======'slide_mission_pinball_active'====== Args={'_from_bcp': True}
2020-08-10 18:45:13,914 : INFO : EventManager : Event: ======'slide_GameCard_removed'====== Args={'_from_bcp': True}
2020-08-10 18:45:13,917 : INFO : EventManager : Event: ======'slide_GameCard_created'====== Args={'_from_bcp': True}
2020-08-10 18:45:13,919 : INFO : EventManager : Event: ======'slide_GameCard_active'====== Args={'_from_bcp': True}
2020-08-10 18:45:16,925 : INFO : EventManager : Event: ======'slide_HowTo_removed'====== Args={'_from_bcp': True}
2020-08-10 18:45:16,959 : INFO : EventManager : Event: ======'slide_HowTo_created'====== Args={'_from_bcp': True}
2020-08-10 18:45:16,959 : INFO : EventManager : Event: ======'slide_HowTo_active'====== Args={'_from_bcp': True}
2020-08-10 18:45:24,936 : INFO : EventManager : Event: ======'slide_last_game_score_slide1_removed'====== Args={'_from_bcp': True}
2020-08-10 18:45:24,962 : INFO : EventManager : Event: ======'slide_last_game_score_slide1_created'====== Args={'_from_bcp': True}
2020-08-10 18:45:24,963 : INFO : EventManager : Event: ======'slide_last_game_score_slide1_active'====== Args={'_from_bcp': True}
2020-08-10 18:45:32,924 : INFO : EventManager : Event: ======'slide_show_high_scores_removed'====== Args={'_from_bcp': True}
2020-08-10 18:45:32,933 : INFO : EventManager : Event: ======'slide_show_high_scores_created'====== Args={'_from_bcp': True}
2020-08-10 18:45:32,943 : INFO : EventManager : Event: ======'slide_show_high_scores_active'====== Args={'_from_bcp': True}
2020-08-10 18:45:33,921 : INFO : EventManager : Event: ======'slide_awesome_slide_removed'====== Args={'_from_bcp': True}
2020-08-10 18:45:33,924 : INFO : EventManager : Event: ======'slide_awesome_slide_created'====== Args={'_from_bcp': True}
2020-08-10 18:45:33,925 : INFO : EventManager : Event: ======'slide_awesome_slide_active'====== Args={'_from_bcp': True}
2020-08-10 18:45:36,929 : INFO : EventManager : Event: ======'slide_press_start_removed'====== Args={'_from_bcp': True}
2020-08-10 18:45:36,933 : INFO : EventManager : Event: ======'slide_press_start_created'====== Args={'_from_bcp': True}
2020-08-10 18:45:36,947 : INFO : EventManager : Event: ======'slide_press_start_active'====== Args={'_from_bcp': True}
2020-08-10 18:45:39,918 : INFO : EventManager : Event: ======'slide_mission_pinball_removed'====== Args={'_from_bcp': True}
2020-08-10 18:45:39,924 : INFO : EventManager : Event: ======'slide_mission_pinball_created'====== Args={'_from_bcp': True}
2020-08-10 18:45:39,927 : INFO : EventManager : Event: ======'slide_mission_pinball_active'====== Args={'_from_bcp': True}
2020-08-10 18:45:45,934 : INFO : EventManager : Event: ======'slide_GameCard_removed'====== Args={'_from_bcp': True}
2020-08-10 18:45:45,939 : INFO : EventManager : Event: ======'slide_GameCard_created'====== Args={'_from_bcp': True}
2020-08-10 18:45:45,941 : INFO : EventManager : Event: ======'slide_GameCard_active'====== Args={'_from_bcp': True}
2020-08-10 18:45:48,937 : INFO : EventManager : Event: ======'slide_HowTo_removed'====== Args={'_from_bcp': True}
2020-08-10 18:45:48,957 : INFO : EventManager : Event: ======'slide_HowTo_created'====== Args={'_from_bcp': True}
2020-08-10 18:45:48,958 : INFO : EventManager : Event: ======'slide_HowTo_active'====== Args={'_from_bcp': True}
2020-08-10 18:45:56,916 : INFO : EventManager : Event: ======'slide_last_game_score_slide1_removed'====== Args={'_from_bcp': True}
2020-08-10 18:45:56,951 : INFO : EventManager : Event: ======'slide_last_game_score_slide1_created'====== Args={'_from_bcp': True}
2020-08-10 18:45:56,951 : INFO : EventManager : Event: ======'slide_last_game_score_slide1_active'====== Args={'_from_bcp': True}
2020-08-10 18:46:04,937 : INFO : EventManager : Event: ======'slide_show_high_scores_removed'====== Args={'_from_bcp': True}
2020-08-10 18:46:04,941 : INFO : EventManager : Event: ======'slide_show_high_scores_created'====== Args={'_from_bcp': True}
2020-08-10 18:46:04,957 : INFO : EventManager : Event: ======'slide_show_high_scores_active'====== Args={'_from_bcp': True}
2020-08-10 18:46:05,920 : INFO : EventManager : Event: ======'slide_awesome_slide_removed'====== Args={'_from_bcp': True}
2020-08-10 18:46:05,929 : INFO : EventManager : Event: ======'slide_awesome_slide_created'====== Args={'_from_bcp': True}
2020-08-10 18:46:05,929 : INFO : EventManager : Event: ======'slide_awesome_slide_active'====== Args={'_from_bcp': True}
2020-08-10 18:46:08,930 : INFO : EventManager : Event: ======'slide_press_start_removed'====== Args={'_from_bcp': True}
2020-08-10 18:46:08,931 : INFO : EventManager : Event: ======'slide_press_start_created'====== Args={'_from_bcp': True}
2020-08-10 18:46:08,931 : INFO : EventManager : Event: ======'slide_press_start_active'====== Args={'_from_bcp': True}
2020-08-10 18:46:11,917 : INFO : EventManager : Event: ======'slide_mission_pinball_removed'====== Args={'_from_bcp': True}
2020-08-10 18:46:11,928 : INFO : EventManager : Event: ======'slide_mission_pinball_created'====== Args={'_from_bcp': True}
2020-08-10 18:46:11,929 : INFO : EventManager : Event: ======'slide_mission_pinball_active'====== Args={'_from_bcp': True}
2020-08-10 18:46:17,928 : INFO : EventManager : Event: ======'slide_GameCard_removed'====== Args={'_from_bcp': True}
2020-08-10 18:46:17,967 : INFO : EventManager : Event: ======'slide_GameCard_created'====== Args={'_from_bcp': True}
2020-08-10 18:46:17,967 : INFO : EventManager : Event: ======'slide_GameCard_active'====== Args={'_from_bcp': True}
2020-08-10 18:46:20,916 : INFO : EventManager : Event: ======'slide_HowTo_removed'====== Args={'_from_bcp': True}
2020-08-10 18:46:20,997 : INFO : EventManager : Event: ======'slide_HowTo_created'====== Args={'_from_bcp': True}
2020-08-10 18:46:21,005 : INFO : EventManager : Event: ======'slide_HowTo_active'====== Args={'_from_bcp': True}
2020-08-10 18:46:28,932 : INFO : EventManager : Event: ======'slide_last_game_score_slide1_removed'====== Args={'_from_bcp': True}
2020-08-10 18:46:28,940 : INFO : EventManager : Event: ======'slide_last_game_score_slide1_created'====== Args={'_from_bcp': True}
2020-08-10 18:46:28,959 : INFO : EventManager : Event: ======'slide_last_game_score_slide1_active'====== Args={'_from_bcp': True}
2020-08-10 18:46:36,920 : INFO : EventManager : Event: ======'slide_show_high_scores_removed'====== Args={'_from_bcp': True}
2020-08-10 18:46:36,951 : INFO : EventManager : Event: ======'slide_show_high_scores_created'====== Args={'_from_bcp': True}
2020-08-10 18:46:36,952 : INFO : EventManager : Event: ======'slide_show_high_scores_active'====== Args={'_from_bcp': True}
2020-08-10 18:46:37,910 : INFO : EventManager : Event: ======'slide_awesome_slide_removed'====== Args={'_from_bcp': True}
2020-08-10 18:46:37,914 : INFO : EventManager : Event: ======'slide_awesome_slide_created'====== Args={'_from_bcp': True}
2020-08-10 18:46:37,916 : INFO : EventManager : Event: ======'slide_awesome_slide_active'====== Args={'_from_bcp': True}
2020-08-10 18:46:40,903 : INFO : EventManager : Event: ======'slide_press_start_removed'====== Args={'_from_bcp': True}
2020-08-10 18:46:40,911 : INFO : EventManager : Event: ======'slide_press_start_created'====== Args={'_from_bcp': True}
2020-08-10 18:46:40,915 : INFO : EventManager : Event: ======'slide_press_start_active'====== Args={'_from_bcp': True}
2020-08-10 18:46:43,936 : INFO : EventManager : Event: ======'slide_mission_pinball_removed'====== Args={'_from_bcp': True}
2020-08-10 18:46:43,942 : INFO : EventManager : Event: ======'slide_mission_pinball_created'====== Args={'_from_bcp': True}
2020-08-10 18:46:43,945 : INFO : EventManager : Event: ======'slide_mission_pinball_active'====== Args={'_from_bcp': True}
2020-08-10 18:46:49,916 : INFO : EventManager : Event: ======'slide_GameCard_removed'====== Args={'_from_bcp': True}
2020-08-10 18:46:49,916 : INFO : EventManager : Event: ======'slide_GameCard_created'====== Args={'_from_bcp': True}
2020-08-10 18:46:49,917 : INFO : EventManager : Event: ======'slide_GameCard_active'====== Args={'_from_bcp': True}
2020-08-10 18:46:52,924 : INFO : EventManager : Event: ======'slide_HowTo_removed'====== Args={'_from_bcp': True}
2020-08-10 18:46:52,957 : INFO : EventManager : Event: ======'slide_HowTo_created'====== Args={'_from_bcp': True}
2020-08-10 18:46:52,957 : INFO : EventManager : Event: ======'slide_HowTo_active'====== Args={'_from_bcp': True}
2020-08-10 18:47:00,914 : INFO : EventManager : Event: ======'slide_last_game_score_slide1_removed'====== Args={'_from_bcp': True}
2020-08-10 18:47:00,951 : INFO : EventManager : Event: ======'slide_last_game_score_slide1_created'====== Args={'_from_bcp': True}
2020-08-10 18:47:00,951 : INFO : EventManager : Event: ======'slide_last_game_score_slide1_active'====== Args={'_from_bcp': True}
2020-08-10 18:47:08,931 : INFO : EventManager : Event: ======'slide_show_high_scores_removed'====== Args={'_from_bcp': True}
2020-08-10 18:47:08,938 : INFO : EventManager : Event: ======'slide_show_high_scores_created'====== Args={'_from_bcp': True}
2020-08-10 18:47:08,958 : INFO : EventManager : Event: ======'slide_show_high_scores_active'====== Args={'_from_bcp': True}
2020-08-10 18:47:09,921 : INFO : EventManager : Event: ======'slide_awesome_slide_removed'====== Args={'_from_bcp': True}
2020-08-10 18:47:09,922 : INFO : EventManager : Event: ======'slide_awesome_slide_created'====== Args={'_from_bcp': True}
2020-08-10 18:47:09,925 : INFO : EventManager : Event: ======'slide_awesome_slide_active'====== Args={'_from_bcp': True}
2020-08-10 18:47:12,928 : INFO : EventManager : Event: ======'slide_press_start_removed'====== Args={'_from_bcp': True}
2020-08-10 18:47:12,931 : INFO : EventManager : Event: ======'slide_press_start_created'====== Args={'_from_bcp': True}
2020-08-10 18:47:12,935 : INFO : EventManager : Event: ======'slide_press_start_active'====== Args={'_from_bcp': True}
2020-08-10 18:47:15,910 : INFO : EventManager : Event: ======'slide_mission_pinball_removed'====== Args={'_from_bcp': True}
2020-08-10 18:47:15,917 : INFO : EventManager : Event: ======'slide_mission_pinball_created'====== Args={'_from_bcp': True}
2020-08-10 18:47:15,920 : INFO : EventManager : Event: ======'slide_mission_pinball_active'====== Args={'_from_bcp': True}
2020-08-10 18:47:21,921 : INFO : EventManager : Event: ======'slide_GameCard_removed'====== Args={'_from_bcp': True}
2020-08-10 18:47:21,932 : INFO : EventManager : Event: ======'slide_GameCard_created'====== Args={'_from_bcp': True}
2020-08-10 18:47:21,933 : INFO : EventManager : Event: ======'slide_GameCard_active'====== Args={'_from_bcp': True}
2020-08-10 18:47:24,915 : INFO : EventManager : Event: ======'slide_HowTo_removed'====== Args={'_from_bcp': True}
2020-08-10 18:47:24,953 : INFO : EventManager : Event: ======'slide_HowTo_created'====== Args={'_from_bcp': True}
2020-08-10 18:47:24,954 : INFO : EventManager : Event: ======'slide_HowTo_active'====== Args={'_from_bcp': True}
2020-08-10 18:47:32,926 : INFO : EventManager : Event: ======'slide_last_game_score_slide1_removed'====== Args={'_from_bcp': True}
2020-08-10 18:47:32,960 : INFO : EventManager : Event: ======'slide_last_game_score_slide1_created'====== Args={'_from_bcp': True}
2020-08-10 18:47:32,961 : INFO : EventManager : Event: ======'slide_last_game_score_slide1_active'====== Args={'_from_bcp': True}
2020-08-10 18:47:40,940 : INFO : EventManager : Event: ======'slide_show_high_scores_removed'====== Args={'_from_bcp': True}
2020-08-10 18:47:40,951 : INFO : EventManager : Event: ======'slide_show_high_scores_created'====== Args={'_from_bcp': True}
2020-08-10 18:47:40,966 : INFO : EventManager : Event: ======'slide_show_high_scores_active'====== Args={'_from_bcp': True}
2020-08-10 18:47:41,916 : INFO : EventManager : Event: ======'slide_awesome_slide_removed'====== Args={'_from_bcp': True}
2020-08-10 18:47:41,920 : INFO : EventManager : Event: ======'slide_awesome_slide_created'====== Args={'_from_bcp': True}
2020-08-10 18:47:41,926 : INFO : EventManager : Event: ======'slide_awesome_slide_active'====== Args={'_from_bcp': True}
2020-08-10 18:47:44,911 : INFO : EventManager : Event: ======'slide_press_start_removed'====== Args={'_from_bcp': True}
2020-08-10 18:47:44,919 : INFO : EventManager : Event: ======'slide_press_start_created'====== Args={'_from_bcp': True}
2020-08-10 18:47:44,929 : INFO : EventManager : Event: ======'slide_press_start_active'====== Args={'_from_bcp': True}
2020-08-10 18:47:47,920 : INFO : EventManager : Event: ======'slide_mission_pinball_removed'====== Args={'_from_bcp': True}
2020-08-10 18:47:47,929 : INFO : EventManager : Event: ======'slide_mission_pinball_created'====== Args={'_from_bcp': True}
2020-08-10 18:47:47,931 : INFO : EventManager : Event: ======'slide_mission_pinball_active'====== Args={'_from_bcp': True}
2020-08-10 18:47:53,930 : INFO : EventManager : Event: ======'slide_GameCard_removed'====== Args={'_from_bcp': True}
2020-08-10 18:47:53,946 : INFO : EventManager : Event: ======'slide_GameCard_created'====== Args={'_from_bcp': True}
2020-08-10 18:47:53,946 : INFO : EventManager : Event: ======'slide_GameCard_active'====== Args={'_from_bcp': True}
2020-08-10 18:47:56,925 : INFO : EventManager : Event: ======'slide_HowTo_removed'====== Args={'_from_bcp': True}
2020-08-10 18:47:56,960 : INFO : EventManager : Event: ======'slide_HowTo_created'====== Args={'_from_bcp': True}
2020-08-10 18:47:56,961 : INFO : EventManager : Event: ======'slide_HowTo_active'====== Args={'_from_bcp': True}
2020-08-10 18:48:04,913 : INFO : EventManager : Event: ======'slide_last_game_score_slide1_removed'====== Args={'_from_bcp': True}
2020-08-10 18:48:04,930 : INFO : EventManager : Event: ======'slide_last_game_score_slide1_created'====== Args={'_from_bcp': True}
2020-08-10 18:48:04,940 : INFO : EventManager : Event: ======'slide_last_game_score_slide1_active'====== Args={'_from_bcp': True}
2020-08-10 18:48:12,914 : INFO : EventManager : Event: ======'slide_show_high_scores_removed'====== Args={'_from_bcp': True}
2020-08-10 18:48:12,993 : INFO : EventManager : Event: ======'slide_show_high_scores_created'====== Args={'_from_bcp': True}
2020-08-10 18:48:13,005 : INFO : EventManager : Event: ======'slide_show_high_scores_active'====== Args={'_from_bcp': True}
2020-08-10 18:48:13,920 : INFO : EventManager : Event: ======'slide_awesome_slide_removed'====== Args={'_from_bcp': True}
2020-08-10 18:48:13,921 : INFO : EventManager : Event: ======'slide_awesome_slide_created'====== Args={'_from_bcp': True}
2020-08-10 18:48:13,923 : INFO : EventManager : Event: ======'slide_awesome_slide_active'====== Args={'_from_bcp': True}
2020-08-10 18:48:16,925 : INFO : EventManager : Event: ======'slide_press_start_removed'====== Args={'_from_bcp': True}
2020-08-10 18:48:16,943 : INFO : EventManager : Event: ======'slide_press_start_created'====== Args={'_from_bcp': True}
2020-08-10 18:48:16,943 : INFO : EventManager : Event: ======'slide_press_start_active'====== Args={'_from_bcp': True}
2020-08-10 18:48:19,945 : INFO : EventManager : Event: ======'slide_mission_pinball_removed'====== Args={'_from_bcp': True}
2020-08-10 18:48:19,947 : INFO : EventManager : Event: ======'slide_mission_pinball_created'====== Args={'_from_bcp': True}
2020-08-10 18:48:19,948 : INFO : EventManager : Event: ======'slide_mission_pinball_active'====== Args={'_from_bcp': True}
2020-08-10 18:48:25,913 : INFO : EventManager : Event: ======'slide_GameCard_removed'====== Args={'_from_bcp': True}
2020-08-10 18:48:25,919 : INFO : EventManager : Event: ======'slide_GameCard_created'====== Args={'_from_bcp': True}
2020-08-10 18:48:25,919 : INFO : EventManager : Event: ======'slide_GameCard_active'====== Args={'_from_bcp': True}
2020-08-10 18:48:28,906 : INFO : EventManager : Event: ======'slide_HowTo_removed'====== Args={'_from_bcp': True}
2020-08-10 18:48:28,934 : INFO : EventManager : Event: ======'slide_HowTo_created'====== Args={'_from_bcp': True}
2020-08-10 18:48:28,934 : INFO : EventManager : Event: ======'slide_HowTo_active'====== Args={'_from_bcp': True}
2020-08-10 18:48:36,916 : INFO : EventManager : Event: ======'slide_last_game_score_slide1_removed'====== Args={'_from_bcp': True}
2020-08-10 18:48:36,949 : INFO : EventManager : Event: ======'slide_last_game_score_slide1_created'====== Args={'_from_bcp': True}
2020-08-10 18:48:36,965 : INFO : EventManager : Event: ======'slide_last_game_score_slide1_active'====== Args={'_from_bcp': True}
2020-08-10 18:48:44,932 : INFO : EventManager : Event: ======'slide_show_high_scores_removed'====== Args={'_from_bcp': True}
2020-08-10 18:48:44,936 : INFO : EventManager : Event: ======'slide_show_high_scores_created'====== Args={'_from_bcp': True}
2020-08-10 18:48:44,946 : INFO : EventManager : Event: ======'slide_show_high_scores_active'====== Args={'_from_bcp': True}
2020-08-10 18:48:45,917 : INFO : EventManager : Event: ======'slide_awesome_slide_removed'====== Args={'_from_bcp': True}
2020-08-10 18:48:45,927 : INFO : EventManager : Event: ======'slide_awesome_slide_created'====== Args={'_from_bcp': True}
2020-08-10 18:48:45,927 : INFO : EventManager : Event: ======'slide_awesome_slide_active'====== Args={'_from_bcp': True}
2020-08-10 18:48:48,905 : INFO : EventManager : Event: ======'slide_press_start_removed'====== Args={'_from_bcp': True}
2020-08-10 18:48:48,915 : INFO : EventManager : Event: ======'slide_press_start_created'====== Args={'_from_bcp': True}
2020-08-10 18:48:48,917 : INFO : EventManager : Event: ======'slide_press_start_active'====== Args={'_from_bcp': True}
2020-08-10 18:48:51,917 : INFO : EventManager : Event: ======'slide_mission_pinball_removed'====== Args={'_from_bcp': True}
2020-08-10 18:48:51,924 : INFO : EventManager : Event: ======'slide_mission_pinball_created'====== Args={'_from_bcp': True}
2020-08-10 18:48:51,927 : INFO : EventManager : Event: ======'slide_mission_pinball_active'====== Args={'_from_bcp': True}
2020-08-10 18:48:57,901 : INFO : EventManager : Event: ======'slide_GameCard_removed'====== Args={'_from_bcp': True}
2020-08-10 18:48:57,902 : INFO : EventManager : Event: ======'slide_GameCard_created'====== Args={'_from_bcp': True}
2020-08-10 18:48:57,903 : INFO : EventManager : Event: ======'slide_GameCard_active'====== Args={'_from_bcp': True}
2020-08-10 18:49:00,917 : INFO : EventManager : Event: ======'slide_HowTo_removed'====== Args={'_from_bcp': True}
2020-08-10 18:49:00,952 : INFO : EventManager : Event: ======'slide_HowTo_created'====== Args={'_from_bcp': True}
2020-08-10 18:49:00,953 : INFO : EventManager : Event: ======'slide_HowTo_active'====== Args={'_from_bcp': True}
2020-08-10 18:49:08,932 : INFO : EventManager : Event: ======'slide_last_game_score_slide1_removed'====== Args={'_from_bcp': True}
2020-08-10 18:49:08,964 : INFO : EventManager : Event: ======'slide_last_game_score_slide1_created'====== Args={'_from_bcp': True}
2020-08-10 18:49:08,964 : INFO : EventManager : Event: ======'slide_last_game_score_slide1_active'====== Args={'_from_bcp': True}
2020-08-10 18:49:16,908 : INFO : EventManager : Event: ======'slide_show_high_scores_removed'====== Args={'_from_bcp': True}
2020-08-10 18:49:16,939 : INFO : EventManager : Event: ======'slide_show_high_scores_created'====== Args={'_from_bcp': True}
2020-08-10 18:49:16,939 : INFO : EventManager : Event: ======'slide_show_high_scores_active'====== Args={'_from_bcp': True}
2020-08-10 18:49:17,906 : INFO : EventManager : Event: ======'slide_awesome_slide_removed'====== Args={'_from_bcp': True}
2020-08-10 18:49:17,910 : INFO : EventManager : Event: ======'slide_awesome_slide_created'====== Args={'_from_bcp': True}
2020-08-10 18:49:17,913 : INFO : EventManager : Event: ======'slide_awesome_slide_active'====== Args={'_from_bcp': True}
2020-08-10 18:49:20,939 : INFO : EventManager : Event: ======'slide_press_start_removed'====== Args={'_from_bcp': True}
2020-08-10 18:49:20,940 : INFO : EventManager : Event: ======'slide_press_start_created'====== Args={'_from_bcp': True}
2020-08-10 18:49:20,941 : INFO : EventManager : Event: ======'slide_press_start_active'====== Args={'_from_bcp': True}
2020-08-10 18:49:23,910 : INFO : EventManager : Event: ======'slide_mission_pinball_removed'====== Args={'_from_bcp': True}
2020-08-10 18:49:23,929 : INFO : EventManager : Event: ======'slide_mission_pinball_created'====== Args={'_from_bcp': True}
2020-08-10 18:49:23,930 : INFO : EventManager : Event: ======'slide_mission_pinball_active'====== Args={'_from_bcp': True}
2020-08-10 18:49:29,923 : INFO : EventManager : Event: ======'slide_GameCard_removed'====== Args={'_from_bcp': True}
2020-08-10 18:49:29,925 : INFO : EventManager : Event: ======'slide_GameCard_created'====== Args={'_from_bcp': True}
2020-08-10 18:49:29,927 : INFO : EventManager : Event: ======'slide_GameCard_active'====== Args={'_from_bcp': True}
2020-08-10 18:49:32,928 : INFO : EventManager : Event: ======'slide_HowTo_removed'====== Args={'_from_bcp': True}
2020-08-10 18:49:32,963 : INFO : EventManager : Event: ======'slide_HowTo_created'====== Args={'_from_bcp': True}
2020-08-10 18:49:32,964 : INFO : EventManager : Event: ======'slide_HowTo_active'====== Args={'_from_bcp': True}
2020-08-10 18:49:40,927 : INFO : EventManager : Event: ======'slide_last_game_score_slide1_removed'====== Args={'_from_bcp': True}
2020-08-10 18:49:40,948 : INFO : EventManager : Event: ======'slide_last_game_score_slide1_created'====== Args={'_from_bcp': True}
2020-08-10 18:49:40,962 : INFO : EventManager : Event: ======'slide_last_game_score_slide1_active'====== Args={'_from_bcp': True}
2020-08-10 18:49:48,924 : INFO : EventManager : Event: ======'slide_show_high_scores_removed'====== Args={'_from_bcp': True}
2020-08-10 18:49:48,964 : INFO : EventManager : Event: ======'slide_show_high_scores_created'====== Args={'_from_bcp': True}
2020-08-10 18:49:48,964 : INFO : EventManager : Event: ======'slide_show_high_scores_active'====== Args={'_from_bcp': True}
2020-08-10 18:49:49,924 : INFO : EventManager : Event: ======'slide_awesome_slide_removed'====== Args={'_from_bcp': True}
2020-08-10 18:49:49,928 : INFO : EventManager : Event: ======'slide_awesome_slide_created'====== Args={'_from_bcp': True}
2020-08-10 18:49:49,931 : INFO : EventManager : Event: ======'slide_awesome_slide_active'====== Args={'_from_bcp': True}
2020-08-10 18:49:52,910 : INFO : EventManager : Event: ======'slide_press_start_removed'====== Args={'_from_bcp': True}
2020-08-10 18:49:52,919 : INFO : EventManager : Event: ======'slide_press_start_created'====== Args={'_from_bcp': True}
2020-08-10 18:49:52,923 : INFO : EventManager : Event: ======'slide_press_start_active'====== Args={'_from_bcp': True}
2020-08-10 18:49:55,920 : INFO : EventManager : Event: ======'slide_mission_pinball_removed'====== Args={'_from_bcp': True}
2020-08-10 18:49:55,938 : INFO : EventManager : Event: ======'slide_mission_pinball_created'====== Args={'_from_bcp': True}
2020-08-10 18:49:55,939 : INFO : EventManager : Event: ======'slide_mission_pinball_active'====== Args={'_from_bcp': True}
2020-08-10 18:50:01,930 : INFO : EventManager : Event: ======'slide_GameCard_removed'====== Args={'_from_bcp': True}
2020-08-10 18:50:01,930 : INFO : EventManager : Event: ======'slide_GameCard_created'====== Args={'_from_bcp': True}
2020-08-10 18:50:01,931 : INFO : EventManager : Event: ======'slide_GameCard_active'====== Args={'_from_bcp': True}
2020-08-10 18:50:04,909 : INFO : EventManager : Event: ======'slide_HowTo_removed'====== Args={'_from_bcp': True}
2020-08-10 18:50:04,986 : INFO : EventManager : Event: ======'slide_HowTo_created'====== Args={'_from_bcp': True}
2020-08-10 18:50:04,994 : INFO : EventManager : Event: ======'slide_HowTo_active'====== Args={'_from_bcp': True}
2020-08-10 18:50:12,917 : INFO : EventManager : Event: ======'slide_last_game_score_slide1_removed'====== Args={'_from_bcp': True}
2020-08-10 18:50:12,952 : INFO : EventManager : Event: ======'slide_last_game_score_slide1_created'====== Args={'_from_bcp': True}
2020-08-10 18:50:12,952 : INFO : EventManager : Event: ======'slide_last_game_score_slide1_active'====== Args={'_from_bcp': True}
2020-08-10 18:50:20,914 : INFO : EventManager : Event: ======'slide_show_high_scores_removed'====== Args={'_from_bcp': True}
2020-08-10 18:50:20,940 : INFO : EventManager : Event: ======'slide_show_high_scores_created'====== Args={'_from_bcp': True}
2020-08-10 18:50:20,941 : INFO : EventManager : Event: ======'slide_show_high_scores_active'====== Args={'_from_bcp': True}
2020-08-10 18:50:21,927 : INFO : EventManager : Event: ======'slide_awesome_slide_removed'====== Args={'_from_bcp': True}
2020-08-10 18:50:21,928 : INFO : EventManager : Event: ======'slide_awesome_slide_created'====== Args={'_from_bcp': True}
2020-08-10 18:50:21,930 : INFO : EventManager : Event: ======'slide_awesome_slide_active'====== Args={'_from_bcp': True}
2020-08-10 18:50:24,919 : INFO : EventManager : Event: ======'slide_press_start_removed'====== Args={'_from_bcp': True}
2020-08-10 18:50:24,927 : INFO : EventManager : Event: ======'slide_press_start_created'====== Args={'_from_bcp': True}
2020-08-10 18:50:24,931 : INFO : EventManager : Event: ======'slide_press_start_active'====== Args={'_from_bcp': True}
2020-08-10 18:50:27,925 : INFO : EventManager : Event: ======'slide_mission_pinball_removed'====== Args={'_from_bcp': True}
2020-08-10 18:50:27,934 : INFO : EventManager : Event: ======'slide_mission_pinball_created'====== Args={'_from_bcp': True}
2020-08-10 18:50:27,945 : INFO : EventManager : Event: ======'slide_mission_pinball_active'====== Args={'_from_bcp': True}
2020-08-10 18:50:33,910 : INFO : EventManager : Event: ======'slide_GameCard_removed'====== Args={'_from_bcp': True}
2020-08-10 18:50:33,913 : INFO : EventManager : Event: ======'slide_GameCard_created'====== Args={'_from_bcp': True}
2020-08-10 18:50:33,915 : INFO : EventManager : Event: ======'slide_GameCard_active'====== Args={'_from_bcp': True}
2020-08-10 18:50:36,912 : INFO : EventManager : Event: ======'slide_HowTo_removed'====== Args={'_from_bcp': True}
2020-08-10 18:50:36,951 : INFO : EventManager : Event: ======'slide_HowTo_created'====== Args={'_from_bcp': True}
2020-08-10 18:50:36,952 : INFO : EventManager : Event: ======'slide_HowTo_active'====== Args={'_from_bcp': True}
2020-08-10 18:50:44,908 : INFO : EventManager : Event: ======'slide_last_game_score_slide1_removed'====== Args={'_from_bcp': True}
2020-08-10 18:50:44,939 : INFO : EventManager : Event: ======'slide_last_game_score_slide1_created'====== Args={'_from_bcp': True}
2020-08-10 18:50:44,940 : INFO : EventManager : Event: ======'slide_last_game_score_slide1_active'====== Args={'_from_bcp': True}
2020-08-10 18:50:52,908 : INFO : EventManager : Event: ======'slide_show_high_scores_removed'====== Args={'_from_bcp': True}
2020-08-10 18:50:52,921 : INFO : EventManager : Event: ======'slide_show_high_scores_created'====== Args={'_from_bcp': True}
2020-08-10 18:50:52,936 : INFO : EventManager : Event: ======'slide_show_high_scores_active'====== Args={'_from_bcp': True}
2020-08-10 18:50:53,921 : INFO : EventManager : Event: ======'slide_awesome_slide_removed'====== Args={'_from_bcp': True}
2020-08-10 18:50:53,926 : INFO : EventManager : Event: ======'slide_awesome_slide_created'====== Args={'_from_bcp': True}
2020-08-10 18:50:53,929 : INFO : EventManager : Event: ======'slide_awesome_slide_active'====== Args={'_from_bcp': True}
2020-08-10 18:50:56,918 : INFO : EventManager : Event: ======'slide_press_start_removed'====== Args={'_from_bcp': True}
2020-08-10 18:50:56,922 : INFO : EventManager : Event: ======'slide_press_start_created'====== Args={'_from_bcp': True}
2020-08-10 18:50:56,931 : INFO : EventManager : Event: ======'slide_press_start_active'====== Args={'_from_bcp': True}
2020-08-10 18:50:59,918 : INFO : EventManager : Event: ======'slide_mission_pinball_removed'====== Args={'_from_bcp': True}
2020-08-10 18:50:59,938 : INFO : EventManager : Event: ======'slide_mission_pinball_created'====== Args={'_from_bcp': True}
2020-08-10 18:50:59,940 : INFO : EventManager : Event: ======'slide_mission_pinball_active'====== Args={'_from_bcp': True}
2020-08-10 18:51:05,924 : INFO : EventManager : Event: ======'slide_GameCard_removed'====== Args={'_from_bcp': True}
2020-08-10 18:51:05,927 : INFO : EventManager : Event: ======'slide_GameCard_created'====== Args={'_from_bcp': True}
2020-08-10 18:51:05,929 : INFO : EventManager : Event: ======'slide_GameCard_active'====== Args={'_from_bcp': True}
2020-08-10 18:51:08,925 : INFO : EventManager : Event: ======'slide_HowTo_removed'====== Args={'_from_bcp': True}
2020-08-10 18:51:08,976 : INFO : EventManager : Event: ======'slide_HowTo_created'====== Args={'_from_bcp': True}
2020-08-10 18:51:08,976 : INFO : EventManager : Event: ======'slide_HowTo_active'====== Args={'_from_bcp': True}
2020-08-10 18:51:16,939 : INFO : EventManager : Event: ======'slide_last_game_score_slide1_removed'====== Args={'_from_bcp': True}
2020-08-10 18:51:16,945 : INFO : EventManager : Event: ======'slide_last_game_score_slide1_created'====== Args={'_from_bcp': True}
2020-08-10 18:51:16,952 : INFO : EventManager : Event: ======'slide_last_game_score_slide1_active'====== Args={'_from_bcp': True}
2020-08-10 18:51:24,917 : INFO : EventManager : Event: ======'slide_show_high_scores_removed'====== Args={'_from_bcp': True}
2020-08-10 18:51:24,933 : INFO : EventManager : Event: ======'slide_show_high_scores_created'====== Args={'_from_bcp': True}
2020-08-10 18:51:24,949 : INFO : EventManager : Event: ======'slide_show_high_scores_active'====== Args={'_from_bcp': True}
2020-08-10 18:51:25,932 : INFO : EventManager : Event: ======'slide_awesome_slide_removed'====== Args={'_from_bcp': True}
2020-08-10 18:51:25,936 : INFO : EventManager : Event: ======'slide_awesome_slide_created'====== Args={'_from_bcp': True}
2020-08-10 18:51:25,943 : INFO : EventManager : Event: ======'slide_awesome_slide_active'====== Args={'_from_bcp': True}
2020-08-10 18:51:28,930 : INFO : EventManager : Event: ======'slide_press_start_removed'====== Args={'_from_bcp': True}
2020-08-10 18:51:28,946 : INFO : EventManager : Event: ======'slide_press_start_created'====== Args={'_from_bcp': True}
2020-08-10 18:51:28,946 : INFO : EventManager : Event: ======'slide_press_start_active'====== Args={'_from_bcp': True}
2020-08-10 18:51:31,925 : INFO : EventManager : Event: ======'slide_mission_pinball_removed'====== Args={'_from_bcp': True}
2020-08-10 18:51:31,943 : INFO : EventManager : Event: ======'slide_mission_pinball_created'====== Args={'_from_bcp': True}
2020-08-10 18:51:31,943 : INFO : EventManager : Event: ======'slide_mission_pinball_active'====== Args={'_from_bcp': True}
2020-08-10 18:51:37,927 : INFO : EventManager : Event: ======'slide_GameCard_removed'====== Args={'_from_bcp': True}
2020-08-10 18:51:37,929 : INFO : EventManager : Event: ======'slide_GameCard_created'====== Args={'_from_bcp': True}
2020-08-10 18:51:37,930 : INFO : EventManager : Event: ======'slide_GameCard_active'====== Args={'_from_bcp': True}
2020-08-10 18:51:40,911 : INFO : EventManager : Event: ======'slide_HowTo_removed'====== Args={'_from_bcp': True}
2020-08-10 18:51:40,948 : INFO : EventManager : Event: ======'slide_HowTo_created'====== Args={'_from_bcp': True}
2020-08-10 18:51:40,949 : INFO : EventManager : Event: ======'slide_HowTo_active'====== Args={'_from_bcp': True}
2020-08-10 18:51:48,922 : INFO : EventManager : Event: ======'slide_last_game_score_slide1_removed'====== Args={'_from_bcp': True}
2020-08-10 18:51:48,955 : INFO : EventManager : Event: ======'slide_last_game_score_slide1_created'====== Args={'_from_bcp': True}
2020-08-10 18:51:48,956 : INFO : EventManager : Event: ======'slide_last_game_score_slide1_active'====== Args={'_from_bcp': True}
2020-08-10 18:51:56,938 : INFO : EventManager : Event: ======'slide_show_high_scores_removed'====== Args={'_from_bcp': True}
2020-08-10 18:51:57,016 : INFO : EventManager : Event: ======'slide_show_high_scores_created'====== Args={'_from_bcp': True}
2020-08-10 18:51:57,025 : INFO : EventManager : Event: ======'slide_show_high_scores_active'====== Args={'_from_bcp': True}
2020-08-10 18:51:57,934 : INFO : EventManager : Event: ======'slide_awesome_slide_removed'====== Args={'_from_bcp': True}
2020-08-10 18:51:57,938 : INFO : EventManager : Event: ======'slide_awesome_slide_created'====== Args={'_from_bcp': True}
2020-08-10 18:51:57,942 : INFO : EventManager : Event: ======'slide_awesome_slide_active'====== Args={'_from_bcp': True}
2020-08-10 18:52:00,915 : INFO : EventManager : Event: ======'slide_press_start_removed'====== Args={'_from_bcp': True}
2020-08-10 18:52:00,925 : INFO : EventManager : Event: ======'slide_press_start_created'====== Args={'_from_bcp': True}
2020-08-10 18:52:00,926 : INFO : EventManager : Event: ======'slide_press_start_active'====== Args={'_from_bcp': True}
2020-08-10 18:52:03,919 : INFO : EventManager : Event: ======'slide_mission_pinball_removed'====== Args={'_from_bcp': True}
2020-08-10 18:52:03,928 : INFO : EventManager : Event: ======'slide_mission_pinball_created'====== Args={'_from_bcp': True}
2020-08-10 18:52:03,932 : INFO : EventManager : Event: ======'slide_mission_pinball_active'====== Args={'_from_bcp': True}
2020-08-10 18:52:09,927 : INFO : EventManager : Event: ======'slide_GameCard_removed'====== Args={'_from_bcp': True}
2020-08-10 18:52:09,943 : INFO : EventManager : Event: ======'slide_GameCard_created'====== Args={'_from_bcp': True}
2020-08-10 18:52:09,944 : INFO : EventManager : Event: ======'slide_GameCard_active'====== Args={'_from_bcp': True}
2020-08-10 18:52:12,919 : INFO : EventManager : Event: ======'slide_HowTo_removed'====== Args={'_from_bcp': True}
2020-08-10 18:52:12,924 : INFO : EventManager : Event: ======'slide_HowTo_created'====== Args={'_from_bcp': True}
2020-08-10 18:52:12,935 : INFO : EventManager : Event: ======'slide_HowTo_active'====== Args={'_from_bcp': True}
2020-08-10 18:52:20,911 : INFO : EventManager : Event: ======'slide_last_game_score_slide1_removed'====== Args={'_from_bcp': True}
2020-08-10 18:52:20,943 : INFO : EventManager : Event: ======'slide_last_game_score_slide1_created'====== Args={'_from_bcp': True}
2020-08-10 18:52:20,943 : INFO : EventManager : Event: ======'slide_last_game_score_slide1_active'====== Args={'_from_bcp': True}
2020-08-10 18:52:28,931 : INFO : EventManager : Event: ======'slide_show_high_scores_removed'====== Args={'_from_bcp': True}
2020-08-10 18:52:28,966 : INFO : EventManager : Event: ======'slide_show_high_scores_created'====== Args={'_from_bcp': True}
2020-08-10 18:52:28,967 : INFO : EventManager : Event: ======'slide_show_high_scores_active'====== Args={'_from_bcp': True}
2020-08-10 18:52:29,904 : INFO : EventManager : Event: ======'slide_awesome_slide_removed'====== Args={'_from_bcp': True}
2020-08-10 18:52:29,908 : INFO : EventManager : Event: ======'slide_awesome_slide_created'====== Args={'_from_bcp': True}
2020-08-10 18:52:29,910 : INFO : EventManager : Event: ======'slide_awesome_slide_active'====== Args={'_from_bcp': True}
2020-08-10 18:52:32,920 : INFO : EventManager : Event: ======'slide_press_start_removed'====== Args={'_from_bcp': True}
2020-08-10 18:52:32,936 : INFO : EventManager : Event: ======'slide_press_start_created'====== Args={'_from_bcp': True}
2020-08-10 18:52:32,936 : INFO : EventManager : Event: ======'slide_press_start_active'====== Args={'_from_bcp': True}
2020-08-10 18:52:35,941 : INFO : EventManager : Event: ======'slide_mission_pinball_removed'====== Args={'_from_bcp': True}
2020-08-10 18:52:35,942 : INFO : EventManager : Event: ======'slide_mission_pinball_created'====== Args={'_from_bcp': True}
2020-08-10 18:52:35,943 : INFO : EventManager : Event: ======'slide_mission_pinball_active'====== Args={'_from_bcp': True}
2020-08-10 18:52:41,927 : INFO : EventManager : Event: ======'slide_GameCard_removed'====== Args={'_from_bcp': True}
2020-08-10 18:52:41,932 : INFO : EventManager : Event: ======'slide_GameCard_created'====== Args={'_from_bcp': True}
2020-08-10 18:52:41,934 : INFO : EventManager : Event: ======'slide_GameCard_active'====== Args={'_from_bcp': True}
2020-08-10 18:52:44,918 : INFO : EventManager : Event: ======'slide_HowTo_removed'====== Args={'_from_bcp': True}
2020-08-10 18:52:44,936 : INFO : EventManager : Event: ======'slide_HowTo_created'====== Args={'_from_bcp': True}
2020-08-10 18:52:44,948 : INFO : EventManager : Event: ======'slide_HowTo_active'====== Args={'_from_bcp': True}
2020-08-10 18:52:52,914 : INFO : EventManager : Event: ======'slide_last_game_score_slide1_removed'====== Args={'_from_bcp': True}
2020-08-10 18:52:52,936 : INFO : EventManager : Event: ======'slide_last_game_score_slide1_created'====== Args={'_from_bcp': True}
2020-08-10 18:52:52,946 : INFO : EventManager : Event: ======'slide_last_game_score_slide1_active'====== Args={'_from_bcp': True}
2020-08-10 18:53:00,929 : INFO : EventManager : Event: ======'slide_show_high_scores_removed'====== Args={'_from_bcp': True}
2020-08-10 18:53:00,935 : INFO : EventManager : Event: ======'slide_show_high_scores_created'====== Args={'_from_bcp': True}
2020-08-10 18:53:00,958 : INFO : EventManager : Event: ======'slide_show_high_scores_active'====== Args={'_from_bcp': True}
2020-08-10 18:53:01,924 : INFO : EventManager : Event: ======'slide_awesome_slide_removed'====== Args={'_from_bcp': True}
2020-08-10 18:53:01,928 : INFO : EventManager : Event: ======'slide_awesome_slide_created'====== Args={'_from_bcp': True}
2020-08-10 18:53:01,931 : INFO : EventManager : Event: ======'slide_awesome_slide_active'====== Args={'_from_bcp': True}
2020-08-10 18:53:04,915 : INFO : EventManager : Event: ======'slide_press_start_removed'====== Args={'_from_bcp': True}
2020-08-10 18:53:04,918 : INFO : EventManager : Event: ======'slide_press_start_created'====== Args={'_from_bcp': True}
2020-08-10 18:53:04,923 : INFO : EventManager : Event: ======'slide_press_start_active'====== Args={'_from_bcp': True}
2020-08-10 18:53:07,916 : INFO : EventManager : Event: ======'slide_mission_pinball_removed'====== Args={'_from_bcp': True}
2020-08-10 18:53:07,926 : INFO : EventManager : Event: ======'slide_mission_pinball_created'====== Args={'_from_bcp': True}
2020-08-10 18:53:07,930 : INFO : EventManager : Event: ======'slide_mission_pinball_active'====== Args={'_from_bcp': True}
2020-08-10 18:53:13,939 : INFO : EventManager : Event: ======'slide_GameCard_removed'====== Args={'_from_bcp': True}
2020-08-10 18:53:13,940 : INFO : EventManager : Event: ======'slide_GameCard_created'====== Args={'_from_bcp': True}
2020-08-10 18:53:13,941 : INFO : EventManager : Event: ======'slide_GameCard_active'====== Args={'_from_bcp': True}
2020-08-10 18:53:16,915 : INFO : EventManager : Event: ======'slide_HowTo_removed'====== Args={'_from_bcp': True}
2020-08-10 18:53:16,950 : INFO : EventManager : Event: ======'slide_HowTo_created'====== Args={'_from_bcp': True}
2020-08-10 18:53:16,951 : INFO : EventManager : Event: ======'slide_HowTo_active'====== Args={'_from_bcp': True}
2020-08-10 18:53:24,927 : INFO : EventManager : Event: ======'slide_last_game_score_slide1_removed'====== Args={'_from_bcp': True}
2020-08-10 18:53:24,957 : INFO : EventManager : Event: ======'slide_last_game_score_slide1_created'====== Args={'_from_bcp': True}
2020-08-10 18:53:24,966 : INFO : EventManager : Event: ======'slide_last_game_score_slide1_active'====== Args={'_from_bcp': True}
2020-08-10 18:53:32,913 : INFO : EventManager : Event: ======'slide_show_high_scores_removed'====== Args={'_from_bcp': True}
2020-08-10 18:53:32,946 : INFO : EventManager : Event: ======'slide_show_high_scores_created'====== Args={'_from_bcp': True}
2020-08-10 18:53:32,947 : INFO : EventManager : Event: ======'slide_show_high_scores_active'====== Args={'_from_bcp': True}
2020-08-10 18:53:33,918 : INFO : EventManager : Event: ======'slide_awesome_slide_removed'====== Args={'_from_bcp': True}
2020-08-10 18:53:33,921 : INFO : EventManager : Event: ======'slide_awesome_slide_created'====== Args={'_from_bcp': True}
2020-08-10 18:53:33,926 : INFO : EventManager : Event: ======'slide_awesome_slide_active'====== Args={'_from_bcp': True}
2020-08-10 18:53:36,913 : INFO : EventManager : Event: ======'slide_press_start_removed'====== Args={'_from_bcp': True}
2020-08-10 18:53:36,923 : INFO : EventManager : Event: ======'slide_press_start_created'====== Args={'_from_bcp': True}
2020-08-10 18:53:36,924 : INFO : EventManager : Event: ======'slide_press_start_active'====== Args={'_from_bcp': True}
2020-08-10 18:53:39,910 : INFO : EventManager : Event: ======'slide_mission_pinball_removed'====== Args={'_from_bcp': True}
2020-08-10 18:53:39,933 : INFO : EventManager : Event: ======'slide_mission_pinball_created'====== Args={'_from_bcp': True}
2020-08-10 18:53:39,934 : INFO : EventManager : Event: ======'slide_mission_pinball_active'====== Args={'_from_bcp': True}
2020-08-10 18:53:45,925 : INFO : EventManager : Event: ======'slide_GameCard_removed'====== Args={'_from_bcp': True}
2020-08-10 18:53:45,928 : INFO : EventManager : Event: ======'slide_GameCard_created'====== Args={'_from_bcp': True}
2020-08-10 18:53:45,930 : INFO : EventManager : Event: ======'slide_GameCard_active'====== Args={'_from_bcp': True}
2020-08-10 18:53:48,916 : INFO : EventManager : Event: ======'slide_HowTo_removed'====== Args={'_from_bcp': True}
2020-08-10 18:53:48,995 : INFO : EventManager : Event: ======'slide_HowTo_created'====== Args={'_from_bcp': True}
2020-08-10 18:53:49,004 : INFO : EventManager : Event: ======'slide_HowTo_active'====== Args={'_from_bcp': True}
2020-08-10 18:53:56,928 : INFO : EventManager : Event: ======'slide_last_game_score_slide1_removed'====== Args={'_from_bcp': True}
2020-08-10 18:53:56,960 : INFO : EventManager : Event: ======'slide_last_game_score_slide1_created'====== Args={'_from_bcp': True}
2020-08-10 18:53:56,960 : INFO : EventManager : Event: ======'slide_last_game_score_slide1_active'====== Args={'_from_bcp': True}
2020-08-10 18:54:04,916 : INFO : EventManager : Event: ======'slide_show_high_scores_removed'====== Args={'_from_bcp': True}
2020-08-10 18:54:04,929 : INFO : EventManager : Event: ======'slide_show_high_scores_created'====== Args={'_from_bcp': True}
2020-08-10 18:54:04,943 : INFO : EventManager : Event: ======'slide_show_high_scores_active'====== Args={'_from_bcp': True}
2020-08-10 18:54:05,927 : INFO : EventManager : Event: ======'slide_awesome_slide_removed'====== Args={'_from_bcp': True}
2020-08-10 18:54:05,930 : INFO : EventManager : Event: ======'slide_awesome_slide_created'====== Args={'_from_bcp': True}
2020-08-10 18:54:05,931 : INFO : EventManager : Event: ======'slide_awesome_slide_active'====== Args={'_from_bcp': True}
2020-08-10 18:54:08,908 : INFO : EventManager : Event: ======'slide_press_start_removed'====== Args={'_from_bcp': True}
2020-08-10 18:54:08,915 : INFO : EventManager : Event: ======'slide_press_start_created'====== Args={'_from_bcp': True}
2020-08-10 18:54:08,919 : INFO : EventManager : Event: ======'slide_press_start_active'====== Args={'_from_bcp': True}
2020-08-10 18:54:11,916 : INFO : EventManager : Event: ======'slide_mission_pinball_removed'====== Args={'_from_bcp': True}
2020-08-10 18:54:11,934 : INFO : EventManager : Event: ======'slide_mission_pinball_created'====== Args={'_from_bcp': True}
2020-08-10 18:54:11,935 : INFO : EventManager : Event: ======'slide_mission_pinball_active'====== Args={'_from_bcp': True}
2020-08-10 18:54:17,910 : INFO : EventManager : Event: ======'slide_GameCard_removed'====== Args={'_from_bcp': True}
2020-08-10 18:54:17,911 : INFO : EventManager : Event: ======'slide_GameCard_created'====== Args={'_from_bcp': True}
2020-08-10 18:54:17,916 : INFO : EventManager : Event: ======'slide_GameCard_active'====== Args={'_from_bcp': True}
2020-08-10 18:54:20,918 : INFO : EventManager : Event: ======'slide_HowTo_removed'====== Args={'_from_bcp': True}
2020-08-10 18:54:20,959 : INFO : EventManager : Event: ======'slide_HowTo_created'====== Args={'_from_bcp': True}
2020-08-10 18:54:20,959 : INFO : EventManager : Event: ======'slide_HowTo_active'====== Args={'_from_bcp': True}
2020-08-10 18:54:28,915 : INFO : EventManager : Event: ======'slide_last_game_score_slide1_removed'====== Args={'_from_bcp': True}
2020-08-10 18:54:28,948 : INFO : EventManager : Event: ======'slide_last_game_score_slide1_created'====== Args={'_from_bcp': True}
2020-08-10 18:54:28,948 : INFO : EventManager : Event: ======'slide_last_game_score_slide1_active'====== Args={'_from_bcp': True}
2020-08-10 18:54:36,928 : INFO : EventManager : Event: ======'slide_show_high_scores_removed'====== Args={'_from_bcp': True}
2020-08-10 18:54:36,931 : INFO : EventManager : Event: ======'slide_show_high_scores_created'====== Args={'_from_bcp': True}
2020-08-10 18:54:36,939 : INFO : EventManager : Event: ======'slide_show_high_scores_active'====== Args={'_from_bcp': True}
2020-08-10 18:54:37,905 : INFO : EventManager : Event: ======'slide_awesome_slide_removed'====== Args={'_from_bcp': True}
2020-08-10 18:54:37,908 : INFO : EventManager : Event: ======'slide_awesome_slide_created'====== Args={'_from_bcp': True}
2020-08-10 18:54:37,910 : INFO : EventManager : Event: ======'slide_awesome_slide_active'====== Args={'_from_bcp': True}
2020-08-10 18:54:40,918 : INFO : EventManager : Event: ======'slide_press_start_removed'====== Args={'_from_bcp': True}
2020-08-10 18:54:40,926 : INFO : EventManager : Event: ======'slide_press_start_created'====== Args={'_from_bcp': True}
2020-08-10 18:54:40,931 : INFO : EventManager : Event: ======'slide_press_start_active'====== Args={'_from_bcp': True}
2020-08-10 18:54:43,927 : INFO : EventManager : Event: ======'slide_mission_pinball_removed'====== Args={'_from_bcp': True}
2020-08-10 18:54:43,928 : INFO : EventManager : Event: ======'slide_mission_pinball_created'====== Args={'_from_bcp': True}
2020-08-10 18:54:43,928 : INFO : EventManager : Event: ======'slide_mission_pinball_active'====== Args={'_from_bcp': True}
2020-08-10 18:54:49,911 : INFO : EventManager : Event: ======'slide_GameCard_removed'====== Args={'_from_bcp': True}
2020-08-10 18:54:49,912 : INFO : EventManager : Event: ======'slide_GameCard_created'====== Args={'_from_bcp': True}
2020-08-10 18:54:49,912 : INFO : EventManager : Event: ======'slide_GameCard_active'====== Args={'_from_bcp': True}
2020-08-10 18:54:52,917 : INFO : EventManager : Event: ======'slide_HowTo_removed'====== Args={'_from_bcp': True}
2020-08-10 18:54:52,953 : INFO : EventManager : Event: ======'slide_HowTo_created'====== Args={'_from_bcp': True}
2020-08-10 18:54:52,953 : INFO : EventManager : Event: ======'slide_HowTo_active'====== Args={'_from_bcp': True}
2020-08-10 18:55:00,907 : INFO : EventManager : Event: ======'slide_last_game_score_slide1_removed'====== Args={'_from_bcp': True}
2020-08-10 18:55:00,934 : INFO : EventManager : Event: ======'slide_last_game_score_slide1_created'====== Args={'_from_bcp': True}
2020-08-10 18:55:00,934 : INFO : EventManager : Event: ======'slide_last_game_score_slide1_active'====== Args={'_from_bcp': True}
2020-08-10 18:55:08,913 : INFO : EventManager : Event: ======'slide_show_high_scores_removed'====== Args={'_from_bcp': True}
2020-08-10 18:55:08,947 : INFO : EventManager : Event: ======'slide_show_high_scores_created'====== Args={'_from_bcp': True}
2020-08-10 18:55:08,948 : INFO : EventManager : Event: ======'slide_show_high_scores_active'====== Args={'_from_bcp': True}
2020-08-10 18:55:09,911 : INFO : EventManager : Event: ======'slide_awesome_slide_removed'====== Args={'_from_bcp': True}
2020-08-10 18:55:09,915 : INFO : EventManager : Event: ======'slide_awesome_slide_created'====== Args={'_from_bcp': True}
2020-08-10 18:55:09,918 : INFO : EventManager : Event: ======'slide_awesome_slide_active'====== Args={'_from_bcp': True}
2020-08-10 18:55:12,938 : INFO : EventManager : Event: ======'slide_press_start_removed'====== Args={'_from_bcp': True}
2020-08-10 18:55:12,940 : INFO : EventManager : Event: ======'slide_press_start_created'====== Args={'_from_bcp': True}
2020-08-10 18:55:12,941 : INFO : EventManager : Event: ======'slide_press_start_active'====== Args={'_from_bcp': True}
2020-08-10 18:55:15,932 : INFO : EventManager : Event: ======'slide_mission_pinball_removed'====== Args={'_from_bcp': True}
2020-08-10 18:55:15,941 : INFO : EventManager : Event: ======'slide_mission_pinball_created'====== Args={'_from_bcp': True}
2020-08-10 18:55:15,949 : INFO : EventManager : Event: ======'slide_mission_pinball_active'====== Args={'_from_bcp': True}
2020-08-10 18:55:21,924 : INFO : EventManager : Event: ======'slide_GameCard_removed'====== Args={'_from_bcp': True}
2020-08-10 18:55:21,926 : INFO : EventManager : Event: ======'slide_GameCard_created'====== Args={'_from_bcp': True}
2020-08-10 18:55:21,928 : INFO : EventManager : Event: ======'slide_GameCard_active'====== Args={'_from_bcp': True}
2020-08-10 18:55:24,929 : INFO : EventManager : Event: ======'slide_HowTo_removed'====== Args={'_from_bcp': True}
2020-08-10 18:55:24,952 : INFO : EventManager : Event: ======'slide_HowTo_created'====== Args={'_from_bcp': True}
2020-08-10 18:55:24,958 : INFO : EventManager : Event: ======'slide_HowTo_active'====== Args={'_from_bcp': True}
2020-08-10 18:55:32,932 : INFO : EventManager : Event: ======'slide_last_game_score_slide1_removed'====== Args={'_from_bcp': True}
2020-08-10 18:55:32,962 : INFO : EventManager : Event: ======'slide_last_game_score_slide1_created'====== Args={'_from_bcp': True}
2020-08-10 18:55:32,963 : INFO : EventManager : Event: ======'slide_last_game_score_slide1_active'====== Args={'_from_bcp': True}
2020-08-10 18:55:40,915 : INFO : EventManager : Event: ======'slide_show_high_scores_removed'====== Args={'_from_bcp': True}
2020-08-10 18:55:40,931 : INFO : EventManager : Event: ======'slide_show_high_scores_created'====== Args={'_from_bcp': True}
2020-08-10 18:55:40,950 : INFO : EventManager : Event: ======'slide_show_high_scores_active'====== Args={'_from_bcp': True}
2020-08-10 18:55:41,929 : INFO : EventManager : Event: ======'slide_awesome_slide_removed'====== Args={'_from_bcp': True}
2020-08-10 18:55:41,934 : INFO : EventManager : Event: ======'slide_awesome_slide_created'====== Args={'_from_bcp': True}
2020-08-10 18:55:41,945 : INFO : EventManager : Event: ======'slide_awesome_slide_active'====== Args={'_from_bcp': True}
2020-08-10 18:55:44,919 : INFO : EventManager : Event: ======'slide_press_start_removed'====== Args={'_from_bcp': True}
2020-08-10 18:55:44,994 : INFO : EventManager : Event: ======'slide_press_start_created'====== Args={'_from_bcp': True}
2020-08-10 18:55:44,999 : INFO : EventManager : Event: ======'slide_press_start_active'====== Args={'_from_bcp': True}
2020-08-10 18:55:47,908 : INFO : EventManager : Event: ======'slide_mission_pinball_removed'====== Args={'_from_bcp': True}
2020-08-10 18:55:47,916 : INFO : EventManager : Event: ======'slide_mission_pinball_created'====== Args={'_from_bcp': True}
2020-08-10 18:55:47,921 : INFO : EventManager : Event: ======'slide_mission_pinball_active'====== Args={'_from_bcp': True}
2020-08-10 18:55:53,910 : INFO : EventManager : Event: ======'slide_GameCard_removed'====== Args={'_from_bcp': True}
2020-08-10 18:55:53,913 : INFO : EventManager : Event: ======'slide_GameCard_created'====== Args={'_from_bcp': True}
2020-08-10 18:55:53,915 : INFO : EventManager : Event: ======'slide_GameCard_active'====== Args={'_from_bcp': True}
2020-08-10 18:55:56,908 : INFO : EventManager : Event: ======'slide_HowTo_removed'====== Args={'_from_bcp': True}
2020-08-10 18:55:56,943 : INFO : EventManager : Event: ======'slide_HowTo_created'====== Args={'_from_bcp': True}
2020-08-10 18:55:56,944 : INFO : EventManager : Event: ======'slide_HowTo_active'====== Args={'_from_bcp': True}
2020-08-10 18:56:04,912 : INFO : EventManager : Event: ======'slide_last_game_score_slide1_removed'====== Args={'_from_bcp': True}
2020-08-10 18:56:04,946 : INFO : EventManager : Event: ======'slide_last_game_score_slide1_created'====== Args={'_from_bcp': True}
2020-08-10 18:56:04,946 : INFO : EventManager : Event: ======'slide_last_game_score_slide1_active'====== Args={'_from_bcp': True}
2020-08-10 18:56:12,915 : INFO : EventManager : Event: ======'slide_show_high_scores_removed'====== Args={'_from_bcp': True}
2020-08-10 18:56:12,945 : INFO : EventManager : Event: ======'slide_show_high_scores_created'====== Args={'_from_bcp': True}
2020-08-10 18:56:12,945 : INFO : EventManager : Event: ======'slide_show_high_scores_active'====== Args={'_from_bcp': True}
2020-08-10 18:56:13,931 : INFO : EventManager : Event: ======'slide_awesome_slide_removed'====== Args={'_from_bcp': True}
2020-08-10 18:56:13,931 : INFO : EventManager : Event: ======'slide_awesome_slide_created'====== Args={'_from_bcp': True}
2020-08-10 18:56:13,932 : INFO : EventManager : Event: ======'slide_awesome_slide_active'====== Args={'_from_bcp': True}
2020-08-10 18:56:16,909 : INFO : EventManager : Event: ======'slide_press_start_removed'====== Args={'_from_bcp': True}
2020-08-10 18:56:16,928 : INFO : EventManager : Event: ======'slide_press_start_created'====== Args={'_from_bcp': True}
2020-08-10 18:56:16,929 : INFO : EventManager : Event: ======'slide_press_start_active'====== Args={'_from_bcp': True}
2020-08-10 18:56:19,931 : INFO : EventManager : Event: ======'slide_mission_pinball_removed'====== Args={'_from_bcp': True}
2020-08-10 18:56:19,945 : INFO : EventManager : Event: ======'slide_mission_pinball_created'====== Args={'_from_bcp': True}
2020-08-10 18:56:19,947 : INFO : EventManager : Event: ======'slide_mission_pinball_active'====== Args={'_from_bcp': True}
2020-08-10 18:56:25,912 : INFO : EventManager : Event: ======'slide_GameCard_removed'====== Args={'_from_bcp': True}
2020-08-10 18:56:25,915 : INFO : EventManager : Event: ======'slide_GameCard_created'====== Args={'_from_bcp': True}
2020-08-10 18:56:25,918 : INFO : EventManager : Event: ======'slide_GameCard_active'====== Args={'_from_bcp': True}
2020-08-10 18:56:28,920 : INFO : EventManager : Event: ======'slide_HowTo_removed'====== Args={'_from_bcp': True}
2020-08-10 18:56:28,954 : INFO : EventManager : Event: ======'slide_HowTo_created'====== Args={'_from_bcp': True}
2020-08-10 18:56:28,955 : INFO : EventManager : Event: ======'slide_HowTo_active'====== Args={'_from_bcp': True}
2020-08-10 18:56:36,909 : INFO : EventManager : Event: ======'slide_last_game_score_slide1_removed'====== Args={'_from_bcp': True}
2020-08-10 18:56:36,944 : INFO : EventManager : Event: ======'slide_last_game_score_slide1_created'====== Args={'_from_bcp': True}
2020-08-10 18:56:36,945 : INFO : EventManager : Event: ======'slide_last_game_score_slide1_active'====== Args={'_from_bcp': True}
2020-08-10 18:56:44,917 : INFO : EventManager : Event: ======'slide_show_high_scores_removed'====== Args={'_from_bcp': True}
2020-08-10 18:56:44,944 : INFO : EventManager : Event: ======'slide_show_high_scores_created'====== Args={'_from_bcp': True}
2020-08-10 18:56:44,944 : INFO : EventManager : Event: ======'slide_show_high_scores_active'====== Args={'_from_bcp': True}
2020-08-10 18:56:45,911 : INFO : EventManager : Event: ======'slide_awesome_slide_removed'====== Args={'_from_bcp': True}
2020-08-10 18:56:45,915 : INFO : EventManager : Event: ======'slide_awesome_slide_created'====== Args={'_from_bcp': True}
2020-08-10 18:56:45,917 : INFO : EventManager : Event: ======'slide_awesome_slide_active'====== Args={'_from_bcp': True}
2020-08-10 18:56:48,912 : INFO : EventManager : Event: ======'slide_press_start_removed'====== Args={'_from_bcp': True}
2020-08-10 18:56:48,918 : INFO : EventManager : Event: ======'slide_press_start_created'====== Args={'_from_bcp': True}
2020-08-10 18:56:48,921 : INFO : EventManager : Event: ======'slide_press_start_active'====== Args={'_from_bcp': True}
2020-08-10 18:56:51,910 : INFO : EventManager : Event: ======'slide_mission_pinball_removed'====== Args={'_from_bcp': True}
2020-08-10 18:56:51,915 : INFO : EventManager : Event: ======'slide_mission_pinball_created'====== Args={'_from_bcp': True}
2020-08-10 18:56:51,918 : INFO : EventManager : Event: ======'slide_mission_pinball_active'====== Args={'_from_bcp': True}
2020-08-10 18:56:57,903 : INFO : EventManager : Event: ======'slide_GameCard_removed'====== Args={'_from_bcp': True}
2020-08-10 18:56:57,906 : INFO : EventManager : Event: ======'slide_GameCard_created'====== Args={'_from_bcp': True}
2020-08-10 18:56:57,913 : INFO : EventManager : Event: ======'slide_GameCard_active'====== Args={'_from_bcp': True}
2020-08-10 18:57:00,932 : INFO : EventManager : Event: ======'slide_HowTo_removed'====== Args={'_from_bcp': True}
2020-08-10 18:57:00,967 : INFO : EventManager : Event: ======'slide_HowTo_created'====== Args={'_from_bcp': True}
2020-08-10 18:57:00,968 : INFO : EventManager : Event: ======'slide_HowTo_active'====== Args={'_from_bcp': True}
2020-08-10 18:57:08,917 : INFO : EventManager : Event: ======'slide_last_game_score_slide1_removed'====== Args={'_from_bcp': True}
2020-08-10 18:57:08,954 : INFO : EventManager : Event: ======'slide_last_game_score_slide1_created'====== Args={'_from_bcp': True}
2020-08-10 18:57:08,955 : INFO : EventManager : Event: ======'slide_last_game_score_slide1_active'====== Args={'_from_bcp': True}
2020-08-10 18:57:16,924 : INFO : EventManager : Event: ======'slide_show_high_scores_removed'====== Args={'_from_bcp': True}
2020-08-10 18:57:16,940 : INFO : EventManager : Event: ======'slide_show_high_scores_created'====== Args={'_from_bcp': True}
2020-08-10 18:57:16,959 : INFO : EventManager : Event: ======'slide_show_high_scores_active'====== Args={'_from_bcp': True}
2020-08-10 18:57:17,902 : INFO : EventManager : Event: ======'slide_awesome_slide_removed'====== Args={'_from_bcp': True}
2020-08-10 18:57:17,906 : INFO : EventManager : Event: ======'slide_awesome_slide_created'====== Args={'_from_bcp': True}
2020-08-10 18:57:17,914 : INFO : EventManager : Event: ======'slide_awesome_slide_active'====== Args={'_from_bcp': True}
2020-08-10 18:57:20,925 : INFO : EventManager : Event: ======'slide_press_start_removed'====== Args={'_from_bcp': True}
2020-08-10 18:57:20,930 : INFO : EventManager : Event: ======'slide_press_start_created'====== Args={'_from_bcp': True}
2020-08-10 18:57:20,933 : INFO : EventManager : Event: ======'slide_press_start_active'====== Args={'_from_bcp': True}
2020-08-10 18:57:23,949 : INFO : EventManager : Event: ======'slide_mission_pinball_removed'====== Args={'_from_bcp': True}
2020-08-10 18:57:23,950 : INFO : EventManager : Event: ======'slide_mission_pinball_created'====== Args={'_from_bcp': True}
2020-08-10 18:57:23,950 : INFO : EventManager : Event: ======'slide_mission_pinball_active'====== Args={'_from_bcp': True}
2020-08-10 18:57:29,934 : INFO : EventManager : Event: ======'slide_GameCard_removed'====== Args={'_from_bcp': True}
2020-08-10 18:57:29,935 : INFO : EventManager : Event: ======'slide_GameCard_created'====== Args={'_from_bcp': True}
2020-08-10 18:57:29,937 : INFO : EventManager : Event: ======'slide_GameCard_active'====== Args={'_from_bcp': True}
2020-08-10 18:57:32,913 : INFO : EventManager : Event: ======'slide_HowTo_removed'====== Args={'_from_bcp': True}
2020-08-10 18:57:32,946 : INFO : EventManager : Event: ======'slide_HowTo_created'====== Args={'_from_bcp': True}
2020-08-10 18:57:32,947 : INFO : EventManager : Event: ======'slide_HowTo_active'====== Args={'_from_bcp': True}
2020-08-10 18:57:40,924 : INFO : EventManager : Event: ======'slide_last_game_score_slide1_removed'====== Args={'_from_bcp': True}
2020-08-10 18:57:41,014 : INFO : EventManager : Event: ======'slide_last_game_score_slide1_created'====== Args={'_from_bcp': True}
2020-08-10 18:57:41,022 : INFO : EventManager : Event: ======'slide_last_game_score_slide1_active'====== Args={'_from_bcp': True}
2020-08-10 18:57:48,916 : INFO : EventManager : Event: ======'slide_show_high_scores_removed'====== Args={'_from_bcp': True}
2020-08-10 18:57:48,955 : INFO : EventManager : Event: ======'slide_show_high_scores_created'====== Args={'_from_bcp': True}
2020-08-10 18:57:48,956 : INFO : EventManager : Event: ======'slide_show_high_scores_active'====== Args={'_from_bcp': True}
2020-08-10 18:57:49,915 : INFO : EventManager : Event: ======'slide_awesome_slide_removed'====== Args={'_from_bcp': True}
2020-08-10 18:57:49,919 : INFO : EventManager : Event: ======'slide_awesome_slide_created'====== Args={'_from_bcp': True}
2020-08-10 18:57:49,936 : INFO : EventManager : Event: ======'slide_awesome_slide_active'====== Args={'_from_bcp': True}
2020-08-10 18:57:52,913 : INFO : EventManager : Event: ======'slide_press_start_removed'====== Args={'_from_bcp': True}
2020-08-10 18:57:52,935 : INFO : EventManager : Event: ======'slide_press_start_created'====== Args={'_from_bcp': True}
2020-08-10 18:57:52,935 : INFO : EventManager : Event: ======'slide_press_start_active'====== Args={'_from_bcp': True}
2020-08-10 18:57:55,923 : INFO : EventManager : Event: ======'slide_mission_pinball_removed'====== Args={'_from_bcp': True}
2020-08-10 18:57:55,932 : INFO : EventManager : Event: ======'slide_mission_pinball_created'====== Args={'_from_bcp': True}
2020-08-10 18:57:55,936 : INFO : EventManager : Event: ======'slide_mission_pinball_active'====== Args={'_from_bcp': True}
2020-08-10 18:58:01,911 : INFO : EventManager : Event: ======'slide_GameCard_removed'====== Args={'_from_bcp': True}
2020-08-10 18:58:01,916 : INFO : EventManager : Event: ======'slide_GameCard_created'====== Args={'_from_bcp': True}
2020-08-10 18:58:01,918 : INFO : EventManager : Event: ======'slide_GameCard_active'====== Args={'_from_bcp': True}
2020-08-10 18:58:04,920 : INFO : EventManager : Event: ======'slide_HowTo_removed'====== Args={'_from_bcp': True}
2020-08-10 18:58:04,954 : INFO : EventManager : Event: ======'slide_HowTo_created'====== Args={'_from_bcp': True}
2020-08-10 18:58:04,954 : INFO : EventManager : Event: ======'slide_HowTo_active'====== Args={'_from_bcp': True}
2020-08-10 18:58:12,909 : INFO : EventManager : Event: ======'slide_last_game_score_slide1_removed'====== Args={'_from_bcp': True}
2020-08-10 18:58:12,938 : INFO : EventManager : Event: ======'slide_last_game_score_slide1_created'====== Args={'_from_bcp': True}
2020-08-10 18:58:12,944 : INFO : EventManager : Event: ======'slide_last_game_score_slide1_active'====== Args={'_from_bcp': True}
2020-08-10 18:58:20,919 : INFO : EventManager : Event: ======'slide_show_high_scores_removed'====== Args={'_from_bcp': True}
2020-08-10 18:58:20,955 : INFO : EventManager : Event: ======'slide_show_high_scores_created'====== Args={'_from_bcp': True}
2020-08-10 18:58:20,955 : INFO : EventManager : Event: ======'slide_show_high_scores_active'====== Args={'_from_bcp': True}
2020-08-10 18:58:21,909 : INFO : EventManager : Event: ======'slide_awesome_slide_removed'====== Args={'_from_bcp': True}
2020-08-10 18:58:21,913 : INFO : EventManager : Event: ======'slide_awesome_slide_created'====== Args={'_from_bcp': True}
2020-08-10 18:58:21,915 : INFO : EventManager : Event: ======'slide_awesome_slide_active'====== Args={'_from_bcp': True}
2020-08-10 18:58:24,917 : INFO : EventManager : Event: ======'slide_press_start_removed'====== Args={'_from_bcp': True}
2020-08-10 18:58:24,923 : INFO : EventManager : Event: ======'slide_press_start_created'====== Args={'_from_bcp': True}
2020-08-10 18:58:24,925 : INFO : EventManager : Event: ======'slide_press_start_active'====== Args={'_from_bcp': True}
2020-08-10 18:58:27,936 : INFO : EventManager : Event: ======'slide_mission_pinball_removed'====== Args={'_from_bcp': True}
2020-08-10 18:58:27,943 : INFO : EventManager : Event: ======'slide_mission_pinball_created'====== Args={'_from_bcp': True}
2020-08-10 18:58:27,947 : INFO : EventManager : Event: ======'slide_mission_pinball_active'====== Args={'_from_bcp': True}
2020-08-10 18:58:33,925 : INFO : EventManager : Event: ======'slide_GameCard_removed'====== Args={'_from_bcp': True}
2020-08-10 18:58:33,927 : INFO : EventManager : Event: ======'slide_GameCard_created'====== Args={'_from_bcp': True}
2020-08-10 18:58:33,928 : INFO : EventManager : Event: ======'slide_GameCard_active'====== Args={'_from_bcp': True}
2020-08-10 18:58:36,928 : INFO : EventManager : Event: ======'slide_HowTo_removed'====== Args={'_from_bcp': True}
2020-08-10 18:58:36,963 : INFO : EventManager : Event: ======'slide_HowTo_created'====== Args={'_from_bcp': True}
2020-08-10 18:58:36,963 : INFO : EventManager : Event: ======'slide_HowTo_active'====== Args={'_from_bcp': True}
2020-08-10 18:58:44,907 : INFO : EventManager : Event: ======'slide_last_game_score_slide1_removed'====== Args={'_from_bcp': True}
2020-08-10 18:58:44,937 : INFO : EventManager : Event: ======'slide_last_game_score_slide1_created'====== Args={'_from_bcp': True}
2020-08-10 18:58:44,937 : INFO : EventManager : Event: ======'slide_last_game_score_slide1_active'====== Args={'_from_bcp': True}
2020-08-10 18:58:52,907 : INFO : EventManager : Event: ======'slide_show_high_scores_removed'====== Args={'_from_bcp': True}
2020-08-10 18:58:52,945 : INFO : EventManager : Event: ======'slide_show_high_scores_created'====== Args={'_from_bcp': True}
2020-08-10 18:58:52,945 : INFO : EventManager : Event: ======'slide_show_high_scores_active'====== Args={'_from_bcp': True}
2020-08-10 18:58:53,912 : INFO : EventManager : Event: ======'slide_awesome_slide_removed'====== Args={'_from_bcp': True}
2020-08-10 18:58:53,924 : INFO : EventManager : Event: ======'slide_awesome_slide_created'====== Args={'_from_bcp': True}
2020-08-10 18:58:53,925 : INFO : EventManager : Event: ======'slide_awesome_slide_active'====== Args={'_from_bcp': True}
2020-08-10 18:58:56,921 : INFO : EventManager : Event: ======'slide_press_start_removed'====== Args={'_from_bcp': True}
2020-08-10 18:58:56,928 : INFO : EventManager : Event: ======'slide_press_start_created'====== Args={'_from_bcp': True}
2020-08-10 18:58:56,931 : INFO : EventManager : Event: ======'slide_press_start_active'====== Args={'_from_bcp': True}
2020-08-10 18:58:59,923 : INFO : EventManager : Event: ======'slide_mission_pinball_removed'====== Args={'_from_bcp': True}
2020-08-10 18:58:59,944 : INFO : EventManager : Event: ======'slide_mission_pinball_created'====== Args={'_from_bcp': True}
2020-08-10 18:58:59,945 : INFO : EventManager : Event: ======'slide_mission_pinball_active'====== Args={'_from_bcp': True}
2020-08-10 18:59:05,909 : INFO : EventManager : Event: ======'slide_GameCard_removed'====== Args={'_from_bcp': True}
2020-08-10 18:59:05,910 : INFO : EventManager : Event: ======'slide_GameCard_created'====== Args={'_from_bcp': True}
2020-08-10 18:59:05,911 : INFO : EventManager : Event: ======'slide_GameCard_active'====== Args={'_from_bcp': True}
2020-08-10 18:59:08,931 : INFO : EventManager : Event: ======'slide_HowTo_removed'====== Args={'_from_bcp': True}
2020-08-10 18:59:08,944 : INFO : EventManager : Event: ======'slide_HowTo_created'====== Args={'_from_bcp': True}
2020-08-10 18:59:08,982 : INFO : EventManager : Event: ======'slide_HowTo_active'====== Args={'_from_bcp': True}
2020-08-10 18:59:16,932 : INFO : EventManager : Event: ======'slide_last_game_score_slide1_removed'====== Args={'_from_bcp': True}
2020-08-10 18:59:16,958 : INFO : EventManager : Event: ======'slide_last_game_score_slide1_created'====== Args={'_from_bcp': True}
2020-08-10 18:59:16,959 : INFO : EventManager : Event: ======'slide_last_game_score_slide1_active'====== Args={'_from_bcp': True}
2020-08-10 18:59:24,904 : INFO : EventManager : Event: ======'slide_show_high_scores_removed'====== Args={'_from_bcp': True}
2020-08-10 18:59:24,920 : INFO : EventManager : Event: ======'slide_show_high_scores_created'====== Args={'_from_bcp': True}
2020-08-10 18:59:24,935 : INFO : EventManager : Event: ======'slide_show_high_scores_active'====== Args={'_from_bcp': True}
2020-08-10 18:59:25,939 : INFO : EventManager : Event: ======'slide_awesome_slide_removed'====== Args={'_from_bcp': True}
2020-08-10 18:59:25,940 : INFO : EventManager : Event: ======'slide_awesome_slide_created'====== Args={'_from_bcp': True}
2020-08-10 18:59:25,940 : INFO : EventManager : Event: ======'slide_awesome_slide_active'====== Args={'_from_bcp': True}
2020-08-10 18:59:28,907 : INFO : EventManager : Event: ======'slide_press_start_removed'====== Args={'_from_bcp': True}
2020-08-10 18:59:28,915 : INFO : EventManager : Event: ======'slide_press_start_created'====== Args={'_from_bcp': True}
2020-08-10 18:59:28,925 : INFO : EventManager : Event: ======'slide_press_start_active'====== Args={'_from_bcp': True}
2020-08-10 18:59:31,961 : INFO : EventManager : Event: ======'slide_mission_pinball_removed'====== Args={'_from_bcp': True}
2020-08-10 18:59:31,994 : INFO : EventManager : Event: ======'slide_mission_pinball_created'====== Args={'_from_bcp': True}
2020-08-10 18:59:31,996 : INFO : EventManager : Event: ======'slide_mission_pinball_active'====== Args={'_from_bcp': True}
2020-08-10 18:59:37,929 : INFO : EventManager : Event: ======'slide_GameCard_removed'====== Args={'_from_bcp': True}
2020-08-10 18:59:37,932 : INFO : EventManager : Event: ======'slide_GameCard_created'====== Args={'_from_bcp': True}
2020-08-10 18:59:37,943 : INFO : EventManager : Event: ======'slide_GameCard_active'====== Args={'_from_bcp': True}
2020-08-10 18:59:40,910 : INFO : EventManager : Event: ======'slide_HowTo_removed'====== Args={'_from_bcp': True}
2020-08-10 18:59:40,946 : INFO : EventManager : Event: ======'slide_HowTo_created'====== Args={'_from_bcp': True}
2020-08-10 18:59:40,946 : INFO : EventManager : Event: ======'slide_HowTo_active'====== Args={'_from_bcp': True}
2020-08-10 18:59:48,938 : INFO : EventManager : Event: ======'slide_last_game_score_slide1_removed'====== Args={'_from_bcp': True}
2020-08-10 18:59:48,946 : INFO : EventManager : Event: ======'slide_last_game_score_slide1_created'====== Args={'_from_bcp': True}
2020-08-10 18:59:48,960 : INFO : EventManager : Event: ======'slide_last_game_score_slide1_active'====== Args={'_from_bcp': True}
2020-08-10 18:59:56,923 : INFO : EventManager : Event: ======'slide_show_high_scores_removed'====== Args={'_from_bcp': True}
2020-08-10 18:59:56,931 : INFO : EventManager : Event: ======'slide_show_high_scores_created'====== Args={'_from_bcp': True}
2020-08-10 18:59:56,942 : INFO : EventManager : Event: ======'slide_show_high_scores_active'====== Args={'_from_bcp': True}
2020-08-10 18:59:57,919 : INFO : EventManager : Event: ======'slide_awesome_slide_removed'====== Args={'_from_bcp': True}
2020-08-10 18:59:57,923 : INFO : EventManager : Event: ======'slide_awesome_slide_created'====== Args={'_from_bcp': True}
2020-08-10 18:59:57,926 : INFO : EventManager : Event: ======'slide_awesome_slide_active'====== Args={'_from_bcp': True}
2020-08-10 19:00:00,912 : INFO : EventManager : Event: ======'slide_press_start_removed'====== Args={'_from_bcp': True}
2020-08-10 19:00:00,919 : INFO : EventManager : Event: ======'slide_press_start_created'====== Args={'_from_bcp': True}
2020-08-10 19:00:00,924 : INFO : EventManager : Event: ======'slide_press_start_active'====== Args={'_from_bcp': True}
2020-08-10 19:00:03,906 : INFO : EventManager : Event: ======'slide_mission_pinball_removed'====== Args={'_from_bcp': True}
2020-08-10 19:00:03,915 : INFO : EventManager : Event: ======'slide_mission_pinball_created'====== Args={'_from_bcp': True}
2020-08-10 19:00:03,919 : INFO : EventManager : Event: ======'slide_mission_pinball_active'====== Args={'_from_bcp': True}
2020-08-10 19:00:09,931 : INFO : EventManager : Event: ======'slide_GameCard_removed'====== Args={'_from_bcp': True}
2020-08-10 19:00:09,931 : INFO : EventManager : Event: ======'slide_GameCard_created'====== Args={'_from_bcp': True}
2020-08-10 19:00:09,932 : INFO : EventManager : Event: ======'slide_GameCard_active'====== Args={'_from_bcp': True}
2020-08-10 19:00:12,927 : INFO : EventManager : Event: ======'slide_HowTo_removed'====== Args={'_from_bcp': True}
2020-08-10 19:00:12,957 : INFO : EventManager : Event: ======'slide_HowTo_created'====== Args={'_from_bcp': True}
2020-08-10 19:00:12,957 : INFO : EventManager : Event: ======'slide_HowTo_active'====== Args={'_from_bcp': True}
2020-08-10 19:00:20,917 : INFO : EventManager : Event: ======'slide_last_game_score_slide1_removed'====== Args={'_from_bcp': True}
2020-08-10 19:00:20,943 : INFO : EventManager : Event: ======'slide_last_game_score_slide1_created'====== Args={'_from_bcp': True}
2020-08-10 19:00:20,943 : INFO : EventManager : Event: ======'slide_last_game_score_slide1_active'====== Args={'_from_bcp': True}
2020-08-10 19:00:28,913 : INFO : EventManager : Event: ======'slide_show_high_scores_removed'====== Args={'_from_bcp': True}
2020-08-10 19:00:28,944 : INFO : EventManager : Event: ======'slide_show_high_scores_created'====== Args={'_from_bcp': True}
2020-08-10 19:00:28,945 : INFO : EventManager : Event: ======'slide_show_high_scores_active'====== Args={'_from_bcp': True}
2020-08-10 19:00:29,926 : INFO : EventManager : Event: ======'slide_awesome_slide_removed'====== Args={'_from_bcp': True}
2020-08-10 19:00:29,927 : INFO : EventManager : Event: ======'slide_awesome_slide_created'====== Args={'_from_bcp': True}
2020-08-10 19:00:29,927 : INFO : EventManager : Event: ======'slide_awesome_slide_active'====== Args={'_from_bcp': True}
2020-08-10 19:00:32,922 : INFO : EventManager : Event: ======'slide_press_start_removed'====== Args={'_from_bcp': True}
2020-08-10 19:00:32,931 : INFO : EventManager : Event: ======'slide_press_start_created'====== Args={'_from_bcp': True}
2020-08-10 19:00:32,935 : INFO : EventManager : Event: ======'slide_press_start_active'====== Args={'_from_bcp': True}
2020-08-10 19:00:35,930 : INFO : EventManager : Event: ======'slide_mission_pinball_removed'====== Args={'_from_bcp': True}
2020-08-10 19:00:35,958 : INFO : EventManager : Event: ======'slide_mission_pinball_created'====== Args={'_from_bcp': True}
2020-08-10 19:00:35,958 : INFO : EventManager : Event: ======'slide_mission_pinball_active'====== Args={'_from_bcp': True}
2020-08-10 19:00:41,904 : INFO : EventManager : Event: ======'slide_GameCard_removed'====== Args={'_from_bcp': True}
2020-08-10 19:00:41,906 : INFO : EventManager : Event: ======'slide_GameCard_created'====== Args={'_from_bcp': True}
2020-08-10 19:00:41,908 : INFO : EventManager : Event: ======'slide_GameCard_active'====== Args={'_from_bcp': True}
2020-08-10 19:00:44,936 : INFO : EventManager : Event: ======'slide_HowTo_removed'====== Args={'_from_bcp': True}
2020-08-10 19:00:44,967 : INFO : EventManager : Event: ======'slide_HowTo_created'====== Args={'_from_bcp': True}
2020-08-10 19:00:44,967 : INFO : EventManager : Event: ======'slide_HowTo_active'====== Args={'_from_bcp': True}
2020-08-10 19:00:52,925 : INFO : EventManager : Event: ======'slide_last_game_score_slide1_removed'====== Args={'_from_bcp': True}
2020-08-10 19:00:52,938 : INFO : EventManager : Event: ======'slide_last_game_score_slide1_created'====== Args={'_from_bcp': True}
2020-08-10 19:00:52,948 : INFO : EventManager : Event: ======'slide_last_game_score_slide1_active'====== Args={'_from_bcp': True}
2020-08-10 19:01:00,916 : INFO : EventManager : Event: ======'slide_show_high_scores_removed'====== Args={'_from_bcp': True}
2020-08-10 19:01:00,949 : INFO : EventManager : Event: ======'slide_show_high_scores_created'====== Args={'_from_bcp': True}
2020-08-10 19:01:00,949 : INFO : EventManager : Event: ======'slide_show_high_scores_active'====== Args={'_from_bcp': True}
2020-08-10 19:01:01,920 : INFO : EventManager : Event: ======'slide_awesome_slide_removed'====== Args={'_from_bcp': True}
2020-08-10 19:01:01,934 : INFO : EventManager : Event: ======'slide_awesome_slide_created'====== Args={'_from_bcp': True}
2020-08-10 19:01:01,935 : INFO : EventManager : Event: ======'slide_awesome_slide_active'====== Args={'_from_bcp': True}
2020-08-10 19:01:04,926 : INFO : EventManager : Event: ======'slide_press_start_removed'====== Args={'_from_bcp': True}
2020-08-10 19:01:04,933 : INFO : EventManager : Event: ======'slide_press_start_created'====== Args={'_from_bcp': True}
2020-08-10 19:01:04,937 : INFO : EventManager : Event: ======'slide_press_start_active'====== Args={'_from_bcp': True}
2020-08-10 19:01:07,922 : INFO : EventManager : Event: ======'slide_mission_pinball_removed'====== Args={'_from_bcp': True}
2020-08-10 19:01:07,931 : INFO : EventManager : Event: ======'slide_mission_pinball_created'====== Args={'_from_bcp': True}
2020-08-10 19:01:07,935 : INFO : EventManager : Event: ======'slide_mission_pinball_active'====== Args={'_from_bcp': True}
2020-08-10 19:01:13,916 : INFO : EventManager : Event: ======'slide_GameCard_removed'====== Args={'_from_bcp': True}
2020-08-10 19:01:13,923 : INFO : EventManager : Event: ======'slide_GameCard_created'====== Args={'_from_bcp': True}
2020-08-10 19:01:13,923 : INFO : EventManager : Event: ======'slide_GameCard_active'====== Args={'_from_bcp': True}
2020-08-10 19:01:16,909 : INFO : EventManager : Event: ======'slide_HowTo_removed'====== Args={'_from_bcp': True}
2020-08-10 19:01:16,945 : INFO : EventManager : Event: ======'slide_HowTo_created'====== Args={'_from_bcp': True}
2020-08-10 19:01:16,946 : INFO : EventManager : Event: ======'slide_HowTo_active'====== Args={'_from_bcp': True}
2020-08-10 19:01:24,985 : INFO : EventManager : Event: ======'slide_last_game_score_slide1_removed'====== Args={'_from_bcp': True}
2020-08-10 19:01:25,011 : INFO : EventManager : Event: ======'slide_last_game_score_slide1_created'====== Args={'_from_bcp': True}
2020-08-10 19:01:25,022 : INFO : EventManager : Event: ======'slide_last_game_score_slide1_active'====== Args={'_from_bcp': True}
2020-08-10 19:01:32,927 : INFO : EventManager : Event: ======'slide_show_high_scores_removed'====== Args={'_from_bcp': True}
2020-08-10 19:01:32,943 : INFO : EventManager : Event: ======'slide_show_high_scores_created'====== Args={'_from_bcp': True}
2020-08-10 19:01:32,955 : INFO : EventManager : Event: ======'slide_show_high_scores_active'====== Args={'_from_bcp': True}
2020-08-10 19:01:33,917 : INFO : EventManager : Event: ======'slide_awesome_slide_removed'====== Args={'_from_bcp': True}
2020-08-10 19:01:33,922 : INFO : EventManager : Event: ======'slide_awesome_slide_created'====== Args={'_from_bcp': True}
2020-08-10 19:01:33,924 : INFO : EventManager : Event: ======'slide_awesome_slide_active'====== Args={'_from_bcp': True}
2020-08-10 19:01:36,917 : INFO : EventManager : Event: ======'slide_press_start_removed'====== Args={'_from_bcp': True}
2020-08-10 19:01:36,924 : INFO : EventManager : Event: ======'slide_press_start_created'====== Args={'_from_bcp': True}
2020-08-10 19:01:36,929 : INFO : EventManager : Event: ======'slide_press_start_active'====== Args={'_from_bcp': True}
2020-08-10 19:01:39,913 : INFO : EventManager : Event: ======'slide_mission_pinball_removed'====== Args={'_from_bcp': True}
2020-08-10 19:01:39,920 : INFO : EventManager : Event: ======'slide_mission_pinball_created'====== Args={'_from_bcp': True}
2020-08-10 19:01:39,923 : INFO : EventManager : Event: ======'slide_mission_pinball_active'====== Args={'_from_bcp': True}
2020-08-10 19:01:45,911 : INFO : EventManager : Event: ======'slide_GameCard_removed'====== Args={'_from_bcp': True}
2020-08-10 19:01:45,914 : INFO : EventManager : Event: ======'slide_GameCard_created'====== Args={'_from_bcp': True}
2020-08-10 19:01:45,916 : INFO : EventManager : Event: ======'slide_GameCard_active'====== Args={'_from_bcp': True}
2020-08-10 19:01:48,910 : INFO : EventManager : Event: ======'slide_HowTo_removed'====== Args={'_from_bcp': True}
2020-08-10 19:01:48,950 : INFO : EventManager : Event: ======'slide_HowTo_created'====== Args={'_from_bcp': True}
2020-08-10 19:01:48,950 : INFO : EventManager : Event: ======'slide_HowTo_active'====== Args={'_from_bcp': True}
2020-08-10 19:01:56,928 : INFO : EventManager : Event: ======'slide_last_game_score_slide1_removed'====== Args={'_from_bcp': True}
2020-08-10 19:01:56,943 : INFO : EventManager : Event: ======'slide_last_game_score_slide1_created'====== Args={'_from_bcp': True}
2020-08-10 19:01:56,951 : INFO : EventManager : Event: ======'slide_last_game_score_slide1_active'====== Args={'_from_bcp': True}
2020-08-10 19:02:04,915 : INFO : EventManager : Event: ======'slide_show_high_scores_removed'====== Args={'_from_bcp': True}
2020-08-10 19:02:04,943 : INFO : EventManager : Event: ======'slide_show_high_scores_created'====== Args={'_from_bcp': True}
2020-08-10 19:02:04,943 : INFO : EventManager : Event: ======'slide_show_high_scores_active'====== Args={'_from_bcp': True}
2020-08-10 19:02:05,924 : INFO : EventManager : Event: ======'slide_awesome_slide_removed'====== Args={'_from_bcp': True}
2020-08-10 19:02:05,925 : INFO : EventManager : Event: ======'slide_awesome_slide_created'====== Args={'_from_bcp': True}
2020-08-10 19:02:05,925 : INFO : EventManager : Event: ======'slide_awesome_slide_active'====== Args={'_from_bcp': True}
2020-08-10 19:02:08,930 : INFO : EventManager : Event: ======'slide_press_start_removed'====== Args={'_from_bcp': True}
2020-08-10 19:02:08,932 : INFO : EventManager : Event: ======'slide_press_start_created'====== Args={'_from_bcp': True}
2020-08-10 19:02:08,932 : INFO : EventManager : Event: ======'slide_press_start_active'====== Args={'_from_bcp': True}
2020-08-10 19:02:11,922 : INFO : EventManager : Event: ======'slide_mission_pinball_removed'====== Args={'_from_bcp': True}
2020-08-10 19:02:11,929 : INFO : EventManager : Event: ======'slide_mission_pinball_created'====== Args={'_from_bcp': True}
2020-08-10 19:02:11,932 : INFO : EventManager : Event: ======'slide_mission_pinball_active'====== Args={'_from_bcp': True}
2020-08-10 19:02:17,916 : INFO : EventManager : Event: ======'slide_GameCard_removed'====== Args={'_from_bcp': True}
2020-08-10 19:02:17,920 : INFO : EventManager : Event: ======'slide_GameCard_created'====== Args={'_from_bcp': True}
2020-08-10 19:02:17,921 : INFO : EventManager : Event: ======'slide_GameCard_active'====== Args={'_from_bcp': True}
2020-08-10 19:02:20,904 : INFO : EventManager : Event: ======'slide_HowTo_removed'====== Args={'_from_bcp': True}
2020-08-10 19:02:20,927 : INFO : EventManager : Event: ======'slide_HowTo_created'====== Args={'_from_bcp': True}
2020-08-10 19:02:20,933 : INFO : EventManager : Event: ======'slide_HowTo_active'====== Args={'_from_bcp': True}
2020-08-10 19:02:28,920 : INFO : EventManager : Event: ======'slide_last_game_score_slide1_removed'====== Args={'_from_bcp': True}
2020-08-10 19:02:28,940 : INFO : EventManager : Event: ======'slide_last_game_score_slide1_created'====== Args={'_from_bcp': True}
2020-08-10 19:02:28,950 : INFO : EventManager : Event: ======'slide_last_game_score_slide1_active'====== Args={'_from_bcp': True}
2020-08-10 19:02:36,916 : INFO : EventManager : Event: ======'slide_show_high_scores_removed'====== Args={'_from_bcp': True}
2020-08-10 19:02:36,930 : INFO : EventManager : Event: ======'slide_show_high_scores_created'====== Args={'_from_bcp': True}
2020-08-10 19:02:36,941 : INFO : EventManager : Event: ======'slide_show_high_scores_active'====== Args={'_from_bcp': True}
2020-08-10 19:02:37,920 : INFO : EventManager : Event: ======'slide_awesome_slide_removed'====== Args={'_from_bcp': True}
2020-08-10 19:02:37,923 : INFO : EventManager : Event: ======'slide_awesome_slide_created'====== Args={'_from_bcp': True}
2020-08-10 19:02:37,925 : INFO : EventManager : Event: ======'slide_awesome_slide_active'====== Args={'_from_bcp': True}
2020-08-10 19:02:40,903 : INFO : EventManager : Event: ======'slide_press_start_removed'====== Args={'_from_bcp': True}
2020-08-10 19:02:40,910 : INFO : EventManager : Event: ======'slide_press_start_created'====== Args={'_from_bcp': True}
2020-08-10 19:02:40,914 : INFO : EventManager : Event: ======'slide_press_start_active'====== Args={'_from_bcp': True}
2020-08-10 19:02:43,929 : INFO : EventManager : Event: ======'slide_mission_pinball_removed'====== Args={'_from_bcp': True}
2020-08-10 19:02:43,938 : INFO : EventManager : Event: ======'slide_mission_pinball_created'====== Args={'_from_bcp': True}
2020-08-10 19:02:43,942 : INFO : EventManager : Event: ======'slide_mission_pinball_active'====== Args={'_from_bcp': True}
2020-08-10 19:02:49,915 : INFO : EventManager : Event: ======'slide_GameCard_removed'====== Args={'_from_bcp': True}
2020-08-10 19:02:49,919 : INFO : EventManager : Event: ======'slide_GameCard_created'====== Args={'_from_bcp': True}
2020-08-10 19:02:49,921 : INFO : EventManager : Event: ======'slide_GameCard_active'====== Args={'_from_bcp': True}
2020-08-10 19:02:52,928 : INFO : EventManager : Event: ======'slide_HowTo_removed'====== Args={'_from_bcp': True}
2020-08-10 19:02:52,953 : INFO : EventManager : Event: ======'slide_HowTo_created'====== Args={'_from_bcp': True}
2020-08-10 19:02:52,960 : INFO : EventManager : Event: ======'slide_HowTo_active'====== Args={'_from_bcp': True}
2020-08-10 19:03:00,900 : INFO : EventManager : Event: ======'slide_last_game_score_slide1_removed'====== Args={'_from_bcp': True}
2020-08-10 19:03:00,919 : INFO : EventManager : Event: ======'slide_last_game_score_slide1_created'====== Args={'_from_bcp': True}
2020-08-10 19:03:00,927 : INFO : EventManager : Event: ======'slide_last_game_score_slide1_active'====== Args={'_from_bcp': True}
2020-08-10 19:03:08,921 : INFO : EventManager : Event: ======'slide_show_high_scores_removed'====== Args={'_from_bcp': True}
2020-08-10 19:03:08,934 : INFO : EventManager : Event: ======'slide_show_high_scores_created'====== Args={'_from_bcp': True}
2020-08-10 19:03:08,943 : INFO : EventManager : Event: ======'slide_show_high_scores_active'====== Args={'_from_bcp': True}
2020-08-10 19:03:09,905 : INFO : EventManager : Event: ======'slide_awesome_slide_removed'====== Args={'_from_bcp': True}
2020-08-10 19:03:09,907 : INFO : EventManager : Event: ======'slide_awesome_slide_created'====== Args={'_from_bcp': True}
2020-08-10 19:03:09,910 : INFO : EventManager : Event: ======'slide_awesome_slide_active'====== Args={'_from_bcp': True}
2020-08-10 19:03:12,925 : INFO : EventManager : Event: ======'slide_press_start_removed'====== Args={'_from_bcp': True}
2020-08-10 19:03:12,933 : INFO : EventManager : Event: ======'slide_press_start_created'====== Args={'_from_bcp': True}
2020-08-10 19:03:12,941 : INFO : EventManager : Event: ======'slide_press_start_active'====== Args={'_from_bcp': True}
2020-08-10 19:03:15,924 : INFO : EventManager : Event: ======'slide_mission_pinball_removed'====== Args={'_from_bcp': True}
2020-08-10 19:03:15,941 : INFO : EventManager : Event: ======'slide_mission_pinball_created'====== Args={'_from_bcp': True}
2020-08-10 19:03:15,942 : INFO : EventManager : Event: ======'slide_mission_pinball_active'====== Args={'_from_bcp': True}
2020-08-10 19:03:21,973 : INFO : EventManager : Event: ======'slide_GameCard_removed'====== Args={'_from_bcp': True}
2020-08-10 19:03:21,998 : INFO : EventManager : Event: ======'slide_GameCard_created'====== Args={'_from_bcp': True}
2020-08-10 19:03:22,004 : INFO : EventManager : Event: ======'slide_GameCard_active'====== Args={'_from_bcp': True}
2020-08-10 19:03:24,931 : INFO : EventManager : Event: ======'slide_HowTo_removed'====== Args={'_from_bcp': True}
2020-08-10 19:03:24,938 : INFO : EventManager : Event: ======'slide_HowTo_created'====== Args={'_from_bcp': True}
2020-08-10 19:03:24,944 : INFO : EventManager : Event: ======'slide_HowTo_active'====== Args={'_from_bcp': True}
2020-08-10 19:03:32,927 : INFO : EventManager : Event: ======'slide_last_game_score_slide1_removed'====== Args={'_from_bcp': True}
2020-08-10 19:03:32,941 : INFO : EventManager : Event: ======'slide_last_game_score_slide1_created'====== Args={'_from_bcp': True}
2020-08-10 19:03:32,949 : INFO : EventManager : Event: ======'slide_last_game_score_slide1_active'====== Args={'_from_bcp': True}
2020-08-10 19:03:40,934 : INFO : EventManager : Event: ======'slide_show_high_scores_removed'====== Args={'_from_bcp': True}
2020-08-10 19:03:40,947 : INFO : EventManager : Event: ======'slide_show_high_scores_created'====== Args={'_from_bcp': True}
2020-08-10 19:03:40,957 : INFO : EventManager : Event: ======'slide_show_high_scores_active'====== Args={'_from_bcp': True}
2020-08-10 19:03:41,928 : INFO : EventManager : Event: ======'slide_awesome_slide_removed'====== Args={'_from_bcp': True}
2020-08-10 19:03:41,929 : INFO : EventManager : Event: ======'slide_awesome_slide_created'====== Args={'_from_bcp': True}
2020-08-10 19:03:41,930 : INFO : EventManager : Event: ======'slide_awesome_slide_active'====== Args={'_from_bcp': True}
2020-08-10 19:03:44,933 : INFO : EventManager : Event: ======'slide_press_start_removed'====== Args={'_from_bcp': True}
2020-08-10 19:03:44,934 : INFO : EventManager : Event: ======'slide_press_start_created'====== Args={'_from_bcp': True}
2020-08-10 19:03:44,935 : INFO : EventManager : Event: ======'slide_press_start_active'====== Args={'_from_bcp': True}
2020-08-10 19:03:47,929 : INFO : EventManager : Event: ======'slide_mission_pinball_removed'====== Args={'_from_bcp': True}
2020-08-10 19:03:47,930 : INFO : EventManager : Event: ======'slide_mission_pinball_created'====== Args={'_from_bcp': True}
2020-08-10 19:03:47,931 : INFO : EventManager : Event: ======'slide_mission_pinball_active'====== Args={'_from_bcp': True}
2020-08-10 19:03:53,925 : INFO : EventManager : Event: ======'slide_GameCard_removed'====== Args={'_from_bcp': True}
2020-08-10 19:03:53,928 : INFO : EventManager : Event: ======'slide_GameCard_created'====== Args={'_from_bcp': True}
2020-08-10 19:03:53,929 : INFO : EventManager : Event: ======'slide_GameCard_active'====== Args={'_from_bcp': True}
2020-08-10 19:03:56,920 : INFO : EventManager : Event: ======'slide_HowTo_removed'====== Args={'_from_bcp': True}
2020-08-10 19:03:56,961 : INFO : EventManager : Event: ======'slide_HowTo_created'====== Args={'_from_bcp': True}
2020-08-10 19:03:56,961 : INFO : EventManager : Event: ======'slide_HowTo_active'====== Args={'_from_bcp': True}
2020-08-10 19:04:04,912 : INFO : EventManager : Event: ======'slide_last_game_score_slide1_removed'====== Args={'_from_bcp': True}
2020-08-10 19:04:04,932 : INFO : EventManager : Event: ======'slide_last_game_score_slide1_created'====== Args={'_from_bcp': True}
2020-08-10 19:04:04,942 : INFO : EventManager : Event: ======'slide_last_game_score_slide1_active'====== Args={'_from_bcp': True}
2020-08-10 19:04:12,923 : INFO : EventManager : Event: ======'slide_show_high_scores_removed'====== Args={'_from_bcp': True}
2020-08-10 19:04:12,941 : INFO : EventManager : Event: ======'slide_show_high_scores_created'====== Args={'_from_bcp': True}
2020-08-10 19:04:12,951 : INFO : EventManager : Event: ======'slide_show_high_scores_active'====== Args={'_from_bcp': True}
2020-08-10 19:04:13,929 : INFO : EventManager : Event: ======'slide_awesome_slide_removed'====== Args={'_from_bcp': True}
2020-08-10 19:04:13,938 : INFO : EventManager : Event: ======'slide_awesome_slide_created'====== Args={'_from_bcp': True}
2020-08-10 19:04:13,939 : INFO : EventManager : Event: ======'slide_awesome_slide_active'====== Args={'_from_bcp': True}
2020-08-10 19:04:16,904 : INFO : EventManager : Event: ======'slide_press_start_removed'====== Args={'_from_bcp': True}
2020-08-10 19:04:16,911 : INFO : EventManager : Event: ======'slide_press_start_created'====== Args={'_from_bcp': True}
2020-08-10 19:04:16,915 : INFO : EventManager : Event: ======'slide_press_start_active'====== Args={'_from_bcp': True}
2020-08-10 19:04:19,940 : INFO : EventManager : Event: ======'slide_mission_pinball_removed'====== Args={'_from_bcp': True}
2020-08-10 19:04:19,941 : INFO : EventManager : Event: ======'slide_mission_pinball_created'====== Args={'_from_bcp': True}
2020-08-10 19:04:19,941 : INFO : EventManager : Event: ======'slide_mission_pinball_active'====== Args={'_from_bcp': True}
2020-08-10 19:04:25,917 : INFO : EventManager : Event: ======'slide_GameCard_removed'====== Args={'_from_bcp': True}
2020-08-10 19:04:25,921 : INFO : EventManager : Event: ======'slide_GameCard_created'====== Args={'_from_bcp': True}
2020-08-10 19:04:25,923 : INFO : EventManager : Event: ======'slide_GameCard_active'====== Args={'_from_bcp': True}
2020-08-10 19:04:28,917 : INFO : EventManager : Event: ======'slide_HowTo_removed'====== Args={'_from_bcp': True}
2020-08-10 19:04:28,939 : INFO : EventManager : Event: ======'slide_HowTo_created'====== Args={'_from_bcp': True}
2020-08-10 19:04:28,946 : INFO : EventManager : Event: ======'slide_HowTo_active'====== Args={'_from_bcp': True}
2020-08-10 19:04:36,915 : INFO : EventManager : Event: ======'slide_last_game_score_slide1_removed'====== Args={'_from_bcp': True}
2020-08-10 19:04:36,935 : INFO : EventManager : Event: ======'slide_last_game_score_slide1_created'====== Args={'_from_bcp': True}
2020-08-10 19:04:36,946 : INFO : EventManager : Event: ======'slide_last_game_score_slide1_active'====== Args={'_from_bcp': True}
2020-08-10 19:04:44,916 : INFO : EventManager : Event: ======'slide_show_high_scores_removed'====== Args={'_from_bcp': True}
2020-08-10 19:04:44,933 : INFO : EventManager : Event: ======'slide_show_high_scores_created'====== Args={'_from_bcp': True}
2020-08-10 19:04:44,945 : INFO : EventManager : Event: ======'slide_show_high_scores_active'====== Args={'_from_bcp': True}
2020-08-10 19:04:45,913 : INFO : EventManager : Event: ======'slide_awesome_slide_removed'====== Args={'_from_bcp': True}
2020-08-10 19:04:45,917 : INFO : EventManager : Event: ======'slide_awesome_slide_created'====== Args={'_from_bcp': True}
2020-08-10 19:04:45,919 : INFO : EventManager : Event: ======'slide_awesome_slide_active'====== Args={'_from_bcp': True}
2020-08-10 19:04:48,923 : INFO : EventManager : Event: ======'slide_press_start_removed'====== Args={'_from_bcp': True}
2020-08-10 19:04:48,930 : INFO : EventManager : Event: ======'slide_press_start_created'====== Args={'_from_bcp': True}
2020-08-10 19:04:48,935 : INFO : EventManager : Event: ======'slide_press_start_active'====== Args={'_from_bcp': True}
2020-08-10 19:04:51,917 : INFO : EventManager : Event: ======'slide_mission_pinball_removed'====== Args={'_from_bcp': True}
2020-08-10 19:04:51,922 : INFO : EventManager : Event: ======'slide_mission_pinball_created'====== Args={'_from_bcp': True}
2020-08-10 19:04:51,927 : INFO : EventManager : Event: ======'slide_mission_pinball_active'====== Args={'_from_bcp': True}
2020-08-10 19:04:57,909 : INFO : EventManager : Event: ======'slide_GameCard_removed'====== Args={'_from_bcp': True}
2020-08-10 19:04:57,912 : INFO : EventManager : Event: ======'slide_GameCard_created'====== Args={'_from_bcp': True}
2020-08-10 19:04:57,915 : INFO : EventManager : Event: ======'slide_GameCard_active'====== Args={'_from_bcp': True}
2020-08-10 19:05:00,924 : INFO : EventManager : Event: ======'slide_HowTo_removed'====== Args={'_from_bcp': True}
2020-08-10 19:05:00,948 : INFO : EventManager : Event: ======'slide_HowTo_created'====== Args={'_from_bcp': True}
2020-08-10 19:05:00,954 : INFO : EventManager : Event: ======'slide_HowTo_active'====== Args={'_from_bcp': True}
2020-08-10 19:05:08,932 : INFO : EventManager : Event: ======'slide_last_game_score_slide1_removed'====== Args={'_from_bcp': True}
2020-08-10 19:05:09,013 : INFO : EventManager : Event: ======'slide_last_game_score_slide1_created'====== Args={'_from_bcp': True}
2020-08-10 19:05:09,022 : INFO : EventManager : Event: ======'slide_last_game_score_slide1_active'====== Args={'_from_bcp': True}
2020-08-10 19:05:16,915 : INFO : EventManager : Event: ======'slide_show_high_scores_removed'====== Args={'_from_bcp': True}
2020-08-10 19:05:16,931 : INFO : EventManager : Event: ======'slide_show_high_scores_created'====== Args={'_from_bcp': True}
2020-08-10 19:05:16,942 : INFO : EventManager : Event: ======'slide_show_high_scores_active'====== Args={'_from_bcp': True}
2020-08-10 19:05:17,918 : INFO : EventManager : Event: ======'slide_awesome_slide_removed'====== Args={'_from_bcp': True}
2020-08-10 19:05:17,919 : INFO : EventManager : Event: ======'slide_awesome_slide_created'====== Args={'_from_bcp': True}
2020-08-10 19:05:17,922 : INFO : EventManager : Event: ======'slide_awesome_slide_active'====== Args={'_from_bcp': True}
2020-08-10 19:05:20,919 : INFO : EventManager : Event: ======'slide_press_start_removed'====== Args={'_from_bcp': True}
2020-08-10 19:05:20,932 : INFO : EventManager : Event: ======'slide_press_start_created'====== Args={'_from_bcp': True}
2020-08-10 19:05:20,933 : INFO : EventManager : Event: ======'slide_press_start_active'====== Args={'_from_bcp': True}
2020-08-10 19:05:23,909 : INFO : EventManager : Event: ======'slide_mission_pinball_removed'====== Args={'_from_bcp': True}
2020-08-10 19:05:23,919 : INFO : EventManager : Event: ======'slide_mission_pinball_created'====== Args={'_from_bcp': True}
2020-08-10 19:05:23,924 : INFO : EventManager : Event: ======'slide_mission_pinball_active'====== Args={'_from_bcp': True}
2020-08-10 19:05:29,926 : INFO : EventManager : Event: ======'slide_GameCard_removed'====== Args={'_from_bcp': True}
2020-08-10 19:05:29,930 : INFO : EventManager : Event: ======'slide_GameCard_created'====== Args={'_from_bcp': True}
2020-08-10 19:05:29,931 : INFO : EventManager : Event: ======'slide_GameCard_active'====== Args={'_from_bcp': True}
2020-08-10 19:05:32,929 : INFO : EventManager : Event: ======'slide_HowTo_removed'====== Args={'_from_bcp': True}
2020-08-10 19:05:32,953 : INFO : EventManager : Event: ======'slide_HowTo_created'====== Args={'_from_bcp': True}
2020-08-10 19:05:32,960 : INFO : EventManager : Event: ======'slide_HowTo_active'====== Args={'_from_bcp': True}
2020-08-10 19:05:40,927 : INFO : EventManager : Event: ======'slide_last_game_score_slide1_removed'====== Args={'_from_bcp': True}
2020-08-10 19:05:40,947 : INFO : EventManager : Event: ======'slide_last_game_score_slide1_created'====== Args={'_from_bcp': True}
2020-08-10 19:05:40,958 : INFO : EventManager : Event: ======'slide_last_game_score_slide1_active'====== Args={'_from_bcp': True}
2020-08-10 19:05:48,934 : INFO : EventManager : Event: ======'slide_show_high_scores_removed'====== Args={'_from_bcp': True}
2020-08-10 19:05:48,949 : INFO : EventManager : Event: ======'slide_show_high_scores_created'====== Args={'_from_bcp': True}
2020-08-10 19:05:48,957 : INFO : EventManager : Event: ======'slide_show_high_scores_active'====== Args={'_from_bcp': True}
2020-08-10 19:05:49,923 : INFO : EventManager : Event: ======'slide_awesome_slide_removed'====== Args={'_from_bcp': True}
2020-08-10 19:05:49,927 : INFO : EventManager : Event: ======'slide_awesome_slide_created'====== Args={'_from_bcp': True}
2020-08-10 19:05:49,930 : INFO : EventManager : Event: ======'slide_awesome_slide_active'====== Args={'_from_bcp': True}
2020-08-10 19:05:52,913 : INFO : EventManager : Event: ======'slide_press_start_removed'====== Args={'_from_bcp': True}
2020-08-10 19:05:52,922 : INFO : EventManager : Event: ======'slide_press_start_created'====== Args={'_from_bcp': True}
2020-08-10 19:05:52,926 : INFO : EventManager : Event: ======'slide_press_start_active'====== Args={'_from_bcp': True}
2020-08-10 19:05:55,912 : INFO : EventManager : Event: ======'slide_mission_pinball_removed'====== Args={'_from_bcp': True}
2020-08-10 19:05:55,920 : INFO : EventManager : Event: ======'slide_mission_pinball_created'====== Args={'_from_bcp': True}
2020-08-10 19:05:55,924 : INFO : EventManager : Event: ======'slide_mission_pinball_active'====== Args={'_from_bcp': True}
2020-08-10 19:06:01,930 : INFO : EventManager : Event: ======'slide_GameCard_removed'====== Args={'_from_bcp': True}
2020-08-10 19:06:01,934 : INFO : EventManager : Event: ======'slide_GameCard_created'====== Args={'_from_bcp': True}
2020-08-10 19:06:01,936 : INFO : EventManager : Event: ======'slide_GameCard_active'====== Args={'_from_bcp': True}
2020-08-10 19:06:04,922 : INFO : EventManager : Event: ======'slide_HowTo_removed'====== Args={'_from_bcp': True}
2020-08-10 19:06:04,943 : INFO : EventManager : Event: ======'slide_HowTo_created'====== Args={'_from_bcp': True}
2020-08-10 19:06:04,949 : INFO : EventManager : Event: ======'slide_HowTo_active'====== Args={'_from_bcp': True}
2020-08-10 19:06:12,924 : INFO : EventManager : Event: ======'slide_last_game_score_slide1_removed'====== Args={'_from_bcp': True}
2020-08-10 19:06:12,945 : INFO : EventManager : Event: ======'slide_last_game_score_slide1_created'====== Args={'_from_bcp': True}
2020-08-10 19:06:12,953 : INFO : EventManager : Event: ======'slide_last_game_score_slide1_active'====== Args={'_from_bcp': True}
2020-08-10 19:06:20,925 : INFO : EventManager : Event: ======'slide_show_high_scores_removed'====== Args={'_from_bcp': True}
2020-08-10 19:06:20,937 : INFO : EventManager : Event: ======'slide_show_high_scores_created'====== Args={'_from_bcp': True}
2020-08-10 19:06:20,945 : INFO : EventManager : Event: ======'slide_show_high_scores_active'====== Args={'_from_bcp': True}
2020-08-10 19:06:21,919 : INFO : EventManager : Event: ======'slide_awesome_slide_removed'====== Args={'_from_bcp': True}
2020-08-10 19:06:21,922 : INFO : EventManager : Event: ======'slide_awesome_slide_created'====== Args={'_from_bcp': True}
2020-08-10 19:06:21,925 : INFO : EventManager : Event: ======'slide_awesome_slide_active'====== Args={'_from_bcp': True}
2020-08-10 19:06:24,925 : INFO : EventManager : Event: ======'slide_press_start_removed'====== Args={'_from_bcp': True}
2020-08-10 19:06:24,926 : INFO : EventManager : Event: ======'slide_press_start_created'====== Args={'_from_bcp': True}
2020-08-10 19:06:24,929 : INFO : EventManager : Event: ======'slide_press_start_active'====== Args={'_from_bcp': True}
2020-08-10 19:06:27,920 : INFO : EventManager : Event: ======'slide_mission_pinball_removed'====== Args={'_from_bcp': True}
2020-08-10 19:06:27,928 : INFO : EventManager : Event: ======'slide_mission_pinball_created'====== Args={'_from_bcp': True}
2020-08-10 19:06:27,933 : INFO : EventManager : Event: ======'slide_mission_pinball_active'====== Args={'_from_bcp': True}
2020-08-10 19:06:33,913 : INFO : EventManager : Event: ======'slide_GameCard_removed'====== Args={'_from_bcp': True}
2020-08-10 19:06:33,917 : INFO : EventManager : Event: ======'slide_GameCard_created'====== Args={'_from_bcp': True}
2020-08-10 19:06:33,918 : INFO : EventManager : Event: ======'slide_GameCard_active'====== Args={'_from_bcp': True}
2020-08-10 19:06:36,931 : INFO : EventManager : Event: ======'slide_HowTo_removed'====== Args={'_from_bcp': True}
2020-08-10 19:06:36,953 : INFO : EventManager : Event: ======'slide_HowTo_created'====== Args={'_from_bcp': True}
2020-08-10 19:06:36,959 : INFO : EventManager : Event: ======'slide_HowTo_active'====== Args={'_from_bcp': True}
2020-08-10 19:06:44,908 : INFO : EventManager : Event: ======'slide_last_game_score_slide1_removed'====== Args={'_from_bcp': True}
2020-08-10 19:06:44,929 : INFO : EventManager : Event: ======'slide_last_game_score_slide1_created'====== Args={'_from_bcp': True}
2020-08-10 19:06:44,937 : INFO : EventManager : Event: ======'slide_last_game_score_slide1_active'====== Args={'_from_bcp': True}
2020-08-10 19:06:52,914 : INFO : EventManager : Event: ======'slide_show_high_scores_removed'====== Args={'_from_bcp': True}
2020-08-10 19:06:52,930 : INFO : EventManager : Event: ======'slide_show_high_scores_created'====== Args={'_from_bcp': True}
2020-08-10 19:06:52,941 : INFO : EventManager : Event: ======'slide_show_high_scores_active'====== Args={'_from_bcp': True}
2020-08-10 19:06:53,919 : INFO : EventManager : Event: ======'slide_awesome_slide_removed'====== Args={'_from_bcp': True}
2020-08-10 19:06:53,921 : INFO : EventManager : Event: ======'slide_awesome_slide_created'====== Args={'_from_bcp': True}
2020-08-10 19:06:53,924 : INFO : EventManager : Event: ======'slide_awesome_slide_active'====== Args={'_from_bcp': True}
2020-08-10 19:06:56,918 : INFO : EventManager : Event: ======'slide_press_start_removed'====== Args={'_from_bcp': True}
2020-08-10 19:06:56,932 : INFO : EventManager : Event: ======'slide_press_start_created'====== Args={'_from_bcp': True}
2020-08-10 19:06:56,932 : INFO : EventManager : Event: ======'slide_press_start_active'====== Args={'_from_bcp': True}
2020-08-10 19:06:59,911 : INFO : EventManager : Event: ======'slide_mission_pinball_removed'====== Args={'_from_bcp': True}
2020-08-10 19:06:59,929 : INFO : EventManager : Event: ======'slide_mission_pinball_created'====== Args={'_from_bcp': True}
2020-08-10 19:06:59,929 : INFO : EventManager : Event: ======'slide_mission_pinball_active'====== Args={'_from_bcp': True}
2020-08-10 19:07:05,926 : INFO : EventManager : Event: ======'slide_GameCard_removed'====== Args={'_from_bcp': True}
2020-08-10 19:07:05,929 : INFO : EventManager : Event: ======'slide_GameCard_created'====== Args={'_from_bcp': True}
2020-08-10 19:07:05,932 : INFO : EventManager : Event: ======'slide_GameCard_active'====== Args={'_from_bcp': True}
2020-08-10 19:07:08,927 : INFO : EventManager : Event: ======'slide_HowTo_removed'====== Args={'_from_bcp': True}
2020-08-10 19:07:09,009 : INFO : EventManager : Event: ======'slide_HowTo_created'====== Args={'_from_bcp': True}
2020-08-10 19:07:09,017 : INFO : EventManager : Event: ======'slide_HowTo_active'====== Args={'_from_bcp': True}
2020-08-10 19:07:16,927 : INFO : EventManager : Event: ======'slide_last_game_score_slide1_removed'====== Args={'_from_bcp': True}
2020-08-10 19:07:16,944 : INFO : EventManager : Event: ======'slide_last_game_score_slide1_created'====== Args={'_from_bcp': True}
2020-08-10 19:07:16,952 : INFO : EventManager : Event: ======'slide_last_game_score_slide1_active'====== Args={'_from_bcp': True}
2020-08-10 19:07:24,915 : INFO : EventManager : Event: ======'slide_show_high_scores_removed'====== Args={'_from_bcp': True}
2020-08-10 19:07:24,927 : INFO : EventManager : Event: ======'slide_show_high_scores_created'====== Args={'_from_bcp': True}
2020-08-10 19:07:24,934 : INFO : EventManager : Event: ======'slide_show_high_scores_active'====== Args={'_from_bcp': True}
2020-08-10 19:07:25,923 : INFO : EventManager : Event: ======'slide_awesome_slide_removed'====== Args={'_from_bcp': True}
2020-08-10 19:07:25,927 : INFO : EventManager : Event: ======'slide_awesome_slide_created'====== Args={'_from_bcp': True}
2020-08-10 19:07:25,928 : INFO : EventManager : Event: ======'slide_awesome_slide_active'====== Args={'_from_bcp': True}
2020-08-10 19:07:28,916 : INFO : EventManager : Event: ======'slide_press_start_removed'====== Args={'_from_bcp': True}
2020-08-10 19:07:28,923 : INFO : EventManager : Event: ======'slide_press_start_created'====== Args={'_from_bcp': True}
2020-08-10 19:07:28,928 : INFO : EventManager : Event: ======'slide_press_start_active'====== Args={'_from_bcp': True}
2020-08-10 19:07:31,920 : INFO : EventManager : Event: ======'slide_mission_pinball_removed'====== Args={'_from_bcp': True}
2020-08-10 19:07:31,938 : INFO : EventManager : Event: ======'slide_mission_pinball_created'====== Args={'_from_bcp': True}
2020-08-10 19:07:31,939 : INFO : EventManager : Event: ======'slide_mission_pinball_active'====== Args={'_from_bcp': True}
2020-08-10 19:07:37,921 : INFO : EventManager : Event: ======'slide_GameCard_removed'====== Args={'_from_bcp': True}
2020-08-10 19:07:37,925 : INFO : EventManager : Event: ======'slide_GameCard_created'====== Args={'_from_bcp': True}
2020-08-10 19:07:37,927 : INFO : EventManager : Event: ======'slide_GameCard_active'====== Args={'_from_bcp': True}
2020-08-10 19:07:40,913 : INFO : EventManager : Event: ======'slide_HowTo_removed'====== Args={'_from_bcp': True}
2020-08-10 19:07:40,937 : INFO : EventManager : Event: ======'slide_HowTo_created'====== Args={'_from_bcp': True}
2020-08-10 19:07:40,943 : INFO : EventManager : Event: ======'slide_HowTo_active'====== Args={'_from_bcp': True}
2020-08-10 19:07:48,916 : INFO : EventManager : Event: ======'slide_last_game_score_slide1_removed'====== Args={'_from_bcp': True}
2020-08-10 19:07:48,937 : INFO : EventManager : Event: ======'slide_last_game_score_slide1_created'====== Args={'_from_bcp': True}
2020-08-10 19:07:48,947 : INFO : EventManager : Event: ======'slide_last_game_score_slide1_active'====== Args={'_from_bcp': True}
2020-08-10 19:07:56,915 : INFO : EventManager : Event: ======'slide_show_high_scores_removed'====== Args={'_from_bcp': True}
2020-08-10 19:07:56,931 : INFO : EventManager : Event: ======'slide_show_high_scores_created'====== Args={'_from_bcp': True}
2020-08-10 19:07:56,939 : INFO : EventManager : Event: ======'slide_show_high_scores_active'====== Args={'_from_bcp': True}
2020-08-10 19:07:57,926 : INFO : EventManager : Event: ======'slide_awesome_slide_removed'====== Args={'_from_bcp': True}
2020-08-10 19:07:57,927 : INFO : EventManager : Event: ======'slide_awesome_slide_created'====== Args={'_from_bcp': True}
2020-08-10 19:07:57,929 : INFO : EventManager : Event: ======'slide_awesome_slide_active'====== Args={'_from_bcp': True}
2020-08-10 19:08:00,931 : INFO : EventManager : Event: ======'slide_press_start_removed'====== Args={'_from_bcp': True}
2020-08-10 19:08:00,932 : INFO : EventManager : Event: ======'slide_press_start_created'====== Args={'_from_bcp': True}
2020-08-10 19:08:00,933 : INFO : EventManager : Event: ======'slide_press_start_active'====== Args={'_from_bcp': True}
2020-08-10 19:08:03,925 : INFO : EventManager : Event: ======'slide_mission_pinball_removed'====== Args={'_from_bcp': True}
2020-08-10 19:08:03,926 : INFO : EventManager : Event: ======'slide_mission_pinball_created'====== Args={'_from_bcp': True}
2020-08-10 19:08:03,927 : INFO : EventManager : Event: ======'slide_mission_pinball_active'====== Args={'_from_bcp': True}
2020-08-10 19:08:09,911 : INFO : EventManager : Event: ======'slide_GameCard_removed'====== Args={'_from_bcp': True}
2020-08-10 19:08:09,915 : INFO : EventManager : Event: ======'slide_GameCard_created'====== Args={'_from_bcp': True}
2020-08-10 19:08:09,917 : INFO : EventManager : Event: ======'slide_GameCard_active'====== Args={'_from_bcp': True}
2020-08-10 19:08:12,922 : INFO : EventManager : Event: ======'slide_HowTo_removed'====== Args={'_from_bcp': True}
2020-08-10 19:08:12,958 : INFO : EventManager : Event: ======'slide_HowTo_created'====== Args={'_from_bcp': True}
2020-08-10 19:08:12,959 : INFO : EventManager : Event: ======'slide_HowTo_active'====== Args={'_from_bcp': True}
2020-08-10 19:08:20,927 : INFO : EventManager : Event: ======'slide_last_game_score_slide1_removed'====== Args={'_from_bcp': True}
2020-08-10 19:08:20,938 : INFO : EventManager : Event: ======'slide_last_game_score_slide1_created'====== Args={'_from_bcp': True}
2020-08-10 19:08:20,945 : INFO : EventManager : Event: ======'slide_last_game_score_slide1_active'====== Args={'_from_bcp': True}
2020-08-10 19:08:28,915 : INFO : EventManager : Event: ======'slide_show_high_scores_removed'====== Args={'_from_bcp': True}
2020-08-10 19:08:28,945 : INFO : EventManager : Event: ======'slide_show_high_scores_created'====== Args={'_from_bcp': True}
2020-08-10 19:08:28,945 : INFO : EventManager : Event: ======'slide_show_high_scores_active'====== Args={'_from_bcp': True}
2020-08-10 19:08:29,914 : INFO : EventManager : Event: ======'slide_awesome_slide_removed'====== Args={'_from_bcp': True}
2020-08-10 19:08:29,918 : INFO : EventManager : Event: ======'slide_awesome_slide_created'====== Args={'_from_bcp': True}
2020-08-10 19:08:29,921 : INFO : EventManager : Event: ======'slide_awesome_slide_active'====== Args={'_from_bcp': True}
2020-08-10 19:08:32,918 : INFO : EventManager : Event: ======'slide_press_start_removed'====== Args={'_from_bcp': True}
2020-08-10 19:08:32,925 : INFO : EventManager : Event: ======'slide_press_start_created'====== Args={'_from_bcp': True}
2020-08-10 19:08:32,930 : INFO : EventManager : Event: ======'slide_press_start_active'====== Args={'_from_bcp': True}
2020-08-10 19:08:35,940 : INFO : EventManager : Event: ======'slide_mission_pinball_removed'====== Args={'_from_bcp': True}
2020-08-10 19:08:35,947 : INFO : EventManager : Event: ======'slide_mission_pinball_created'====== Args={'_from_bcp': True}
2020-08-10 19:08:35,958 : INFO : EventManager : Event: ======'slide_mission_pinball_active'====== Args={'_from_bcp': True}
2020-08-10 19:08:41,921 : INFO : EventManager : Event: ======'slide_GameCard_removed'====== Args={'_from_bcp': True}
2020-08-10 19:08:41,925 : INFO : EventManager : Event: ======'slide_GameCard_created'====== Args={'_from_bcp': True}
2020-08-10 19:08:41,927 : INFO : EventManager : Event: ======'slide_GameCard_active'====== Args={'_from_bcp': True}
2020-08-10 19:08:44,923 : INFO : EventManager : Event: ======'slide_HowTo_removed'====== Args={'_from_bcp': True}
2020-08-10 19:08:44,947 : INFO : EventManager : Event: ======'slide_HowTo_created'====== Args={'_from_bcp': True}
2020-08-10 19:08:44,956 : INFO : EventManager : Event: ======'slide_HowTo_active'====== Args={'_from_bcp': True}
2020-08-10 19:08:52,909 : INFO : EventManager : Event: ======'slide_last_game_score_slide1_removed'====== Args={'_from_bcp': True}
2020-08-10 19:08:52,928 : INFO : EventManager : Event: ======'slide_last_game_score_slide1_created'====== Args={'_from_bcp': True}
2020-08-10 19:08:52,939 : INFO : EventManager : Event: ======'slide_last_game_score_slide1_active'====== Args={'_from_bcp': True}
2020-08-10 19:09:00,918 : INFO : EventManager : Event: ======'slide_show_high_scores_removed'====== Args={'_from_bcp': True}
2020-08-10 19:09:00,997 : INFO : EventManager : Event: ======'slide_show_high_scores_created'====== Args={'_from_bcp': True}
2020-08-10 19:09:01,009 : INFO : EventManager : Event: ======'slide_show_high_scores_active'====== Args={'_from_bcp': True}
2020-08-10 19:09:01,902 : INFO : EventManager : Event: ======'slide_awesome_slide_removed'====== Args={'_from_bcp': True}
2020-08-10 19:09:01,906 : INFO : EventManager : Event: ======'slide_awesome_slide_created'====== Args={'_from_bcp': True}
2020-08-10 19:09:01,908 : INFO : EventManager : Event: ======'slide_awesome_slide_active'====== Args={'_from_bcp': True}
2020-08-10 19:09:04,922 : INFO : EventManager : Event: ======'slide_press_start_removed'====== Args={'_from_bcp': True}
2020-08-10 19:09:04,929 : INFO : EventManager : Event: ======'slide_press_start_created'====== Args={'_from_bcp': True}
2020-08-10 19:09:04,933 : INFO : EventManager : Event: ======'slide_press_start_active'====== Args={'_from_bcp': True}
2020-08-10 19:09:07,916 : INFO : EventManager : Event: ======'slide_mission_pinball_removed'====== Args={'_from_bcp': True}
2020-08-10 19:09:07,921 : INFO : EventManager : Event: ======'slide_mission_pinball_created'====== Args={'_from_bcp': True}
2020-08-10 19:09:07,926 : INFO : EventManager : Event: ======'slide_mission_pinball_active'====== Args={'_from_bcp': True}
2020-08-10 19:09:13,927 : INFO : EventManager : Event: ======'slide_GameCard_removed'====== Args={'_from_bcp': True}
2020-08-10 19:09:13,929 : INFO : EventManager : Event: ======'slide_GameCard_created'====== Args={'_from_bcp': True}
2020-08-10 19:09:13,931 : INFO : EventManager : Event: ======'slide_GameCard_active'====== Args={'_from_bcp': True}
2020-08-10 19:09:16,934 : INFO : EventManager : Event: ======'slide_HowTo_removed'====== Args={'_from_bcp': True}
2020-08-10 19:09:16,948 : INFO : EventManager : Event: ======'slide_HowTo_created'====== Args={'_from_bcp': True}
2020-08-10 19:09:16,960 : INFO : EventManager : Event: ======'slide_HowTo_active'====== Args={'_from_bcp': True}
2020-08-10 19:09:24,922 : INFO : EventManager : Event: ======'slide_last_game_score_slide1_removed'====== Args={'_from_bcp': True}
2020-08-10 19:09:24,943 : INFO : EventManager : Event: ======'slide_last_game_score_slide1_created'====== Args={'_from_bcp': True}
2020-08-10 19:09:24,953 : INFO : EventManager : Event: ======'slide_last_game_score_slide1_active'====== Args={'_from_bcp': True}
2020-08-10 19:09:32,922 : INFO : EventManager : Event: ======'slide_show_high_scores_removed'====== Args={'_from_bcp': True}
2020-08-10 19:09:32,941 : INFO : EventManager : Event: ======'slide_show_high_scores_created'====== Args={'_from_bcp': True}
2020-08-10 19:09:32,953 : INFO : EventManager : Event: ======'slide_show_high_scores_active'====== Args={'_from_bcp': True}
2020-08-10 19:09:33,936 : INFO : EventManager : Event: ======'slide_awesome_slide_removed'====== Args={'_from_bcp': True}
2020-08-10 19:09:33,940 : INFO : EventManager : Event: ======'slide_awesome_slide_created'====== Args={'_from_bcp': True}
2020-08-10 19:09:33,943 : INFO : EventManager : Event: ======'slide_awesome_slide_active'====== Args={'_from_bcp': True}
2020-08-10 19:09:36,934 : INFO : EventManager : Event: ======'slide_press_start_removed'====== Args={'_from_bcp': True}
2020-08-10 19:09:36,936 : INFO : EventManager : Event: ======'slide_press_start_created'====== Args={'_from_bcp': True}
2020-08-10 19:09:36,936 : INFO : EventManager : Event: ======'slide_press_start_active'====== Args={'_from_bcp': True}
2020-08-10 19:09:39,924 : INFO : EventManager : Event: ======'slide_mission_pinball_removed'====== Args={'_from_bcp': True}
2020-08-10 19:09:39,925 : INFO : EventManager : Event: ======'slide_mission_pinball_created'====== Args={'_from_bcp': True}
2020-08-10 19:09:39,928 : INFO : EventManager : Event: ======'slide_mission_pinball_active'====== Args={'_from_bcp': True}
2020-08-10 19:09:45,910 : INFO : EventManager : Event: ======'slide_GameCard_removed'====== Args={'_from_bcp': True}
2020-08-10 19:09:45,914 : INFO : EventManager : Event: ======'slide_GameCard_created'====== Args={'_from_bcp': True}
2020-08-10 19:09:45,915 : INFO : EventManager : Event: ======'slide_GameCard_active'====== Args={'_from_bcp': True}
2020-08-10 19:09:48,927 : INFO : EventManager : Event: ======'slide_HowTo_removed'====== Args={'_from_bcp': True}
2020-08-10 19:09:48,951 : INFO : EventManager : Event: ======'slide_HowTo_created'====== Args={'_from_bcp': True}
2020-08-10 19:09:48,956 : INFO : EventManager : Event: ======'slide_HowTo_active'====== Args={'_from_bcp': True}
2020-08-10 19:09:56,915 : INFO : EventManager : Event: ======'slide_last_game_score_slide1_removed'====== Args={'_from_bcp': True}
2020-08-10 19:09:56,931 : INFO : EventManager : Event: ======'slide_last_game_score_slide1_created'====== Args={'_from_bcp': True}
2020-08-10 19:09:56,938 : INFO : EventManager : Event: ======'slide_last_game_score_slide1_active'====== Args={'_from_bcp': True}
2020-08-10 19:10:04,916 : INFO : EventManager : Event: ======'slide_show_high_scores_removed'====== Args={'_from_bcp': True}
2020-08-10 19:10:04,934 : INFO : EventManager : Event: ======'slide_show_high_scores_created'====== Args={'_from_bcp': True}
2020-08-10 19:10:04,943 : INFO : EventManager : Event: ======'slide_show_high_scores_active'====== Args={'_from_bcp': True}
2020-08-10 19:10:05,929 : INFO : EventManager : Event: ======'slide_awesome_slide_removed'====== Args={'_from_bcp': True}
2020-08-10 19:10:05,933 : INFO : EventManager : Event: ======'slide_awesome_slide_created'====== Args={'_from_bcp': True}
2020-08-10 19:10:05,936 : INFO : EventManager : Event: ======'slide_awesome_slide_active'====== Args={'_from_bcp': True}
2020-08-10 19:10:08,907 : INFO : EventManager : Event: ======'slide_press_start_removed'====== Args={'_from_bcp': True}
2020-08-10 19:10:08,909 : INFO : EventManager : Event: ======'slide_press_start_created'====== Args={'_from_bcp': True}
2020-08-10 19:10:08,913 : INFO : EventManager : Event: ======'slide_press_start_active'====== Args={'_from_bcp': True}
2020-08-10 19:10:11,944 : INFO : EventManager : Event: ======'slide_mission_pinball_removed'====== Args={'_from_bcp': True}
2020-08-10 19:10:11,945 : INFO : EventManager : Event: ======'slide_mission_pinball_created'====== Args={'_from_bcp': True}
2020-08-10 19:10:11,947 : INFO : EventManager : Event: ======'slide_mission_pinball_active'====== Args={'_from_bcp': True}
2020-08-10 19:10:17,918 : INFO : EventManager : Event: ======'slide_GameCard_removed'====== Args={'_from_bcp': True}
2020-08-10 19:10:17,922 : INFO : EventManager : Event: ======'slide_GameCard_created'====== Args={'_from_bcp': True}
2020-08-10 19:10:17,924 : INFO : EventManager : Event: ======'slide_GameCard_active'====== Args={'_from_bcp': True}
2020-08-10 19:10:20,910 : INFO : EventManager : Event: ======'slide_HowTo_removed'====== Args={'_from_bcp': True}
2020-08-10 19:10:20,932 : INFO : EventManager : Event: ======'slide_HowTo_created'====== Args={'_from_bcp': True}
2020-08-10 19:10:20,938 : INFO : EventManager : Event: ======'slide_HowTo_active'====== Args={'_from_bcp': True}
2020-08-10 19:10:28,923 : INFO : EventManager : Event: ======'slide_last_game_score_slide1_removed'====== Args={'_from_bcp': True}
2020-08-10 19:10:28,942 : INFO : EventManager : Event: ======'slide_last_game_score_slide1_created'====== Args={'_from_bcp': True}
2020-08-10 19:10:28,951 : INFO : EventManager : Event: ======'slide_last_game_score_slide1_active'====== Args={'_from_bcp': True}
2020-08-10 19:10:36,920 : INFO : EventManager : Event: ======'slide_show_high_scores_removed'====== Args={'_from_bcp': True}
2020-08-10 19:10:36,938 : INFO : EventManager : Event: ======'slide_show_high_scores_created'====== Args={'_from_bcp': True}
2020-08-10 19:10:36,949 : INFO : EventManager : Event: ======'slide_show_high_scores_active'====== Args={'_from_bcp': True}
2020-08-10 19:10:37,929 : INFO : EventManager : Event: ======'slide_awesome_slide_removed'====== Args={'_from_bcp': True}
2020-08-10 19:10:37,929 : INFO : EventManager : Event: ======'slide_awesome_slide_created'====== Args={'_from_bcp': True}
2020-08-10 19:10:37,930 : INFO : EventManager : Event: ======'slide_awesome_slide_active'====== Args={'_from_bcp': True}
2020-08-10 19:10:40,919 : INFO : EventManager : Event: ======'slide_press_start_removed'====== Args={'_from_bcp': True}
2020-08-10 19:10:40,924 : INFO : EventManager : Event: ======'slide_press_start_created'====== Args={'_from_bcp': True}
2020-08-10 19:10:40,928 : INFO : EventManager : Event: ======'slide_press_start_active'====== Args={'_from_bcp': True}
2020-08-10 19:10:43,919 : INFO : EventManager : Event: ======'slide_mission_pinball_removed'====== Args={'_from_bcp': True}
2020-08-10 19:10:43,927 : INFO : EventManager : Event: ======'slide_mission_pinball_created'====== Args={'_from_bcp': True}
2020-08-10 19:10:43,932 : INFO : EventManager : Event: ======'slide_mission_pinball_active'====== Args={'_from_bcp': True}
2020-08-10 19:10:49,918 : INFO : EventManager : Event: ======'slide_GameCard_removed'====== Args={'_from_bcp': True}
2020-08-10 19:10:49,922 : INFO : EventManager : Event: ======'slide_GameCard_created'====== Args={'_from_bcp': True}
2020-08-10 19:10:49,923 : INFO : EventManager : Event: ======'slide_GameCard_active'====== Args={'_from_bcp': True}
2020-08-10 19:10:52,923 : INFO : EventManager : Event: ======'slide_HowTo_removed'====== Args={'_from_bcp': True}
2020-08-10 19:10:53,005 : INFO : EventManager : Event: ======'slide_HowTo_created'====== Args={'_from_bcp': True}
2020-08-10 19:10:53,014 : INFO : EventManager : Event: ======'slide_HowTo_active'====== Args={'_from_bcp': True}
2020-08-10 19:11:00,931 : INFO : EventManager : Event: ======'slide_last_game_score_slide1_removed'====== Args={'_from_bcp': True}
2020-08-10 19:11:00,951 : INFO : EventManager : Event: ======'slide_last_game_score_slide1_created'====== Args={'_from_bcp': True}
2020-08-10 19:11:00,959 : INFO : EventManager : Event: ======'slide_last_game_score_slide1_active'====== Args={'_from_bcp': True}
2020-08-10 19:11:08,906 : INFO : EventManager : Event: ======'slide_show_high_scores_removed'====== Args={'_from_bcp': True}
2020-08-10 19:11:08,922 : INFO : EventManager : Event: ======'slide_show_high_scores_created'====== Args={'_from_bcp': True}
2020-08-10 19:11:08,931 : INFO : EventManager : Event: ======'slide_show_high_scores_active'====== Args={'_from_bcp': True}
2020-08-10 19:11:09,915 : INFO : EventManager : Event: ======'slide_awesome_slide_removed'====== Args={'_from_bcp': True}
2020-08-10 19:11:09,918 : INFO : EventManager : Event: ======'slide_awesome_slide_created'====== Args={'_from_bcp': True}
2020-08-10 19:11:09,920 : INFO : EventManager : Event: ======'slide_awesome_slide_active'====== Args={'_from_bcp': True}
2020-08-10 19:11:12,934 : INFO : EventManager : Event: ======'slide_press_start_removed'====== Args={'_from_bcp': True}
2020-08-10 19:11:12,942 : INFO : EventManager : Event: ======'slide_press_start_created'====== Args={'_from_bcp': True}
2020-08-10 19:11:12,946 : INFO : EventManager : Event: ======'slide_press_start_active'====== Args={'_from_bcp': True}
2020-08-10 19:11:15,927 : INFO : EventManager : Event: ======'slide_mission_pinball_removed'====== Args={'_from_bcp': True}
2020-08-10 19:11:15,936 : INFO : EventManager : Event: ======'slide_mission_pinball_created'====== Args={'_from_bcp': True}
2020-08-10 19:11:15,940 : INFO : EventManager : Event: ======'slide_mission_pinball_active'====== Args={'_from_bcp': True}
2020-08-10 19:11:21,933 : INFO : EventManager : Event: ======'slide_GameCard_removed'====== Args={'_from_bcp': True}
2020-08-10 19:11:21,937 : INFO : EventManager : Event: ======'slide_GameCard_created'====== Args={'_from_bcp': True}
2020-08-10 19:11:21,939 : INFO : EventManager : Event: ======'slide_GameCard_active'====== Args={'_from_bcp': True}
2020-08-10 19:11:24,923 : INFO : EventManager : Event: ======'slide_HowTo_removed'====== Args={'_from_bcp': True}
2020-08-10 19:11:24,946 : INFO : EventManager : Event: ======'slide_HowTo_created'====== Args={'_from_bcp': True}
2020-08-10 19:11:24,953 : INFO : EventManager : Event: ======'slide_HowTo_active'====== Args={'_from_bcp': True}
2020-08-10 19:11:32,922 : INFO : EventManager : Event: ======'slide_last_game_score_slide1_removed'====== Args={'_from_bcp': True}
2020-08-10 19:11:32,943 : INFO : EventManager : Event: ======'slide_last_game_score_slide1_created'====== Args={'_from_bcp': True}
2020-08-10 19:11:32,954 : INFO : EventManager : Event: ======'slide_last_game_score_slide1_active'====== Args={'_from_bcp': True}
2020-08-10 19:11:40,930 : INFO : EventManager : Event: ======'slide_show_high_scores_removed'====== Args={'_from_bcp': True}
2020-08-10 19:11:40,946 : INFO : EventManager : Event: ======'slide_show_high_scores_created'====== Args={'_from_bcp': True}
2020-08-10 19:11:40,959 : INFO : EventManager : Event: ======'slide_show_high_scores_active'====== Args={'_from_bcp': True}
2020-08-10 19:11:41,917 : INFO : EventManager : Event: ======'slide_awesome_slide_removed'====== Args={'_from_bcp': True}
2020-08-10 19:11:41,918 : INFO : EventManager : Event: ======'slide_awesome_slide_created'====== Args={'_from_bcp': True}
2020-08-10 19:11:41,920 : INFO : EventManager : Event: ======'slide_awesome_slide_active'====== Args={'_from_bcp': True}
2020-08-10 19:11:44,919 : INFO : EventManager : Event: ======'slide_press_start_removed'====== Args={'_from_bcp': True}
2020-08-10 19:11:44,920 : INFO : EventManager : Event: ======'slide_press_start_created'====== Args={'_from_bcp': True}
2020-08-10 19:11:44,921 : INFO : EventManager : Event: ======'slide_press_start_active'====== Args={'_from_bcp': True}
2020-08-10 19:11:47,919 : INFO : EventManager : Event: ======'slide_mission_pinball_removed'====== Args={'_from_bcp': True}
2020-08-10 19:11:47,934 : INFO : EventManager : Event: ======'slide_mission_pinball_created'====== Args={'_from_bcp': True}
2020-08-10 19:11:47,935 : INFO : EventManager : Event: ======'slide_mission_pinball_active'====== Args={'_from_bcp': True}
2020-08-10 19:11:53,909 : INFO : EventManager : Event: ======'slide_GameCard_removed'====== Args={'_from_bcp': True}
2020-08-10 19:11:53,913 : INFO : EventManager : Event: ======'slide_GameCard_created'====== Args={'_from_bcp': True}
2020-08-10 19:11:53,915 : INFO : EventManager : Event: ======'slide_GameCard_active'====== Args={'_from_bcp': True}
2020-08-10 19:11:56,922 : INFO : EventManager : Event: ======'slide_HowTo_removed'====== Args={'_from_bcp': True}
2020-08-10 19:11:56,946 : INFO : EventManager : Event: ======'slide_HowTo_created'====== Args={'_from_bcp': True}
2020-08-10 19:11:56,955 : INFO : EventManager : Event: ======'slide_HowTo_active'====== Args={'_from_bcp': True}
2020-08-10 19:12:04,921 : INFO : EventManager : Event: ======'slide_last_game_score_slide1_removed'====== Args={'_from_bcp': True}
2020-08-10 19:12:04,941 : INFO : EventManager : Event: ======'slide_last_game_score_slide1_created'====== Args={'_from_bcp': True}
2020-08-10 19:12:04,949 : INFO : EventManager : Event: ======'slide_last_game_score_slide1_active'====== Args={'_from_bcp': True}
2020-08-10 19:12:12,922 : INFO : EventManager : Event: ======'slide_show_high_scores_removed'====== Args={'_from_bcp': True}
2020-08-10 19:12:12,940 : INFO : EventManager : Event: ======'slide_show_high_scores_created'====== Args={'_from_bcp': True}
2020-08-10 19:12:12,953 : INFO : EventManager : Event: ======'slide_show_high_scores_active'====== Args={'_from_bcp': True}
2020-08-10 19:12:13,928 : INFO : EventManager : Event: ======'slide_awesome_slide_removed'====== Args={'_from_bcp': True}
2020-08-10 19:12:13,929 : INFO : EventManager : Event: ======'slide_awesome_slide_created'====== Args={'_from_bcp': True}
2020-08-10 19:12:13,930 : INFO : EventManager : Event: ======'slide_awesome_slide_active'====== Args={'_from_bcp': True}
2020-08-10 19:12:16,927 : INFO : EventManager : Event: ======'slide_press_start_removed'====== Args={'_from_bcp': True}
2020-08-10 19:12:16,928 : INFO : EventManager : Event: ======'slide_press_start_created'====== Args={'_from_bcp': True}
2020-08-10 19:12:16,929 : INFO : EventManager : Event: ======'slide_press_start_active'====== Args={'_from_bcp': True}
2020-08-10 19:12:19,926 : INFO : EventManager : Event: ======'slide_mission_pinball_removed'====== Args={'_from_bcp': True}
2020-08-10 19:12:19,935 : INFO : EventManager : Event: ======'slide_mission_pinball_created'====== Args={'_from_bcp': True}
2020-08-10 19:12:19,954 : INFO : EventManager : Event: ======'slide_mission_pinball_active'====== Args={'_from_bcp': True}
2020-08-10 19:12:25,907 : INFO : EventManager : Event: ======'slide_GameCard_removed'====== Args={'_from_bcp': True}
2020-08-10 19:12:25,908 : INFO : EventManager : Event: ======'slide_GameCard_created'====== Args={'_from_bcp': True}
2020-08-10 19:12:25,908 : INFO : EventManager : Event: ======'slide_GameCard_active'====== Args={'_from_bcp': True}
2020-08-10 19:12:28,935 : INFO : EventManager : Event: ======'slide_HowTo_removed'====== Args={'_from_bcp': True}
2020-08-10 19:12:28,951 : INFO : EventManager : Event: ======'slide_HowTo_created'====== Args={'_from_bcp': True}
2020-08-10 19:12:28,957 : INFO : EventManager : Event: ======'slide_HowTo_active'====== Args={'_from_bcp': True}
2020-08-10 19:12:36,927 : INFO : EventManager : Event: ======'slide_last_game_score_slide1_removed'====== Args={'_from_bcp': True}
2020-08-10 19:12:36,950 : INFO : EventManager : Event: ======'slide_last_game_score_slide1_created'====== Args={'_from_bcp': True}
2020-08-10 19:12:36,955 : INFO : EventManager : Event: ======'slide_last_game_score_slide1_active'====== Args={'_from_bcp': True}
2020-08-10 19:12:44,925 : INFO : EventManager : Event: ======'slide_show_high_scores_removed'====== Args={'_from_bcp': True}
2020-08-10 19:12:44,943 : INFO : EventManager : Event: ======'slide_show_high_scores_created'====== Args={'_from_bcp': True}
2020-08-10 19:12:45,022 : INFO : EventManager : Event: ======'slide_show_high_scores_active'====== Args={'_from_bcp': True}
2020-08-10 19:12:45,922 : INFO : EventManager : Event: ======'slide_awesome_slide_removed'====== Args={'_from_bcp': True}
2020-08-10 19:12:45,926 : INFO : EventManager : Event: ======'slide_awesome_slide_created'====== Args={'_from_bcp': True}
2020-08-10 19:12:45,928 : INFO : EventManager : Event: ======'slide_awesome_slide_active'====== Args={'_from_bcp': True}
2020-08-10 19:12:48,940 : INFO : EventManager : Event: ======'slide_press_start_removed'====== Args={'_from_bcp': True}
2020-08-10 19:12:48,941 : INFO : EventManager : Event: ======'slide_press_start_created'====== Args={'_from_bcp': True}
2020-08-10 19:12:48,942 : INFO : EventManager : Event: ======'slide_press_start_active'====== Args={'_from_bcp': True}
2020-08-10 19:12:51,937 : INFO : EventManager : Event: ======'slide_mission_pinball_removed'====== Args={'_from_bcp': True}
2020-08-10 19:12:51,937 : INFO : EventManager : Event: ======'slide_mission_pinball_created'====== Args={'_from_bcp': True}
2020-08-10 19:12:51,938 : INFO : EventManager : Event: ======'slide_mission_pinball_active'====== Args={'_from_bcp': True}
2020-08-10 19:12:57,910 : INFO : EventManager : Event: ======'slide_GameCard_removed'====== Args={'_from_bcp': True}
2020-08-10 19:12:57,914 : INFO : EventManager : Event: ======'slide_GameCard_created'====== Args={'_from_bcp': True}
2020-08-10 19:12:57,916 : INFO : EventManager : Event: ======'slide_GameCard_active'====== Args={'_from_bcp': True}
2020-08-10 19:13:00,923 : INFO : EventManager : Event: ======'slide_HowTo_removed'====== Args={'_from_bcp': True}
2020-08-10 19:13:00,951 : INFO : EventManager : Event: ======'slide_HowTo_created'====== Args={'_from_bcp': True}
2020-08-10 19:13:00,951 : INFO : EventManager : Event: ======'slide_HowTo_active'====== Args={'_from_bcp': True}
2020-08-10 19:13:08,927 : INFO : EventManager : Event: ======'slide_last_game_score_slide1_removed'====== Args={'_from_bcp': True}
2020-08-10 19:13:08,949 : INFO : EventManager : Event: ======'slide_last_game_score_slide1_created'====== Args={'_from_bcp': True}
2020-08-10 19:13:08,961 : INFO : EventManager : Event: ======'slide_last_game_score_slide1_active'====== Args={'_from_bcp': True}
2020-08-10 19:13:16,920 : INFO : EventManager : Event: ======'slide_show_high_scores_removed'====== Args={'_from_bcp': True}
2020-08-10 19:13:16,938 : INFO : EventManager : Event: ======'slide_show_high_scores_created'====== Args={'_from_bcp': True}
2020-08-10 19:13:16,950 : INFO : EventManager : Event: ======'slide_show_high_scores_active'====== Args={'_from_bcp': True}
2020-08-10 19:13:17,929 : INFO : EventManager : Event: ======'slide_awesome_slide_removed'====== Args={'_from_bcp': True}
2020-08-10 19:13:17,933 : INFO : EventManager : Event: ======'slide_awesome_slide_created'====== Args={'_from_bcp': True}
2020-08-10 19:13:17,935 : INFO : EventManager : Event: ======'slide_awesome_slide_active'====== Args={'_from_bcp': True}
2020-08-10 19:13:20,930 : INFO : EventManager : Event: ======'slide_press_start_removed'====== Args={'_from_bcp': True}
2020-08-10 19:13:20,934 : INFO : EventManager : Event: ======'slide_press_start_created'====== Args={'_from_bcp': True}
2020-08-10 19:13:20,941 : INFO : EventManager : Event: ======'slide_press_start_active'====== Args={'_from_bcp': True}
2020-08-10 19:13:23,910 : INFO : EventManager : Event: ======'slide_mission_pinball_removed'====== Args={'_from_bcp': True}
2020-08-10 19:13:23,919 : INFO : EventManager : Event: ======'slide_mission_pinball_created'====== Args={'_from_bcp': True}
2020-08-10 19:13:23,924 : INFO : EventManager : Event: ======'slide_mission_pinball_active'====== Args={'_from_bcp': True}
2020-08-10 19:13:29,912 : INFO : EventManager : Event: ======'slide_GameCard_removed'====== Args={'_from_bcp': True}
2020-08-10 19:13:29,916 : INFO : EventManager : Event: ======'slide_GameCard_created'====== Args={'_from_bcp': True}
2020-08-10 19:13:29,918 : INFO : EventManager : Event: ======'slide_GameCard_active'====== Args={'_from_bcp': True}
2020-08-10 19:13:32,936 : INFO : EventManager : Event: ======'slide_HowTo_removed'====== Args={'_from_bcp': True}
2020-08-10 19:13:32,953 : INFO : EventManager : Event: ======'slide_HowTo_created'====== Args={'_from_bcp': True}
2020-08-10 19:13:32,961 : INFO : EventManager : Event: ======'slide_HowTo_active'====== Args={'_from_bcp': True}
2020-08-10 19:13:40,914 : INFO : EventManager : Event: ======'slide_last_game_score_slide1_removed'====== Args={'_from_bcp': True}
2020-08-10 19:13:40,935 : INFO : EventManager : Event: ======'slide_last_game_score_slide1_created'====== Args={'_from_bcp': True}
2020-08-10 19:13:40,946 : INFO : EventManager : Event: ======'slide_last_game_score_slide1_active'====== Args={'_from_bcp': True}
2020-08-10 19:13:48,914 : INFO : EventManager : Event: ======'slide_show_high_scores_removed'====== Args={'_from_bcp': True}
2020-08-10 19:13:48,932 : INFO : EventManager : Event: ======'slide_show_high_scores_created'====== Args={'_from_bcp': True}
2020-08-10 19:13:48,944 : INFO : EventManager : Event: ======'slide_show_high_scores_active'====== Args={'_from_bcp': True}
2020-08-10 19:13:49,916 : INFO : EventManager : Event: ======'slide_awesome_slide_removed'====== Args={'_from_bcp': True}
2020-08-10 19:13:49,920 : INFO : EventManager : Event: ======'slide_awesome_slide_created'====== Args={'_from_bcp': True}
2020-08-10 19:13:49,923 : INFO : EventManager : Event: ======'slide_awesome_slide_active'====== Args={'_from_bcp': True}
2020-08-10 19:13:52,931 : INFO : EventManager : Event: ======'slide_press_start_removed'====== Args={'_from_bcp': True}
2020-08-10 19:13:52,933 : INFO : EventManager : Event: ======'slide_press_start_created'====== Args={'_from_bcp': True}
2020-08-10 19:13:52,933 : INFO : EventManager : Event: ======'slide_press_start_active'====== Args={'_from_bcp': True}
2020-08-10 19:13:55,923 : INFO : EventManager : Event: ======'slide_mission_pinball_removed'====== Args={'_from_bcp': True}
2020-08-10 19:13:55,926 : INFO : EventManager : Event: ======'slide_mission_pinball_created'====== Args={'_from_bcp': True}
2020-08-10 19:13:55,927 : INFO : EventManager : Event: ======'slide_mission_pinball_active'====== Args={'_from_bcp': True}
2020-08-10 19:14:01,913 : INFO : EventManager : Event: ======'slide_GameCard_removed'====== Args={'_from_bcp': True}
2020-08-10 19:14:01,916 : INFO : EventManager : Event: ======'slide_GameCard_created'====== Args={'_from_bcp': True}
2020-08-10 19:14:01,917 : INFO : EventManager : Event: ======'slide_GameCard_active'====== Args={'_from_bcp': True}
2020-08-10 19:14:04,923 : INFO : EventManager : Event: ======'slide_HowTo_removed'====== Args={'_from_bcp': True}
2020-08-10 19:14:04,943 : INFO : EventManager : Event: ======'slide_HowTo_created'====== Args={'_from_bcp': True}
2020-08-10 19:14:04,950 : INFO : EventManager : Event: ======'slide_HowTo_active'====== Args={'_from_bcp': True}
2020-08-10 19:14:12,917 : INFO : EventManager : Event: ======'slide_last_game_score_slide1_removed'====== Args={'_from_bcp': True}
2020-08-10 19:14:12,931 : INFO : EventManager : Event: ======'slide_last_game_score_slide1_created'====== Args={'_from_bcp': True}
2020-08-10 19:14:12,938 : INFO : EventManager : Event: ======'slide_last_game_score_slide1_active'====== Args={'_from_bcp': True}
2020-08-10 19:14:20,912 : INFO : EventManager : Event: ======'slide_show_high_scores_removed'====== Args={'_from_bcp': True}
2020-08-10 19:14:20,928 : INFO : EventManager : Event: ======'slide_show_high_scores_created'====== Args={'_from_bcp': True}
2020-08-10 19:14:20,936 : INFO : EventManager : Event: ======'slide_show_high_scores_active'====== Args={'_from_bcp': True}
2020-08-10 19:14:21,919 : INFO : EventManager : Event: ======'slide_awesome_slide_removed'====== Args={'_from_bcp': True}
2020-08-10 19:14:21,923 : INFO : EventManager : Event: ======'slide_awesome_slide_created'====== Args={'_from_bcp': True}
2020-08-10 19:14:21,926 : INFO : EventManager : Event: ======'slide_awesome_slide_active'====== Args={'_from_bcp': True}
2020-08-10 19:14:24,919 : INFO : EventManager : Event: ======'slide_press_start_removed'====== Args={'_from_bcp': True}
2020-08-10 19:14:24,933 : INFO : EventManager : Event: ======'slide_press_start_created'====== Args={'_from_bcp': True}
2020-08-10 19:14:24,935 : INFO : EventManager : Event: ======'slide_press_start_active'====== Args={'_from_bcp': True}
2020-08-10 19:14:27,915 : INFO : EventManager : Event: ======'slide_mission_pinball_removed'====== Args={'_from_bcp': True}
2020-08-10 19:14:27,920 : INFO : EventManager : Event: ======'slide_mission_pinball_created'====== Args={'_from_bcp': True}
2020-08-10 19:14:27,927 : INFO : EventManager : Event: ======'slide_mission_pinball_active'====== Args={'_from_bcp': True}
2020-08-10 19:14:33,917 : INFO : EventManager : Event: ======'slide_GameCard_removed'====== Args={'_from_bcp': True}
2020-08-10 19:14:33,919 : INFO : EventManager : Event: ======'slide_GameCard_created'====== Args={'_from_bcp': True}
2020-08-10 19:14:33,921 : INFO : EventManager : Event: ======'slide_GameCard_active'====== Args={'_from_bcp': True}
2020-08-10 19:14:36,916 : INFO : EventManager : Event: ======'slide_HowTo_removed'====== Args={'_from_bcp': True}
2020-08-10 19:14:37,004 : INFO : EventManager : Event: ======'slide_HowTo_created'====== Args={'_from_bcp': True}
2020-08-10 19:14:37,011 : INFO : EventManager : Event: ======'slide_HowTo_active'====== Args={'_from_bcp': True}
2020-08-10 19:14:44,942 : INFO : EventManager : Event: ======'slide_last_game_score_slide1_removed'====== Args={'_from_bcp': True}
2020-08-10 19:14:44,948 : INFO : EventManager : Event: ======'slide_last_game_score_slide1_created'====== Args={'_from_bcp': True}
2020-08-10 19:14:44,960 : INFO : EventManager : Event: ======'slide_last_game_score_slide1_active'====== Args={'_from_bcp': True}
2020-08-10 19:14:52,926 : INFO : EventManager : Event: ======'slide_show_high_scores_removed'====== Args={'_from_bcp': True}
2020-08-10 19:14:52,937 : INFO : EventManager : Event: ======'slide_show_high_scores_created'====== Args={'_from_bcp': True}
2020-08-10 19:14:52,945 : INFO : EventManager : Event: ======'slide_show_high_scores_active'====== Args={'_from_bcp': True}
2020-08-10 19:14:53,918 : INFO : EventManager : Event: ======'slide_awesome_slide_removed'====== Args={'_from_bcp': True}
2020-08-10 19:14:53,921 : INFO : EventManager : Event: ======'slide_awesome_slide_created'====== Args={'_from_bcp': True}
2020-08-10 19:14:53,923 : INFO : EventManager : Event: ======'slide_awesome_slide_active'====== Args={'_from_bcp': True}
2020-08-10 19:14:56,920 : INFO : EventManager : Event: ======'slide_press_start_removed'====== Args={'_from_bcp': True}
2020-08-10 19:14:56,923 : INFO : EventManager : Event: ======'slide_press_start_created'====== Args={'_from_bcp': True}
2020-08-10 19:14:56,927 : INFO : EventManager : Event: ======'slide_press_start_active'====== Args={'_from_bcp': True}
2020-08-10 19:14:59,951 : INFO : EventManager : Event: ======'slide_mission_pinball_removed'====== Args={'_from_bcp': True}
2020-08-10 19:14:59,954 : INFO : EventManager : Event: ======'slide_mission_pinball_created'====== Args={'_from_bcp': True}
2020-08-10 19:14:59,955 : INFO : EventManager : Event: ======'slide_mission_pinball_active'====== Args={'_from_bcp': True}
2020-08-10 19:15:05,914 : INFO : EventManager : Event: ======'slide_GameCard_removed'====== Args={'_from_bcp': True}
2020-08-10 19:15:05,916 : INFO : EventManager : Event: ======'slide_GameCard_created'====== Args={'_from_bcp': True}
2020-08-10 19:15:05,917 : INFO : EventManager : Event: ======'slide_GameCard_active'====== Args={'_from_bcp': True}
2020-08-10 19:15:08,936 : INFO : EventManager : Event: ======'slide_HowTo_removed'====== Args={'_from_bcp': True}
2020-08-10 19:15:08,950 : INFO : EventManager : Event: ======'slide_HowTo_created'====== Args={'_from_bcp': True}
2020-08-10 19:15:08,958 : INFO : EventManager : Event: ======'slide_HowTo_active'====== Args={'_from_bcp': True}
2020-08-10 19:15:16,918 : INFO : EventManager : Event: ======'slide_last_game_score_slide1_removed'====== Args={'_from_bcp': True}
2020-08-10 19:15:16,937 : INFO : EventManager : Event: ======'slide_last_game_score_slide1_created'====== Args={'_from_bcp': True}
2020-08-10 19:15:16,946 : INFO : EventManager : Event: ======'slide_last_game_score_slide1_active'====== Args={'_from_bcp': True}
2020-08-10 19:15:24,913 : INFO : EventManager : Event: ======'slide_show_high_scores_removed'====== Args={'_from_bcp': True}
2020-08-10 19:15:24,931 : INFO : EventManager : Event: ======'slide_show_high_scores_created'====== Args={'_from_bcp': True}
2020-08-10 19:15:24,944 : INFO : EventManager : Event: ======'slide_show_high_scores_active'====== Args={'_from_bcp': True}
2020-08-10 19:15:25,928 : INFO : EventManager : Event: ======'slide_awesome_slide_removed'====== Args={'_from_bcp': True}
2020-08-10 19:15:25,932 : INFO : EventManager : Event: ======'slide_awesome_slide_created'====== Args={'_from_bcp': True}
2020-08-10 19:15:25,935 : INFO : EventManager : Event: ======'slide_awesome_slide_active'====== Args={'_from_bcp': True}
2020-08-10 19:15:28,932 : INFO : EventManager : Event: ======'slide_press_start_removed'====== Args={'_from_bcp': True}
2020-08-10 19:15:28,934 : INFO : EventManager : Event: ======'slide_press_start_created'====== Args={'_from_bcp': True}
2020-08-10 19:15:28,934 : INFO : EventManager : Event: ======'slide_press_start_active'====== Args={'_from_bcp': True}
2020-08-10 19:15:31,907 : INFO : EventManager : Event: ======'slide_mission_pinball_removed'====== Args={'_from_bcp': True}
2020-08-10 19:15:31,921 : INFO : EventManager : Event: ======'slide_mission_pinball_created'====== Args={'_from_bcp': True}
2020-08-10 19:15:31,922 : INFO : EventManager : Event: ======'slide_mission_pinball_active'====== Args={'_from_bcp': True}
2020-08-10 19:15:37,911 : INFO : EventManager : Event: ======'slide_GameCard_removed'====== Args={'_from_bcp': True}
2020-08-10 19:15:37,914 : INFO : EventManager : Event: ======'slide_GameCard_created'====== Args={'_from_bcp': True}
2020-08-10 19:15:37,916 : INFO : EventManager : Event: ======'slide_GameCard_active'====== Args={'_from_bcp': True}
2020-08-10 19:15:40,922 : INFO : EventManager : Event: ======'slide_HowTo_removed'====== Args={'_from_bcp': True}
2020-08-10 19:15:40,944 : INFO : EventManager : Event: ======'slide_HowTo_created'====== Args={'_from_bcp': True}
2020-08-10 19:15:40,950 : INFO : EventManager : Event: ======'slide_HowTo_active'====== Args={'_from_bcp': True}
2020-08-10 19:15:48,915 : INFO : EventManager : Event: ======'slide_last_game_score_slide1_removed'====== Args={'_from_bcp': True}
2020-08-10 19:15:48,928 : INFO : EventManager : Event: ======'slide_last_game_score_slide1_created'====== Args={'_from_bcp': True}
2020-08-10 19:15:48,936 : INFO : EventManager : Event: ======'slide_last_game_score_slide1_active'====== Args={'_from_bcp': True}
2020-08-10 19:15:56,932 : INFO : EventManager : Event: ======'slide_show_high_scores_removed'====== Args={'_from_bcp': True}
2020-08-10 19:15:56,950 : INFO : EventManager : Event: ======'slide_show_high_scores_created'====== Args={'_from_bcp': True}
2020-08-10 19:15:56,961 : INFO : EventManager : Event: ======'slide_show_high_scores_active'====== Args={'_from_bcp': True}
2020-08-10 19:15:57,918 : INFO : EventManager : Event: ======'slide_awesome_slide_removed'====== Args={'_from_bcp': True}
2020-08-10 19:15:57,922 : INFO : EventManager : Event: ======'slide_awesome_slide_created'====== Args={'_from_bcp': True}
2020-08-10 19:15:57,925 : INFO : EventManager : Event: ======'slide_awesome_slide_active'====== Args={'_from_bcp': True}
2020-08-10 19:16:00,908 : INFO : EventManager : Event: ======'slide_press_start_removed'====== Args={'_from_bcp': True}
2020-08-10 19:16:00,917 : INFO : EventManager : Event: ======'slide_press_start_created'====== Args={'_from_bcp': True}
2020-08-10 19:16:00,921 : INFO : EventManager : Event: ======'slide_press_start_active'====== Args={'_from_bcp': True}
2020-08-10 19:16:03,917 : INFO : EventManager : Event: ======'slide_mission_pinball_removed'====== Args={'_from_bcp': True}
2020-08-10 19:16:03,923 : INFO : EventManager : Event: ======'slide_mission_pinball_created'====== Args={'_from_bcp': True}
2020-08-10 19:16:03,933 : INFO : EventManager : Event: ======'slide_mission_pinball_active'====== Args={'_from_bcp': True}
2020-08-10 19:16:09,914 : INFO : EventManager : Event: ======'slide_GameCard_removed'====== Args={'_from_bcp': True}
2020-08-10 19:16:09,917 : INFO : EventManager : Event: ======'slide_GameCard_created'====== Args={'_from_bcp': True}
2020-08-10 19:16:09,919 : INFO : EventManager : Event: ======'slide_GameCard_active'====== Args={'_from_bcp': True}
2020-08-10 19:16:12,918 : INFO : EventManager : Event: ======'slide_HowTo_removed'====== Args={'_from_bcp': True}
2020-08-10 19:16:12,942 : INFO : EventManager : Event: ======'slide_HowTo_created'====== Args={'_from_bcp': True}
2020-08-10 19:16:12,950 : INFO : EventManager : Event: ======'slide_HowTo_active'====== Args={'_from_bcp': True}
2020-08-10 19:16:20,906 : INFO : EventManager : Event: ======'slide_last_game_score_slide1_removed'====== Args={'_from_bcp': True}
2020-08-10 19:16:20,926 : INFO : EventManager : Event: ======'slide_last_game_score_slide1_created'====== Args={'_from_bcp': True}
2020-08-10 19:16:20,934 : INFO : EventManager : Event: ======'slide_last_game_score_slide1_active'====== Args={'_from_bcp': True}
2020-08-10 19:16:28,920 : INFO : EventManager : Event: ======'slide_show_high_scores_removed'====== Args={'_from_bcp': True}
2020-08-10 19:16:28,937 : INFO : EventManager : Event: ======'slide_show_high_scores_created'====== Args={'_from_bcp': True}
2020-08-10 19:16:28,948 : INFO : EventManager : Event: ======'slide_show_high_scores_active'====== Args={'_from_bcp': True}
2020-08-10 19:16:29,913 : INFO : EventManager : Event: ======'slide_awesome_slide_removed'====== Args={'_from_bcp': True}
2020-08-10 19:16:29,917 : INFO : EventManager : Event: ======'slide_awesome_slide_created'====== Args={'_from_bcp': True}
2020-08-10 19:16:29,920 : INFO : EventManager : Event: ======'slide_awesome_slide_active'====== Args={'_from_bcp': True}
2020-08-10 19:16:32,914 : INFO : EventManager : Event: ======'slide_press_start_removed'====== Args={'_from_bcp': True}
2020-08-10 19:16:32,984 : INFO : EventManager : Event: ======'slide_press_start_created'====== Args={'_from_bcp': True}
2020-08-10 19:16:32,990 : INFO : EventManager : Event: ======'slide_press_start_active'====== Args={'_from_bcp': True}
2020-08-10 19:16:35,926 : INFO : EventManager : Event: ======'slide_mission_pinball_removed'====== Args={'_from_bcp': True}
2020-08-10 19:16:35,932 : INFO : EventManager : Event: ======'slide_mission_pinball_created'====== Args={'_from_bcp': True}
2020-08-10 19:16:35,935 : INFO : EventManager : Event: ======'slide_mission_pinball_active'====== Args={'_from_bcp': True}
2020-08-10 19:16:41,912 : INFO : EventManager : Event: ======'slide_GameCard_removed'====== Args={'_from_bcp': True}
2020-08-10 19:16:41,916 : INFO : EventManager : Event: ======'slide_GameCard_created'====== Args={'_from_bcp': True}
2020-08-10 19:16:41,918 : INFO : EventManager : Event: ======'slide_GameCard_active'====== Args={'_from_bcp': True}
2020-08-10 19:16:44,916 : INFO : EventManager : Event: ======'slide_HowTo_removed'====== Args={'_from_bcp': True}
2020-08-10 19:16:44,934 : INFO : EventManager : Event: ======'slide_HowTo_created'====== Args={'_from_bcp': True}
2020-08-10 19:16:44,941 : INFO : EventManager : Event: ======'slide_HowTo_active'====== Args={'_from_bcp': True}
2020-08-10 19:16:52,908 : INFO : EventManager : Event: ======'slide_last_game_score_slide1_removed'====== Args={'_from_bcp': True}
2020-08-10 19:16:52,923 : INFO : EventManager : Event: ======'slide_last_game_score_slide1_created'====== Args={'_from_bcp': True}
2020-08-10 19:16:52,930 : INFO : EventManager : Event: ======'slide_last_game_score_slide1_active'====== Args={'_from_bcp': True}
2020-08-10 19:17:00,909 : INFO : EventManager : Event: ======'slide_show_high_scores_removed'====== Args={'_from_bcp': True}
2020-08-10 19:17:00,922 : INFO : EventManager : Event: ======'slide_show_high_scores_created'====== Args={'_from_bcp': True}
2020-08-10 19:17:00,930 : INFO : EventManager : Event: ======'slide_show_high_scores_active'====== Args={'_from_bcp': True}
2020-08-10 19:17:01,916 : INFO : EventManager : Event: ======'slide_awesome_slide_removed'====== Args={'_from_bcp': True}
2020-08-10 19:17:01,920 : INFO : EventManager : Event: ======'slide_awesome_slide_created'====== Args={'_from_bcp': True}
2020-08-10 19:17:01,923 : INFO : EventManager : Event: ======'slide_awesome_slide_active'====== Args={'_from_bcp': True}
2020-08-10 19:17:04,917 : INFO : EventManager : Event: ======'slide_press_start_removed'====== Args={'_from_bcp': True}
2020-08-10 19:17:04,928 : INFO : EventManager : Event: ======'slide_press_start_created'====== Args={'_from_bcp': True}
2020-08-10 19:17:04,929 : INFO : EventManager : Event: ======'slide_press_start_active'====== Args={'_from_bcp': True}
2020-08-10 19:17:07,937 : INFO : EventManager : Event: ======'slide_mission_pinball_removed'====== Args={'_from_bcp': True}
2020-08-10 19:17:07,938 : INFO : EventManager : Event: ======'slide_mission_pinball_created'====== Args={'_from_bcp': True}
2020-08-10 19:17:07,938 : INFO : EventManager : Event: ======'slide_mission_pinball_active'====== Args={'_from_bcp': True}
2020-08-10 19:17:13,917 : INFO : EventManager : Event: ======'slide_GameCard_removed'====== Args={'_from_bcp': True}
2020-08-10 19:17:13,918 : INFO : EventManager : Event: ======'slide_GameCard_created'====== Args={'_from_bcp': True}
2020-08-10 19:17:13,920 : INFO : EventManager : Event: ======'slide_GameCard_active'====== Args={'_from_bcp': True}
2020-08-10 19:17:16,917 : INFO : EventManager : Event: ======'slide_HowTo_removed'====== Args={'_from_bcp': True}
2020-08-10 19:17:16,939 : INFO : EventManager : Event: ======'slide_HowTo_created'====== Args={'_from_bcp': True}
2020-08-10 19:17:16,945 : INFO : EventManager : Event: ======'slide_HowTo_active'====== Args={'_from_bcp': True}
2020-08-10 19:17:24,920 : INFO : EventManager : Event: ======'slide_last_game_score_slide1_removed'====== Args={'_from_bcp': True}
2020-08-10 19:17:24,942 : INFO : EventManager : Event: ======'slide_last_game_score_slide1_created'====== Args={'_from_bcp': True}
2020-08-10 19:17:24,951 : INFO : EventManager : Event: ======'slide_last_game_score_slide1_active'====== Args={'_from_bcp': True}
2020-08-10 19:17:32,918 : INFO : EventManager : Event: ======'slide_show_high_scores_removed'====== Args={'_from_bcp': True}
2020-08-10 19:17:32,932 : INFO : EventManager : Event: ======'slide_show_high_scores_created'====== Args={'_from_bcp': True}
2020-08-10 19:17:32,944 : INFO : EventManager : Event: ======'slide_show_high_scores_active'====== Args={'_from_bcp': True}
2020-08-10 19:17:33,924 : INFO : EventManager : Event: ======'slide_awesome_slide_removed'====== Args={'_from_bcp': True}
2020-08-10 19:17:33,929 : INFO : EventManager : Event: ======'slide_awesome_slide_created'====== Args={'_from_bcp': True}
2020-08-10 19:17:33,932 : INFO : EventManager : Event: ======'slide_awesome_slide_active'====== Args={'_from_bcp': True}
2020-08-10 19:17:36,912 : INFO : EventManager : Event: ======'slide_press_start_removed'====== Args={'_from_bcp': True}
2020-08-10 19:17:36,919 : INFO : EventManager : Event: ======'slide_press_start_created'====== Args={'_from_bcp': True}
2020-08-10 19:17:36,923 : INFO : EventManager : Event: ======'slide_press_start_active'====== Args={'_from_bcp': True}
2020-08-10 19:17:39,912 : INFO : EventManager : Event: ======'slide_mission_pinball_removed'====== Args={'_from_bcp': True}
2020-08-10 19:17:39,917 : INFO : EventManager : Event: ======'slide_mission_pinball_created'====== Args={'_from_bcp': True}
2020-08-10 19:17:39,920 : INFO : EventManager : Event: ======'slide_mission_pinball_active'====== Args={'_from_bcp': True}
2020-08-10 19:17:45,919 : INFO : EventManager : Event: ======'slide_GameCard_removed'====== Args={'_from_bcp': True}
2020-08-10 19:17:45,923 : INFO : EventManager : Event: ======'slide_GameCard_created'====== Args={'_from_bcp': True}
2020-08-10 19:17:45,925 : INFO : EventManager : Event: ======'slide_GameCard_active'====== Args={'_from_bcp': True}
2020-08-10 19:17:48,919 : INFO : EventManager : Event: ======'slide_HowTo_removed'====== Args={'_from_bcp': True}
2020-08-10 19:17:48,945 : INFO : EventManager : Event: ======'slide_HowTo_created'====== Args={'_from_bcp': True}
2020-08-10 19:17:48,953 : INFO : EventManager : Event: ======'slide_HowTo_active'====== Args={'_from_bcp': True}
2020-08-10 19:17:56,928 : INFO : EventManager : Event: ======'slide_last_game_score_slide1_removed'====== Args={'_from_bcp': True}
2020-08-10 19:17:56,943 : INFO : EventManager : Event: ======'slide_last_game_score_slide1_created'====== Args={'_from_bcp': True}
2020-08-10 19:17:56,951 : INFO : EventManager : Event: ======'slide_last_game_score_slide1_active'====== Args={'_from_bcp': True}
2020-08-10 19:18:04,919 : INFO : EventManager : Event: ======'slide_show_high_scores_removed'====== Args={'_from_bcp': True}
2020-08-10 19:18:04,937 : INFO : EventManager : Event: ======'slide_show_high_scores_created'====== Args={'_from_bcp': True}
2020-08-10 19:18:04,944 : INFO : EventManager : Event: ======'slide_show_high_scores_active'====== Args={'_from_bcp': True}
2020-08-10 19:18:05,917 : INFO : EventManager : Event: ======'slide_awesome_slide_removed'====== Args={'_from_bcp': True}
2020-08-10 19:18:05,921 : INFO : EventManager : Event: ======'slide_awesome_slide_created'====== Args={'_from_bcp': True}
2020-08-10 19:18:05,924 : INFO : EventManager : Event: ======'slide_awesome_slide_active'====== Args={'_from_bcp': True}
2020-08-10 19:18:08,922 : INFO : EventManager : Event: ======'slide_press_start_removed'====== Args={'_from_bcp': True}
2020-08-10 19:18:08,923 : INFO : EventManager : Event: ======'slide_press_start_created'====== Args={'_from_bcp': True}
2020-08-10 19:18:08,923 : INFO : EventManager : Event: ======'slide_press_start_active'====== Args={'_from_bcp': True}
2020-08-10 19:18:11,933 : INFO : EventManager : Event: ======'slide_mission_pinball_removed'====== Args={'_from_bcp': True}
2020-08-10 19:18:11,942 : INFO : EventManager : Event: ======'slide_mission_pinball_created'====== Args={'_from_bcp': True}
2020-08-10 19:18:11,947 : INFO : EventManager : Event: ======'slide_mission_pinball_active'====== Args={'_from_bcp': True}
2020-08-10 19:18:17,913 : INFO : EventManager : Event: ======'slide_GameCard_removed'====== Args={'_from_bcp': True}
2020-08-10 19:18:17,916 : INFO : EventManager : Event: ======'slide_GameCard_created'====== Args={'_from_bcp': True}
2020-08-10 19:18:17,918 : INFO : EventManager : Event: ======'slide_GameCard_active'====== Args={'_from_bcp': True}
2020-08-10 19:18:20,906 : INFO : EventManager : Event: ======'slide_HowTo_removed'====== Args={'_from_bcp': True}
2020-08-10 19:18:20,929 : INFO : EventManager : Event: ======'slide_HowTo_created'====== Args={'_from_bcp': True}
2020-08-10 19:18:20,935 : INFO : EventManager : Event: ======'slide_HowTo_active'====== Args={'_from_bcp': True}
2020-08-10 19:18:28,915 : INFO : EventManager : Event: ======'slide_last_game_score_slide1_removed'====== Args={'_from_bcp': True}
2020-08-10 19:18:28,998 : INFO : EventManager : Event: ======'slide_last_game_score_slide1_created'====== Args={'_from_bcp': True}
2020-08-10 19:18:29,010 : INFO : EventManager : Event: ======'slide_last_game_score_slide1_active'====== Args={'_from_bcp': True}
2020-08-10 19:18:36,913 : INFO : EventManager : Event: ======'slide_show_high_scores_removed'====== Args={'_from_bcp': True}
2020-08-10 19:18:36,931 : INFO : EventManager : Event: ======'slide_show_high_scores_created'====== Args={'_from_bcp': True}
2020-08-10 19:18:36,944 : INFO : EventManager : Event: ======'slide_show_high_scores_active'====== Args={'_from_bcp': True}
2020-08-10 19:18:37,904 : INFO : EventManager : Event: ======'slide_awesome_slide_removed'====== Args={'_from_bcp': True}
2020-08-10 19:18:37,906 : INFO : EventManager : Event: ======'slide_awesome_slide_created'====== Args={'_from_bcp': True}
2020-08-10 19:18:37,909 : INFO : EventManager : Event: ======'slide_awesome_slide_active'====== Args={'_from_bcp': True}
2020-08-10 19:18:40,941 : INFO : EventManager : Event: ======'slide_press_start_removed'====== Args={'_from_bcp': True}
2020-08-10 19:18:40,942 : INFO : EventManager : Event: ======'slide_press_start_created'====== Args={'_from_bcp': True}
2020-08-10 19:18:40,943 : INFO : EventManager : Event: ======'slide_press_start_active'====== Args={'_from_bcp': True}
2020-08-10 19:18:43,909 : INFO : EventManager : Event: ======'slide_mission_pinball_removed'====== Args={'_from_bcp': True}
2020-08-10 19:18:43,929 : INFO : EventManager : Event: ======'slide_mission_pinball_created'====== Args={'_from_bcp': True}
2020-08-10 19:18:43,930 : INFO : EventManager : Event: ======'slide_mission_pinball_active'====== Args={'_from_bcp': True}
2020-08-10 19:18:49,903 : INFO : EventManager : Event: ======'slide_GameCard_removed'====== Args={'_from_bcp': True}
2020-08-10 19:18:49,906 : INFO : EventManager : Event: ======'slide_GameCard_created'====== Args={'_from_bcp': True}
2020-08-10 19:18:49,908 : INFO : EventManager : Event: ======'slide_GameCard_active'====== Args={'_from_bcp': True}
2020-08-10 19:18:52,929 : INFO : EventManager : Event: ======'slide_HowTo_removed'====== Args={'_from_bcp': True}
2020-08-10 19:18:52,954 : INFO : EventManager : Event: ======'slide_HowTo_created'====== Args={'_from_bcp': True}
2020-08-10 19:18:52,964 : INFO : EventManager : Event: ======'slide_HowTo_active'====== Args={'_from_bcp': True}
2020-08-10 19:19:00,929 : INFO : EventManager : Event: ======'slide_last_game_score_slide1_removed'====== Args={'_from_bcp': True}
2020-08-10 19:19:00,950 : INFO : EventManager : Event: ======'slide_last_game_score_slide1_created'====== Args={'_from_bcp': True}
2020-08-10 19:19:00,957 : INFO : EventManager : Event: ======'slide_last_game_score_slide1_active'====== Args={'_from_bcp': True}
2020-08-10 19:19:08,915 : INFO : EventManager : Event: ======'slide_show_high_scores_removed'====== Args={'_from_bcp': True}
2020-08-10 19:19:08,932 : INFO : EventManager : Event: ======'slide_show_high_scores_created'====== Args={'_from_bcp': True}
2020-08-10 19:19:08,939 : INFO : EventManager : Event: ======'slide_show_high_scores_active'====== Args={'_from_bcp': True}
2020-08-10 19:19:09,920 : INFO : EventManager : Event: ======'slide_awesome_slide_removed'====== Args={'_from_bcp': True}
2020-08-10 19:19:09,921 : INFO : EventManager : Event: ======'slide_awesome_slide_created'====== Args={'_from_bcp': True}
2020-08-10 19:19:09,921 : INFO : EventManager : Event: ======'slide_awesome_slide_active'====== Args={'_from_bcp': True}
2020-08-10 19:19:12,919 : INFO : EventManager : Event: ======'slide_press_start_removed'====== Args={'_from_bcp': True}
2020-08-10 19:19:12,923 : INFO : EventManager : Event: ======'slide_press_start_created'====== Args={'_from_bcp': True}
2020-08-10 19:19:12,925 : INFO : EventManager : Event: ======'slide_press_start_active'====== Args={'_from_bcp': True}
2020-08-10 19:19:15,916 : INFO : EventManager : Event: ======'slide_mission_pinball_removed'====== Args={'_from_bcp': True}
2020-08-10 19:19:15,921 : INFO : EventManager : Event: ======'slide_mission_pinball_created'====== Args={'_from_bcp': True}
2020-08-10 19:19:15,924 : INFO : EventManager : Event: ======'slide_mission_pinball_active'====== Args={'_from_bcp': True}
2020-08-10 19:19:21,922 : INFO : EventManager : Event: ======'slide_GameCard_removed'====== Args={'_from_bcp': True}
2020-08-10 19:19:21,927 : INFO : EventManager : Event: ======'slide_GameCard_created'====== Args={'_from_bcp': True}
2020-08-10 19:19:21,929 : INFO : EventManager : Event: ======'slide_GameCard_active'====== Args={'_from_bcp': True}
2020-08-10 19:19:24,935 : INFO : EventManager : Event: ======'slide_HowTo_removed'====== Args={'_from_bcp': True}
2020-08-10 19:19:24,948 : INFO : EventManager : Event: ======'slide_HowTo_created'====== Args={'_from_bcp': True}
2020-08-10 19:19:24,954 : INFO : EventManager : Event: ======'slide_HowTo_active'====== Args={'_from_bcp': True}
2020-08-10 19:19:32,920 : INFO : EventManager : Event: ======'slide_last_game_score_slide1_removed'====== Args={'_from_bcp': True}
2020-08-10 19:19:32,940 : INFO : EventManager : Event: ======'slide_last_game_score_slide1_created'====== Args={'_from_bcp': True}
2020-08-10 19:19:32,951 : INFO : EventManager : Event: ======'slide_last_game_score_slide1_active'====== Args={'_from_bcp': True}
2020-08-10 19:19:40,916 : INFO : EventManager : Event: ======'slide_show_high_scores_removed'====== Args={'_from_bcp': True}
2020-08-10 19:19:40,935 : INFO : EventManager : Event: ======'slide_show_high_scores_created'====== Args={'_from_bcp': True}
2020-08-10 19:19:40,945 : INFO : EventManager : Event: ======'slide_show_high_scores_active'====== Args={'_from_bcp': True}
2020-08-10 19:19:41,925 : INFO : EventManager : Event: ======'slide_awesome_slide_removed'====== Args={'_from_bcp': True}
2020-08-10 19:19:41,929 : INFO : EventManager : Event: ======'slide_awesome_slide_created'====== Args={'_from_bcp': True}
2020-08-10 19:19:41,931 : INFO : EventManager : Event: ======'slide_awesome_slide_active'====== Args={'_from_bcp': True}
2020-08-10 19:19:44,930 : INFO : EventManager : Event: ======'slide_press_start_removed'====== Args={'_from_bcp': True}
2020-08-10 19:19:44,931 : INFO : EventManager : Event: ======'slide_press_start_created'====== Args={'_from_bcp': True}
2020-08-10 19:19:44,931 : INFO : EventManager : Event: ======'slide_press_start_active'====== Args={'_from_bcp': True}
2020-08-10 19:19:47,929 : INFO : EventManager : Event: ======'slide_mission_pinball_removed'====== Args={'_from_bcp': True}
2020-08-10 19:19:47,930 : INFO : EventManager : Event: ======'slide_mission_pinball_created'====== Args={'_from_bcp': True}
2020-08-10 19:19:47,930 : INFO : EventManager : Event: ======'slide_mission_pinball_active'====== Args={'_from_bcp': True}
2020-08-10 19:19:53,911 : INFO : EventManager : Event: ======'slide_GameCard_removed'====== Args={'_from_bcp': True}
2020-08-10 19:19:53,914 : INFO : EventManager : Event: ======'slide_GameCard_created'====== Args={'_from_bcp': True}
2020-08-10 19:19:53,916 : INFO : EventManager : Event: ======'slide_GameCard_active'====== Args={'_from_bcp': True}
2020-08-10 19:19:56,921 : INFO : EventManager : Event: ======'slide_HowTo_removed'====== Args={'_from_bcp': True}
2020-08-10 19:19:56,959 : INFO : EventManager : Event: ======'slide_HowTo_created'====== Args={'_from_bcp': True}
2020-08-10 19:19:56,960 : INFO : EventManager : Event: ======'slide_HowTo_active'====== Args={'_from_bcp': True}
2020-08-10 19:20:04,913 : INFO : EventManager : Event: ======'slide_last_game_score_slide1_removed'====== Args={'_from_bcp': True}
2020-08-10 19:20:04,934 : INFO : EventManager : Event: ======'slide_last_game_score_slide1_created'====== Args={'_from_bcp': True}
2020-08-10 19:20:04,942 : INFO : EventManager : Event: ======'slide_last_game_score_slide1_active'====== Args={'_from_bcp': True}
2020-08-10 19:20:12,909 : INFO : EventManager : Event: ======'slide_show_high_scores_removed'====== Args={'_from_bcp': True}
2020-08-10 19:20:12,927 : INFO : EventManager : Event: ======'slide_show_high_scores_created'====== Args={'_from_bcp': True}
2020-08-10 19:20:12,938 : INFO : EventManager : Event: ======'slide_show_high_scores_active'====== Args={'_from_bcp': True}
2020-08-10 19:20:13,912 : INFO : EventManager : Event: ======'slide_awesome_slide_removed'====== Args={'_from_bcp': True}
2020-08-10 19:20:13,916 : INFO : EventManager : Event: ======'slide_awesome_slide_created'====== Args={'_from_bcp': True}
2020-08-10 19:20:13,918 : INFO : EventManager : Event: ======'slide_awesome_slide_active'====== Args={'_from_bcp': True}
2020-08-10 19:20:16,905 : INFO : EventManager : Event: ======'slide_press_start_removed'====== Args={'_from_bcp': True}
2020-08-10 19:20:16,910 : INFO : EventManager : Event: ======'slide_press_start_created'====== Args={'_from_bcp': True}
2020-08-10 19:20:16,913 : INFO : EventManager : Event: ======'slide_press_start_active'====== Args={'_from_bcp': True}
2020-08-10 19:20:19,916 : INFO : EventManager : Event: ======'slide_mission_pinball_removed'====== Args={'_from_bcp': True}
2020-08-10 19:20:19,988 : INFO : EventManager : Event: ======'slide_mission_pinball_created'====== Args={'_from_bcp': True}
2020-08-10 19:20:19,993 : INFO : EventManager : Event: ======'slide_mission_pinball_active'====== Args={'_from_bcp': True}
2020-08-10 19:20:25,907 : INFO : EventManager : Event: ======'slide_GameCard_removed'====== Args={'_from_bcp': True}
2020-08-10 19:20:25,908 : INFO : EventManager : Event: ======'slide_GameCard_created'====== Args={'_from_bcp': True}
2020-08-10 19:20:25,908 : INFO : EventManager : Event: ======'slide_GameCard_active'====== Args={'_from_bcp': True}
2020-08-10 19:20:28,935 : INFO : EventManager : Event: ======'slide_HowTo_removed'====== Args={'_from_bcp': True}
2020-08-10 19:20:28,971 : INFO : EventManager : Event: ======'slide_HowTo_created'====== Args={'_from_bcp': True}
2020-08-10 19:20:28,972 : INFO : EventManager : Event: ======'slide_HowTo_active'====== Args={'_from_bcp': True}
2020-08-10 19:20:36,912 : INFO : EventManager : Event: ======'slide_last_game_score_slide1_removed'====== Args={'_from_bcp': True}
2020-08-10 19:20:36,932 : INFO : EventManager : Event: ======'slide_last_game_score_slide1_created'====== Args={'_from_bcp': True}
2020-08-10 19:20:36,944 : INFO : EventManager : Event: ======'slide_last_game_score_slide1_active'====== Args={'_from_bcp': True}
2020-08-10 19:20:44,915 : INFO : EventManager : Event: ======'slide_show_high_scores_removed'====== Args={'_from_bcp': True}
2020-08-10 19:20:44,931 : INFO : EventManager : Event: ======'slide_show_high_scores_created'====== Args={'_from_bcp': True}
2020-08-10 19:20:44,939 : INFO : EventManager : Event: ======'slide_show_high_scores_active'====== Args={'_from_bcp': True}
2020-08-10 19:20:45,922 : INFO : EventManager : Event: ======'slide_awesome_slide_removed'====== Args={'_from_bcp': True}
2020-08-10 19:20:45,923 : INFO : EventManager : Event: ======'slide_awesome_slide_created'====== Args={'_from_bcp': True}
2020-08-10 19:20:45,923 : INFO : EventManager : Event: ======'slide_awesome_slide_active'====== Args={'_from_bcp': True}
2020-08-10 19:20:48,921 : INFO : EventManager : Event: ======'slide_press_start_removed'====== Args={'_from_bcp': True}
2020-08-10 19:20:48,927 : INFO : EventManager : Event: ======'slide_press_start_created'====== Args={'_from_bcp': True}
2020-08-10 19:20:48,932 : INFO : EventManager : Event: ======'slide_press_start_active'====== Args={'_from_bcp': True}
2020-08-10 19:20:51,924 : INFO : EventManager : Event: ======'slide_mission_pinball_removed'====== Args={'_from_bcp': True}
2020-08-10 19:20:51,944 : INFO : EventManager : Event: ======'slide_mission_pinball_created'====== Args={'_from_bcp': True}
2020-08-10 19:20:51,945 : INFO : EventManager : Event: ======'slide_mission_pinball_active'====== Args={'_from_bcp': True}
2020-08-10 19:20:57,917 : INFO : EventManager : Event: ======'slide_GameCard_removed'====== Args={'_from_bcp': True}
2020-08-10 19:20:57,918 : INFO : EventManager : Event: ======'slide_GameCard_created'====== Args={'_from_bcp': True}
2020-08-10 19:20:57,920 : INFO : EventManager : Event: ======'slide_GameCard_active'====== Args={'_from_bcp': True}
2020-08-10 19:21:00,938 : INFO : EventManager : Event: ======'slide_HowTo_removed'====== Args={'_from_bcp': True}
2020-08-10 19:21:00,961 : INFO : EventManager : Event: ======'slide_HowTo_created'====== Args={'_from_bcp': True}
2020-08-10 19:21:00,971 : INFO : EventManager : Event: ======'slide_HowTo_active'====== Args={'_from_bcp': True}
2020-08-10 19:21:08,930 : INFO : EventManager : Event: ======'slide_last_game_score_slide1_removed'====== Args={'_from_bcp': True}
2020-08-10 19:21:08,951 : INFO : EventManager : Event: ======'slide_last_game_score_slide1_created'====== Args={'_from_bcp': True}
2020-08-10 19:21:08,961 : INFO : EventManager : Event: ======'slide_last_game_score_slide1_active'====== Args={'_from_bcp': True}
2020-08-10 19:21:16,909 : INFO : EventManager : Event: ======'slide_show_high_scores_removed'====== Args={'_from_bcp': True}
2020-08-10 19:21:16,920 : INFO : EventManager : Event: ======'slide_show_high_scores_created'====== Args={'_from_bcp': True}
2020-08-10 19:21:16,927 : INFO : EventManager : Event: ======'slide_show_high_scores_active'====== Args={'_from_bcp': True}
2020-08-10 19:21:17,916 : INFO : EventManager : Event: ======'slide_awesome_slide_removed'====== Args={'_from_bcp': True}
2020-08-10 19:21:17,918 : INFO : EventManager : Event: ======'slide_awesome_slide_created'====== Args={'_from_bcp': True}
2020-08-10 19:21:17,921 : INFO : EventManager : Event: ======'slide_awesome_slide_active'====== Args={'_from_bcp': True}
2020-08-10 19:21:20,935 : INFO : EventManager : Event: ======'slide_press_start_removed'====== Args={'_from_bcp': True}
2020-08-10 19:21:20,936 : INFO : EventManager : Event: ======'slide_press_start_created'====== Args={'_from_bcp': True}
2020-08-10 19:21:20,936 : INFO : EventManager : Event: ======'slide_press_start_active'====== Args={'_from_bcp': True}
2020-08-10 19:21:23,915 : INFO : EventManager : Event: ======'slide_mission_pinball_removed'====== Args={'_from_bcp': True}
2020-08-10 19:21:23,924 : INFO : EventManager : Event: ======'slide_mission_pinball_created'====== Args={'_from_bcp': True}
2020-08-10 19:21:23,928 : INFO : EventManager : Event: ======'slide_mission_pinball_active'====== Args={'_from_bcp': True}
2020-08-10 19:21:29,928 : INFO : EventManager : Event: ======'slide_GameCard_removed'====== Args={'_from_bcp': True}
2020-08-10 19:21:29,932 : INFO : EventManager : Event: ======'slide_GameCard_created'====== Args={'_from_bcp': True}
2020-08-10 19:21:29,934 : INFO : EventManager : Event: ======'slide_GameCard_active'====== Args={'_from_bcp': True}
2020-08-10 19:21:32,916 : INFO : EventManager : Event: ======'slide_HowTo_removed'====== Args={'_from_bcp': True}
2020-08-10 19:21:32,940 : INFO : EventManager : Event: ======'slide_HowTo_created'====== Args={'_from_bcp': True}
2020-08-10 19:21:32,949 : INFO : EventManager : Event: ======'slide_HowTo_active'====== Args={'_from_bcp': True}
2020-08-10 19:21:40,912 : INFO : EventManager : Event: ======'slide_last_game_score_slide1_removed'====== Args={'_from_bcp': True}
2020-08-10 19:21:40,934 : INFO : EventManager : Event: ======'slide_last_game_score_slide1_created'====== Args={'_from_bcp': True}
2020-08-10 19:21:40,943 : INFO : EventManager : Event: ======'slide_last_game_score_slide1_active'====== Args={'_from_bcp': True}
2020-08-10 19:21:48,931 : INFO : EventManager : Event: ======'slide_show_high_scores_removed'====== Args={'_from_bcp': True}
2020-08-10 19:21:48,947 : INFO : EventManager : Event: ======'slide_show_high_scores_created'====== Args={'_from_bcp': True}
2020-08-10 19:21:48,956 : INFO : EventManager : Event: ======'slide_show_high_scores_active'====== Args={'_from_bcp': True}
2020-08-10 19:21:49,921 : INFO : EventManager : Event: ======'slide_awesome_slide_removed'====== Args={'_from_bcp': True}
2020-08-10 19:21:49,925 : INFO : EventManager : Event: ======'slide_awesome_slide_created'====== Args={'_from_bcp': True}
2020-08-10 19:21:49,928 : INFO : EventManager : Event: ======'slide_awesome_slide_active'====== Args={'_from_bcp': True}
2020-08-10 19:21:52,912 : INFO : EventManager : Event: ======'slide_press_start_removed'====== Args={'_from_bcp': True}
2020-08-10 19:21:52,920 : INFO : EventManager : Event: ======'slide_press_start_created'====== Args={'_from_bcp': True}
2020-08-10 19:21:52,924 : INFO : EventManager : Event: ======'slide_press_start_active'====== Args={'_from_bcp': True}
2020-08-10 19:21:55,906 : INFO : EventManager : Event: ======'slide_mission_pinball_removed'====== Args={'_from_bcp': True}
2020-08-10 19:21:55,912 : INFO : EventManager : Event: ======'slide_mission_pinball_created'====== Args={'_from_bcp': True}
2020-08-10 19:21:55,915 : INFO : EventManager : Event: ======'slide_mission_pinball_active'====== Args={'_from_bcp': True}
2020-08-10 19:22:01,931 : INFO : EventManager : Event: ======'slide_GameCard_removed'====== Args={'_from_bcp': True}
2020-08-10 19:22:01,935 : INFO : EventManager : Event: ======'slide_GameCard_created'====== Args={'_from_bcp': True}
2020-08-10 19:22:01,937 : INFO : EventManager : Event: ======'slide_GameCard_active'====== Args={'_from_bcp': True}
2020-08-10 19:22:04,913 : INFO : EventManager : Event: ======'slide_HowTo_removed'====== Args={'_from_bcp': True}
2020-08-10 19:22:04,937 : INFO : EventManager : Event: ======'slide_HowTo_created'====== Args={'_from_bcp': True}
2020-08-10 19:22:04,943 : INFO : EventManager : Event: ======'slide_HowTo_active'====== Args={'_from_bcp': True}
2020-08-10 19:22:12,912 : INFO : EventManager : Event: ======'slide_last_game_score_slide1_removed'====== Args={'_from_bcp': True}
2020-08-10 19:22:13,000 : INFO : EventManager : Event: ======'slide_last_game_score_slide1_created'====== Args={'_from_bcp': True}
2020-08-10 19:22:13,007 : INFO : EventManager : Event: ======'slide_last_game_score_slide1_active'====== Args={'_from_bcp': True}
2020-08-10 19:22:20,926 : INFO : EventManager : Event: ======'slide_show_high_scores_removed'====== Args={'_from_bcp': True}
2020-08-10 19:22:20,937 : INFO : EventManager : Event: ======'slide_show_high_scores_created'====== Args={'_from_bcp': True}
2020-08-10 19:22:20,945 : INFO : EventManager : Event: ======'slide_show_high_scores_active'====== Args={'_from_bcp': True}
2020-08-10 19:22:21,926 : INFO : EventManager : Event: ======'slide_awesome_slide_removed'====== Args={'_from_bcp': True}
2020-08-10 19:22:21,927 : INFO : EventManager : Event: ======'slide_awesome_slide_created'====== Args={'_from_bcp': True}
2020-08-10 19:22:21,928 : INFO : EventManager : Event: ======'slide_awesome_slide_active'====== Args={'_from_bcp': True}
2020-08-10 19:22:24,909 : INFO : EventManager : Event: ======'slide_press_start_removed'====== Args={'_from_bcp': True}
2020-08-10 19:22:24,922 : INFO : EventManager : Event: ======'slide_press_start_created'====== Args={'_from_bcp': True}
2020-08-10 19:22:24,923 : INFO : EventManager : Event: ======'slide_press_start_active'====== Args={'_from_bcp': True}
2020-08-10 19:22:27,915 : INFO : EventManager : Event: ======'slide_mission_pinball_removed'====== Args={'_from_bcp': True}
2020-08-10 19:22:27,921 : INFO : EventManager : Event: ======'slide_mission_pinball_created'====== Args={'_from_bcp': True}
2020-08-10 19:22:27,924 : INFO : EventManager : Event: ======'slide_mission_pinball_active'====== Args={'_from_bcp': True}
2020-08-10 19:22:33,917 : INFO : EventManager : Event: ======'slide_GameCard_removed'====== Args={'_from_bcp': True}
2020-08-10 19:22:33,919 : INFO : EventManager : Event: ======'slide_GameCard_created'====== Args={'_from_bcp': True}
2020-08-10 19:22:33,921 : INFO : EventManager : Event: ======'slide_GameCard_active'====== Args={'_from_bcp': True}
2020-08-10 19:22:36,947 : INFO : EventManager : Event: ======'slide_HowTo_removed'====== Args={'_from_bcp': True}
2020-08-10 19:22:36,964 : INFO : EventManager : Event: ======'slide_HowTo_created'====== Args={'_from_bcp': True}
2020-08-10 19:22:36,970 : INFO : EventManager : Event: ======'slide_HowTo_active'====== Args={'_from_bcp': True}
2020-08-10 19:22:44,920 : INFO : EventManager : Event: ======'slide_last_game_score_slide1_removed'====== Args={'_from_bcp': True}
2020-08-10 19:22:44,936 : INFO : EventManager : Event: ======'slide_last_game_score_slide1_created'====== Args={'_from_bcp': True}
2020-08-10 19:22:44,944 : INFO : EventManager : Event: ======'slide_last_game_score_slide1_active'====== Args={'_from_bcp': True}
2020-08-10 19:22:52,913 : INFO : EventManager : Event: ======'slide_show_high_scores_removed'====== Args={'_from_bcp': True}
2020-08-10 19:22:52,929 : INFO : EventManager : Event: ======'slide_show_high_scores_created'====== Args={'_from_bcp': True}
2020-08-10 19:22:52,940 : INFO : EventManager : Event: ======'slide_show_high_scores_active'====== Args={'_from_bcp': True}
2020-08-10 19:22:53,918 : INFO : EventManager : Event: ======'slide_awesome_slide_removed'====== Args={'_from_bcp': True}
2020-08-10 19:22:53,922 : INFO : EventManager : Event: ======'slide_awesome_slide_created'====== Args={'_from_bcp': True}
2020-08-10 19:22:53,925 : INFO : EventManager : Event: ======'slide_awesome_slide_active'====== Args={'_from_bcp': True}
2020-08-10 19:22:56,934 : INFO : EventManager : Event: ======'slide_press_start_removed'====== Args={'_from_bcp': True}
2020-08-10 19:22:56,935 : INFO : EventManager : Event: ======'slide_press_start_created'====== Args={'_from_bcp': True}
2020-08-10 19:22:56,935 : INFO : EventManager : Event: ======'slide_press_start_active'====== Args={'_from_bcp': True}
2020-08-10 19:22:59,928 : INFO : EventManager : Event: ======'slide_mission_pinball_removed'====== Args={'_from_bcp': True}
2020-08-10 19:22:59,934 : INFO : EventManager : Event: ======'slide_mission_pinball_created'====== Args={'_from_bcp': True}
2020-08-10 19:22:59,938 : INFO : EventManager : Event: ======'slide_mission_pinball_active'====== Args={'_from_bcp': True}
2020-08-10 19:23:05,924 : INFO : EventManager : Event: ======'slide_GameCard_removed'====== Args={'_from_bcp': True}
2020-08-10 19:23:05,928 : INFO : EventManager : Event: ======'slide_GameCard_created'====== Args={'_from_bcp': True}
2020-08-10 19:23:05,930 : INFO : EventManager : Event: ======'slide_GameCard_active'====== Args={'_from_bcp': True}
2020-08-10 19:23:08,920 : INFO : EventManager : Event: ======'slide_HowTo_removed'====== Args={'_from_bcp': True}
2020-08-10 19:23:08,944 : INFO : EventManager : Event: ======'slide_HowTo_created'====== Args={'_from_bcp': True}
2020-08-10 19:23:08,953 : INFO : EventManager : Event: ======'slide_HowTo_active'====== Args={'_from_bcp': True}
2020-08-10 19:23:16,940 : INFO : EventManager : Event: ======'slide_last_game_score_slide1_removed'====== Args={'_from_bcp': True}
2020-08-10 19:23:16,944 : INFO : EventManager : Event: ======'slide_last_game_score_slide1_created'====== Args={'_from_bcp': True}
2020-08-10 19:23:16,951 : INFO : EventManager : Event: ======'slide_last_game_score_slide1_active'====== Args={'_from_bcp': True}
2020-08-10 19:23:24,917 : INFO : EventManager : Event: ======'slide_show_high_scores_removed'====== Args={'_from_bcp': True}
2020-08-10 19:23:24,929 : INFO : EventManager : Event: ======'slide_show_high_scores_created'====== Args={'_from_bcp': True}
2020-08-10 19:23:24,937 : INFO : EventManager : Event: ======'slide_show_high_scores_active'====== Args={'_from_bcp': True}
2020-08-10 19:23:25,921 : INFO : EventManager : Event: ======'slide_awesome_slide_removed'====== Args={'_from_bcp': True}
2020-08-10 19:23:25,925 : INFO : EventManager : Event: ======'slide_awesome_slide_created'====== Args={'_from_bcp': True}
2020-08-10 19:23:25,928 : INFO : EventManager : Event: ======'slide_awesome_slide_active'====== Args={'_from_bcp': True}
2020-08-10 19:23:28,917 : INFO : EventManager : Event: ======'slide_press_start_removed'====== Args={'_from_bcp': True}
2020-08-10 19:23:28,925 : INFO : EventManager : Event: ======'slide_press_start_created'====== Args={'_from_bcp': True}
2020-08-10 19:23:28,929 : INFO : EventManager : Event: ======'slide_press_start_active'====== Args={'_from_bcp': True}
2020-08-10 19:23:31,943 : INFO : EventManager : Event: ======'slide_mission_pinball_removed'====== Args={'_from_bcp': True}
2020-08-10 19:23:31,946 : INFO : EventManager : Event: ======'slide_mission_pinball_created'====== Args={'_from_bcp': True}
2020-08-10 19:23:31,947 : INFO : EventManager : Event: ======'slide_mission_pinball_active'====== Args={'_from_bcp': True}
2020-08-10 19:23:37,908 : INFO : EventManager : Event: ======'slide_GameCard_removed'====== Args={'_from_bcp': True}
2020-08-10 19:23:37,912 : INFO : EventManager : Event: ======'slide_GameCard_created'====== Args={'_from_bcp': True}
2020-08-10 19:23:37,914 : INFO : EventManager : Event: ======'slide_GameCard_active'====== Args={'_from_bcp': True}
2020-08-10 19:23:40,907 : INFO : EventManager : Event: ======'slide_HowTo_removed'====== Args={'_from_bcp': True}
2020-08-10 19:23:40,931 : INFO : EventManager : Event: ======'slide_HowTo_created'====== Args={'_from_bcp': True}
2020-08-10 19:23:40,939 : INFO : EventManager : Event: ======'slide_HowTo_active'====== Args={'_from_bcp': True}
2020-08-10 19:23:48,932 : INFO : EventManager : Event: ======'slide_last_game_score_slide1_removed'====== Args={'_from_bcp': True}
2020-08-10 19:23:48,952 : INFO : EventManager : Event: ======'slide_last_game_score_slide1_created'====== Args={'_from_bcp': True}
2020-08-10 19:23:48,959 : INFO : EventManager : Event: ======'slide_last_game_score_slide1_active'====== Args={'_from_bcp': True}
2020-08-10 19:23:56,919 : INFO : EventManager : Event: ======'slide_show_high_scores_removed'====== Args={'_from_bcp': True}
2020-08-10 19:23:56,933 : INFO : EventManager : Event: ======'slide_show_high_scores_created'====== Args={'_from_bcp': True}
2020-08-10 19:23:56,942 : INFO : EventManager : Event: ======'slide_show_high_scores_active'====== Args={'_from_bcp': True}
2020-08-10 19:23:57,928 : INFO : EventManager : Event: ======'slide_awesome_slide_removed'====== Args={'_from_bcp': True}
2020-08-10 19:23:57,929 : INFO : EventManager : Event: ======'slide_awesome_slide_created'====== Args={'_from_bcp': True}
2020-08-10 19:23:57,929 : INFO : EventManager : Event: ======'slide_awesome_slide_active'====== Args={'_from_bcp': True}
2020-08-10 19:24:00,911 : INFO : EventManager : Event: ======'slide_press_start_removed'====== Args={'_from_bcp': True}
2020-08-10 19:24:00,922 : INFO : EventManager : Event: ======'slide_press_start_created'====== Args={'_from_bcp': True}
2020-08-10 19:24:00,922 : INFO : EventManager : Event: ======'slide_press_start_active'====== Args={'_from_bcp': True}
2020-08-10 19:24:03,927 : INFO : EventManager : Event: ======'slide_mission_pinball_removed'====== Args={'_from_bcp': True}
2020-08-10 19:24:03,932 : INFO : EventManager : Event: ======'slide_mission_pinball_created'====== Args={'_from_bcp': True}
2020-08-10 19:24:03,938 : INFO : EventManager : Event: ======'slide_mission_pinball_active'====== Args={'_from_bcp': True}
2020-08-10 19:24:09,913 : INFO : EventManager : Event: ======'slide_GameCard_removed'====== Args={'_from_bcp': True}
2020-08-10 19:24:09,918 : INFO : EventManager : Event: ======'slide_GameCard_created'====== Args={'_from_bcp': True}
2020-08-10 19:24:09,920 : INFO : EventManager : Event: ======'slide_GameCard_active'====== Args={'_from_bcp': True}
2020-08-10 19:24:12,906 : INFO : EventManager : Event: ======'slide_HowTo_removed'====== Args={'_from_bcp': True}
2020-08-10 19:24:12,995 : INFO : EventManager : Event: ======'slide_HowTo_created'====== Args={'_from_bcp': True}
2020-08-10 19:24:13,003 : INFO : EventManager : Event: ======'slide_HowTo_active'====== Args={'_from_bcp': True}
2020-08-10 19:24:20,932 : INFO : EventManager : Event: ======'slide_last_game_score_slide1_removed'====== Args={'_from_bcp': True}
2020-08-10 19:24:20,949 : INFO : EventManager : Event: ======'slide_last_game_score_slide1_created'====== Args={'_from_bcp': True}
2020-08-10 19:24:20,960 : INFO : EventManager : Event: ======'slide_last_game_score_slide1_active'====== Args={'_from_bcp': True}
2020-08-10 19:24:28,907 : INFO : EventManager : Event: ======'slide_show_high_scores_removed'====== Args={'_from_bcp': True}
2020-08-10 19:24:28,924 : INFO : EventManager : Event: ======'slide_show_high_scores_created'====== Args={'_from_bcp': True}
2020-08-10 19:24:28,936 : INFO : EventManager : Event: ======'slide_show_high_scores_active'====== Args={'_from_bcp': True}
2020-08-10 19:24:29,912 : INFO : EventManager : Event: ======'slide_awesome_slide_removed'====== Args={'_from_bcp': True}
2020-08-10 19:24:29,916 : INFO : EventManager : Event: ======'slide_awesome_slide_created'====== Args={'_from_bcp': True}
2020-08-10 19:24:29,919 : INFO : EventManager : Event: ======'slide_awesome_slide_active'====== Args={'_from_bcp': True}
2020-08-10 19:24:32,905 : INFO : EventManager : Event: ======'slide_press_start_removed'====== Args={'_from_bcp': True}
2020-08-10 19:24:32,909 : INFO : EventManager : Event: ======'slide_press_start_created'====== Args={'_from_bcp': True}
2020-08-10 19:24:32,913 : INFO : EventManager : Event: ======'slide_press_start_active'====== Args={'_from_bcp': True}
2020-08-10 19:24:35,914 : INFO : EventManager : Event: ======'slide_mission_pinball_removed'====== Args={'_from_bcp': True}
2020-08-10 19:24:35,931 : INFO : EventManager : Event: ======'slide_mission_pinball_created'====== Args={'_from_bcp': True}
2020-08-10 19:24:35,931 : INFO : EventManager : Event: ======'slide_mission_pinball_active'====== Args={'_from_bcp': True}
2020-08-10 19:24:41,911 : INFO : EventManager : Event: ======'slide_GameCard_removed'====== Args={'_from_bcp': True}
2020-08-10 19:24:41,917 : INFO : EventManager : Event: ======'slide_GameCard_created'====== Args={'_from_bcp': True}
2020-08-10 19:24:41,920 : INFO : EventManager : Event: ======'slide_GameCard_active'====== Args={'_from_bcp': True}
2020-08-10 19:24:44,926 : INFO : EventManager : Event: ======'slide_HowTo_removed'====== Args={'_from_bcp': True}
2020-08-10 19:24:44,942 : INFO : EventManager : Event: ======'slide_HowTo_created'====== Args={'_from_bcp': True}
2020-08-10 19:24:44,949 : INFO : EventManager : Event: ======'slide_HowTo_active'====== Args={'_from_bcp': True}
2020-08-10 19:24:52,918 : INFO : EventManager : Event: ======'slide_last_game_score_slide1_removed'====== Args={'_from_bcp': True}
2020-08-10 19:24:52,938 : INFO : EventManager : Event: ======'slide_last_game_score_slide1_created'====== Args={'_from_bcp': True}
2020-08-10 19:24:52,946 : INFO : EventManager : Event: ======'slide_last_game_score_slide1_active'====== Args={'_from_bcp': True}
2020-08-10 19:25:00,919 : INFO : EventManager : Event: ======'slide_show_high_scores_removed'====== Args={'_from_bcp': True}
2020-08-10 19:25:00,928 : INFO : EventManager : Event: ======'slide_show_high_scores_created'====== Args={'_from_bcp': True}
2020-08-10 19:25:00,936 : INFO : EventManager : Event: ======'slide_show_high_scores_active'====== Args={'_from_bcp': True}
2020-08-10 19:25:01,905 : INFO : EventManager : Event: ======'slide_awesome_slide_removed'====== Args={'_from_bcp': True}
2020-08-10 19:25:01,909 : INFO : EventManager : Event: ======'slide_awesome_slide_created'====== Args={'_from_bcp': True}
2020-08-10 19:25:01,914 : INFO : EventManager : Event: ======'slide_awesome_slide_active'====== Args={'_from_bcp': True}
2020-08-10 19:25:04,913 : INFO : EventManager : Event: ======'slide_press_start_removed'====== Args={'_from_bcp': True}
2020-08-10 19:25:04,920 : INFO : EventManager : Event: ======'slide_press_start_created'====== Args={'_from_bcp': True}
2020-08-10 19:25:04,924 : INFO : EventManager : Event: ======'slide_press_start_active'====== Args={'_from_bcp': True}
2020-08-10 19:25:07,922 : INFO : EventManager : Event: ======'slide_mission_pinball_removed'====== Args={'_from_bcp': True}
2020-08-10 19:25:07,940 : INFO : EventManager : Event: ======'slide_mission_pinball_created'====== Args={'_from_bcp': True}
2020-08-10 19:25:07,941 : INFO : EventManager : Event: ======'slide_mission_pinball_active'====== Args={'_from_bcp': True}
2020-08-10 19:25:13,929 : INFO : EventManager : Event: ======'slide_GameCard_removed'====== Args={'_from_bcp': True}
2020-08-10 19:25:13,930 : INFO : EventManager : Event: ======'slide_GameCard_created'====== Args={'_from_bcp': True}
2020-08-10 19:25:13,930 : INFO : EventManager : Event: ======'slide_GameCard_active'====== Args={'_from_bcp': True}
2020-08-10 19:25:16,911 : INFO : EventManager : Event: ======'slide_HowTo_removed'====== Args={'_from_bcp': True}
2020-08-10 19:25:16,936 : INFO : EventManager : Event: ======'slide_HowTo_created'====== Args={'_from_bcp': True}
2020-08-10 19:25:16,943 : INFO : EventManager : Event: ======'slide_HowTo_active'====== Args={'_from_bcp': True}
2020-08-10 19:25:24,922 : INFO : EventManager : Event: ======'slide_last_game_score_slide1_removed'====== Args={'_from_bcp': True}
2020-08-10 19:25:24,956 : INFO : EventManager : Event: ======'slide_last_game_score_slide1_created'====== Args={'_from_bcp': True}
2020-08-10 19:25:24,957 : INFO : EventManager : Event: ======'slide_last_game_score_slide1_active'====== Args={'_from_bcp': True}
2020-08-10 19:25:32,943 : INFO : EventManager : Event: ======'slide_show_high_scores_removed'====== Args={'_from_bcp': True}
2020-08-10 19:25:32,945 : INFO : EventManager : Event: ======'slide_show_high_scores_created'====== Args={'_from_bcp': True}
2020-08-10 19:25:32,958 : INFO : EventManager : Event: ======'slide_show_high_scores_active'====== Args={'_from_bcp': True}
2020-08-10 19:25:33,916 : INFO : EventManager : Event: ======'slide_awesome_slide_removed'====== Args={'_from_bcp': True}
2020-08-10 19:25:33,928 : INFO : EventManager : Event: ======'slide_awesome_slide_created'====== Args={'_from_bcp': True}
2020-08-10 19:25:33,929 : INFO : EventManager : Event: ======'slide_awesome_slide_active'====== Args={'_from_bcp': True}
2020-08-10 19:25:36,931 : INFO : EventManager : Event: ======'slide_press_start_removed'====== Args={'_from_bcp': True}
2020-08-10 19:25:36,932 : INFO : EventManager : Event: ======'slide_press_start_created'====== Args={'_from_bcp': True}
2020-08-10 19:25:36,936 : INFO : EventManager : Event: ======'slide_press_start_active'====== Args={'_from_bcp': True}
2020-08-10 19:25:39,933 : INFO : EventManager : Event: ======'slide_mission_pinball_removed'====== Args={'_from_bcp': True}
2020-08-10 19:25:39,934 : INFO : EventManager : Event: ======'slide_mission_pinball_created'====== Args={'_from_bcp': True}
2020-08-10 19:25:39,934 : INFO : EventManager : Event: ======'slide_mission_pinball_active'====== Args={'_from_bcp': True}
2020-08-10 19:25:45,929 : INFO : EventManager : Event: ======'slide_GameCard_removed'====== Args={'_from_bcp': True}
2020-08-10 19:25:45,936 : INFO : EventManager : Event: ======'slide_GameCard_created'====== Args={'_from_bcp': True}
2020-08-10 19:25:45,937 : INFO : EventManager : Event: ======'slide_GameCard_active'====== Args={'_from_bcp': True}
2020-08-10 19:25:48,920 : INFO : EventManager : Event: ======'slide_HowTo_removed'====== Args={'_from_bcp': True}
2020-08-10 19:25:48,946 : INFO : EventManager : Event: ======'slide_HowTo_created'====== Args={'_from_bcp': True}
2020-08-10 19:25:48,947 : INFO : EventManager : Event: ======'slide_HowTo_active'====== Args={'_from_bcp': True}
2020-08-10 19:25:56,910 : INFO : EventManager : Event: ======'slide_last_game_score_slide1_removed'====== Args={'_from_bcp': True}
2020-08-10 19:25:56,940 : INFO : EventManager : Event: ======'slide_last_game_score_slide1_created'====== Args={'_from_bcp': True}
2020-08-10 19:25:56,940 : INFO : EventManager : Event: ======'slide_last_game_score_slide1_active'====== Args={'_from_bcp': True}
2020-08-10 19:26:04,910 : INFO : EventManager : Event: ======'slide_show_high_scores_removed'====== Args={'_from_bcp': True}
2020-08-10 19:26:04,991 : INFO : EventManager : Event: ======'slide_show_high_scores_created'====== Args={'_from_bcp': True}
2020-08-10 19:26:05,005 : INFO : EventManager : Event: ======'slide_show_high_scores_active'====== Args={'_from_bcp': True}
2020-08-10 19:26:05,920 : INFO : EventManager : Event: ======'slide_awesome_slide_removed'====== Args={'_from_bcp': True}
2020-08-10 19:26:05,923 : INFO : EventManager : Event: ======'slide_awesome_slide_created'====== Args={'_from_bcp': True}
2020-08-10 19:26:05,925 : INFO : EventManager : Event: ======'slide_awesome_slide_active'====== Args={'_from_bcp': True}
2020-08-10 19:26:08,913 : INFO : EventManager : Event: ======'slide_press_start_removed'====== Args={'_from_bcp': True}
2020-08-10 19:26:08,920 : INFO : EventManager : Event: ======'slide_press_start_created'====== Args={'_from_bcp': True}
2020-08-10 19:26:08,924 : INFO : EventManager : Event: ======'slide_press_start_active'====== Args={'_from_bcp': True}
2020-08-10 19:26:11,938 : INFO : EventManager : Event: ======'slide_mission_pinball_removed'====== Args={'_from_bcp': True}
2020-08-10 19:26:11,948 : INFO : EventManager : Event: ======'slide_mission_pinball_created'====== Args={'_from_bcp': True}
2020-08-10 19:26:11,953 : INFO : EventManager : Event: ======'slide_mission_pinball_active'====== Args={'_from_bcp': True}
2020-08-10 19:26:17,924 : INFO : EventManager : Event: ======'slide_GameCard_removed'====== Args={'_from_bcp': True}
2020-08-10 19:26:17,928 : INFO : EventManager : Event: ======'slide_GameCard_created'====== Args={'_from_bcp': True}
2020-08-10 19:26:17,931 : INFO : EventManager : Event: ======'slide_GameCard_active'====== Args={'_from_bcp': True}
2020-08-10 19:26:20,928 : INFO : EventManager : Event: ======'slide_HowTo_removed'====== Args={'_from_bcp': True}
2020-08-10 19:26:20,952 : INFO : EventManager : Event: ======'slide_HowTo_created'====== Args={'_from_bcp': True}
2020-08-10 19:26:20,960 : INFO : EventManager : Event: ======'slide_HowTo_active'====== Args={'_from_bcp': True}
2020-08-10 19:26:28,924 : INFO : EventManager : Event: ======'slide_last_game_score_slide1_removed'====== Args={'_from_bcp': True}
2020-08-10 19:26:28,962 : INFO : EventManager : Event: ======'slide_last_game_score_slide1_created'====== Args={'_from_bcp': True}
2020-08-10 19:26:28,963 : INFO : EventManager : Event: ======'slide_last_game_score_slide1_active'====== Args={'_from_bcp': True}
2020-08-10 19:26:36,933 : INFO : EventManager : Event: ======'slide_show_high_scores_removed'====== Args={'_from_bcp': True}
2020-08-10 19:26:36,934 : INFO : EventManager : Event: ======'slide_show_high_scores_created'====== Args={'_from_bcp': True}
2020-08-10 19:26:36,942 : INFO : EventManager : Event: ======'slide_show_high_scores_active'====== Args={'_from_bcp': True}
2020-08-10 19:26:37,909 : INFO : EventManager : Event: ======'slide_awesome_slide_removed'====== Args={'_from_bcp': True}
2020-08-10 19:26:37,924 : INFO : EventManager : Event: ======'slide_awesome_slide_created'====== Args={'_from_bcp': True}
2020-08-10 19:26:37,925 : INFO : EventManager : Event: ======'slide_awesome_slide_active'====== Args={'_from_bcp': True}
2020-08-10 19:26:40,924 : INFO : EventManager : Event: ======'slide_press_start_removed'====== Args={'_from_bcp': True}
2020-08-10 19:26:40,931 : INFO : EventManager : Event: ======'slide_press_start_created'====== Args={'_from_bcp': True}
2020-08-10 19:26:40,937 : INFO : EventManager : Event: ======'slide_press_start_active'====== Args={'_from_bcp': True}
2020-08-10 19:26:43,914 : INFO : EventManager : Event: ======'slide_mission_pinball_removed'====== Args={'_from_bcp': True}
2020-08-10 19:26:43,922 : INFO : EventManager : Event: ======'slide_mission_pinball_created'====== Args={'_from_bcp': True}
2020-08-10 19:26:43,926 : INFO : EventManager : Event: ======'slide_mission_pinball_active'====== Args={'_from_bcp': True}
2020-08-10 19:26:49,903 : INFO : EventManager : Event: ======'slide_GameCard_removed'====== Args={'_from_bcp': True}
2020-08-10 19:26:49,907 : INFO : EventManager : Event: ======'slide_GameCard_created'====== Args={'_from_bcp': True}
2020-08-10 19:26:49,908 : INFO : EventManager : Event: ======'slide_GameCard_active'====== Args={'_from_bcp': True}
2020-08-10 19:26:52,935 : INFO : EventManager : Event: ======'slide_HowTo_removed'====== Args={'_from_bcp': True}
2020-08-10 19:26:52,973 : INFO : EventManager : Event: ======'slide_HowTo_created'====== Args={'_from_bcp': True}
2020-08-10 19:26:52,973 : INFO : EventManager : Event: ======'slide_HowTo_active'====== Args={'_from_bcp': True}
2020-08-10 19:27:00,932 : INFO : EventManager : Event: ======'slide_last_game_score_slide1_removed'====== Args={'_from_bcp': True}
2020-08-10 19:27:00,961 : INFO : EventManager : Event: ======'slide_last_game_score_slide1_created'====== Args={'_from_bcp': True}
2020-08-10 19:27:00,961 : INFO : EventManager : Event: ======'slide_last_game_score_slide1_active'====== Args={'_from_bcp': True}
2020-08-10 19:27:08,909 : INFO : EventManager : Event: ======'slide_show_high_scores_removed'====== Args={'_from_bcp': True}
2020-08-10 19:27:08,925 : INFO : EventManager : Event: ======'slide_show_high_scores_created'====== Args={'_from_bcp': True}
2020-08-10 19:27:08,950 : INFO : EventManager : Event: ======'slide_show_high_scores_active'====== Args={'_from_bcp': True}
2020-08-10 19:27:09,916 : INFO : EventManager : Event: ======'slide_awesome_slide_removed'====== Args={'_from_bcp': True}
2020-08-10 19:27:09,920 : INFO : EventManager : Event: ======'slide_awesome_slide_created'====== Args={'_from_bcp': True}
2020-08-10 19:27:09,929 : INFO : EventManager : Event: ======'slide_awesome_slide_active'====== Args={'_from_bcp': True}
2020-08-10 19:27:12,935 : INFO : EventManager : Event: ======'slide_press_start_removed'====== Args={'_from_bcp': True}
2020-08-10 19:27:12,937 : INFO : EventManager : Event: ======'slide_press_start_created'====== Args={'_from_bcp': True}
2020-08-10 19:27:12,938 : INFO : EventManager : Event: ======'slide_press_start_active'====== Args={'_from_bcp': True}
2020-08-10 19:27:15,926 : INFO : EventManager : Event: ======'slide_mission_pinball_removed'====== Args={'_from_bcp': True}
2020-08-10 19:27:15,927 : INFO : EventManager : Event: ======'slide_mission_pinball_created'====== Args={'_from_bcp': True}
2020-08-10 19:27:15,930 : INFO : EventManager : Event: ======'slide_mission_pinball_active'====== Args={'_from_bcp': True}
2020-08-10 19:27:21,923 : INFO : EventManager : Event: ======'slide_GameCard_removed'====== Args={'_from_bcp': True}
2020-08-10 19:27:21,924 : INFO : EventManager : Event: ======'slide_GameCard_created'====== Args={'_from_bcp': True}
2020-08-10 19:27:21,926 : INFO : EventManager : Event: ======'slide_GameCard_active'====== Args={'_from_bcp': True}
2020-08-10 19:27:24,917 : INFO : EventManager : Event: ======'slide_HowTo_removed'====== Args={'_from_bcp': True}
2020-08-10 19:27:24,929 : INFO : EventManager : Event: ======'slide_HowTo_created'====== Args={'_from_bcp': True}
2020-08-10 19:27:24,947 : INFO : EventManager : Event: ======'slide_HowTo_active'====== Args={'_from_bcp': True}
2020-08-10 19:27:32,915 : INFO : EventManager : Event: ======'slide_last_game_score_slide1_removed'====== Args={'_from_bcp': True}
2020-08-10 19:27:32,943 : INFO : EventManager : Event: ======'slide_last_game_score_slide1_created'====== Args={'_from_bcp': True}
2020-08-10 19:27:32,944 : INFO : EventManager : Event: ======'slide_last_game_score_slide1_active'====== Args={'_from_bcp': True}
2020-08-10 19:27:40,914 : INFO : EventManager : Event: ======'slide_show_high_scores_removed'====== Args={'_from_bcp': True}
2020-08-10 19:27:40,931 : INFO : EventManager : Event: ======'slide_show_high_scores_created'====== Args={'_from_bcp': True}
2020-08-10 19:27:40,943 : INFO : EventManager : Event: ======'slide_show_high_scores_active'====== Args={'_from_bcp': True}
2020-08-10 19:27:41,923 : INFO : EventManager : Event: ======'slide_awesome_slide_removed'====== Args={'_from_bcp': True}
2020-08-10 19:27:41,928 : INFO : EventManager : Event: ======'slide_awesome_slide_created'====== Args={'_from_bcp': True}
2020-08-10 19:27:41,929 : INFO : EventManager : Event: ======'slide_awesome_slide_active'====== Args={'_from_bcp': True}
2020-08-10 19:27:44,923 : INFO : EventManager : Event: ======'slide_press_start_removed'====== Args={'_from_bcp': True}
2020-08-10 19:27:44,929 : INFO : EventManager : Event: ======'slide_press_start_created'====== Args={'_from_bcp': True}
2020-08-10 19:27:44,940 : INFO : EventManager : Event: ======'slide_press_start_active'====== Args={'_from_bcp': True}
2020-08-10 19:27:47,912 : INFO : EventManager : Event: ======'slide_mission_pinball_removed'====== Args={'_from_bcp': True}
2020-08-10 19:27:47,921 : INFO : EventManager : Event: ======'slide_mission_pinball_created'====== Args={'_from_bcp': True}
2020-08-10 19:27:47,939 : INFO : EventManager : Event: ======'slide_mission_pinball_active'====== Args={'_from_bcp': True}
2020-08-10 19:27:53,932 : INFO : EventManager : Event: ======'slide_GameCard_removed'====== Args={'_from_bcp': True}
2020-08-10 19:27:53,933 : INFO : EventManager : Event: ======'slide_GameCard_created'====== Args={'_from_bcp': True}
2020-08-10 19:27:53,934 : INFO : EventManager : Event: ======'slide_GameCard_active'====== Args={'_from_bcp': True}
2020-08-10 19:27:56,910 : INFO : EventManager : Event: ======'slide_HowTo_removed'====== Args={'_from_bcp': True}
2020-08-10 19:27:56,992 : INFO : EventManager : Event: ======'slide_HowTo_created'====== Args={'_from_bcp': True}
2020-08-10 19:27:56,999 : INFO : EventManager : Event: ======'slide_HowTo_active'====== Args={'_from_bcp': True}
2020-08-10 19:28:04,922 : INFO : EventManager : Event: ======'slide_last_game_score_slide1_removed'====== Args={'_from_bcp': True}
2020-08-10 19:28:04,951 : INFO : EventManager : Event: ======'slide_last_game_score_slide1_created'====== Args={'_from_bcp': True}
2020-08-10 19:28:04,952 : INFO : EventManager : Event: ======'slide_last_game_score_slide1_active'====== Args={'_from_bcp': True}
2020-08-10 19:28:12,912 : INFO : EventManager : Event: ======'slide_show_high_scores_removed'====== Args={'_from_bcp': True}
2020-08-10 19:28:12,960 : INFO : EventManager : Event: ======'slide_show_high_scores_created'====== Args={'_from_bcp': True}
2020-08-10 19:28:12,961 : INFO : EventManager : Event: ======'slide_show_high_scores_active'====== Args={'_from_bcp': True}
2020-08-10 19:28:13,909 : INFO : EventManager : Event: ======'slide_awesome_slide_removed'====== Args={'_from_bcp': True}
2020-08-10 19:28:13,914 : INFO : EventManager : Event: ======'slide_awesome_slide_created'====== Args={'_from_bcp': True}
2020-08-10 19:28:13,919 : INFO : EventManager : Event: ======'slide_awesome_slide_active'====== Args={'_from_bcp': True}
2020-08-10 19:28:16,919 : INFO : EventManager : Event: ======'slide_press_start_removed'====== Args={'_from_bcp': True}
2020-08-10 19:28:16,925 : INFO : EventManager : Event: ======'slide_press_start_created'====== Args={'_from_bcp': True}
2020-08-10 19:28:16,930 : INFO : EventManager : Event: ======'slide_press_start_active'====== Args={'_from_bcp': True}
2020-08-10 19:28:19,949 : INFO : EventManager : Event: ======'slide_mission_pinball_removed'====== Args={'_from_bcp': True}
2020-08-10 19:28:19,949 : INFO : EventManager : Event: ======'slide_mission_pinball_created'====== Args={'_from_bcp': True}
2020-08-10 19:28:19,950 : INFO : EventManager : Event: ======'slide_mission_pinball_active'====== Args={'_from_bcp': True}
2020-08-10 19:28:25,918 : INFO : EventManager : Event: ======'slide_GameCard_removed'====== Args={'_from_bcp': True}
2020-08-10 19:28:25,921 : INFO : EventManager : Event: ======'slide_GameCard_created'====== Args={'_from_bcp': True}
2020-08-10 19:28:25,922 : INFO : EventManager : Event: ======'slide_GameCard_active'====== Args={'_from_bcp': True}
2020-08-10 19:28:28,917 : INFO : EventManager : Event: ======'slide_HowTo_removed'====== Args={'_from_bcp': True}
2020-08-10 19:28:28,963 : INFO : EventManager : Event: ======'slide_HowTo_created'====== Args={'_from_bcp': True}
2020-08-10 19:28:28,963 : INFO : EventManager : Event: ======'slide_HowTo_active'====== Args={'_from_bcp': True}
2020-08-10 19:28:36,904 : INFO : EventManager : Event: ======'slide_last_game_score_slide1_removed'====== Args={'_from_bcp': True}
2020-08-10 19:28:36,930 : INFO : EventManager : Event: ======'slide_last_game_score_slide1_created'====== Args={'_from_bcp': True}
2020-08-10 19:28:36,931 : INFO : EventManager : Event: ======'slide_last_game_score_slide1_active'====== Args={'_from_bcp': True}
2020-08-10 19:28:44,907 : INFO : EventManager : Event: ======'slide_show_high_scores_removed'====== Args={'_from_bcp': True}
2020-08-10 19:28:44,923 : INFO : EventManager : Event: ======'slide_show_high_scores_created'====== Args={'_from_bcp': True}
2020-08-10 19:28:44,936 : INFO : EventManager : Event: ======'slide_show_high_scores_active'====== Args={'_from_bcp': True}
2020-08-10 19:28:45,906 : INFO : EventManager : Event: ======'slide_awesome_slide_removed'====== Args={'_from_bcp': True}
2020-08-10 19:28:45,910 : INFO : EventManager : Event: ======'slide_awesome_slide_created'====== Args={'_from_bcp': True}
2020-08-10 19:28:45,912 : INFO : EventManager : Event: ======'slide_awesome_slide_active'====== Args={'_from_bcp': True}
2020-08-10 19:28:48,918 : INFO : EventManager : Event: ======'slide_press_start_removed'====== Args={'_from_bcp': True}
2020-08-10 19:28:48,920 : INFO : EventManager : Event: ======'slide_press_start_created'====== Args={'_from_bcp': True}
2020-08-10 19:28:48,925 : INFO : EventManager : Event: ======'slide_press_start_active'====== Args={'_from_bcp': True}
2020-08-10 19:28:51,929 : INFO : EventManager : Event: ======'slide_mission_pinball_removed'====== Args={'_from_bcp': True}
2020-08-10 19:28:51,938 : INFO : EventManager : Event: ======'slide_mission_pinball_created'====== Args={'_from_bcp': True}
2020-08-10 19:28:51,942 : INFO : EventManager : Event: ======'slide_mission_pinball_active'====== Args={'_from_bcp': True}
2020-08-10 19:28:57,931 : INFO : EventManager : Event: ======'slide_GameCard_removed'====== Args={'_from_bcp': True}
2020-08-10 19:28:57,935 : INFO : EventManager : Event: ======'slide_GameCard_created'====== Args={'_from_bcp': True}
2020-08-10 19:28:57,936 : INFO : EventManager : Event: ======'slide_GameCard_active'====== Args={'_from_bcp': True}
2020-08-10 19:29:00,920 : INFO : EventManager : Event: ======'slide_HowTo_removed'====== Args={'_from_bcp': True}
2020-08-10 19:29:00,947 : INFO : EventManager : Event: ======'slide_HowTo_created'====== Args={'_from_bcp': True}
2020-08-10 19:29:00,947 : INFO : EventManager : Event: ======'slide_HowTo_active'====== Args={'_from_bcp': True}
2020-08-10 19:29:08,937 : INFO : EventManager : Event: ======'slide_last_game_score_slide1_removed'====== Args={'_from_bcp': True}
2020-08-10 19:29:08,939 : INFO : EventManager : Event: ======'slide_last_game_score_slide1_created'====== Args={'_from_bcp': True}
2020-08-10 19:29:08,946 : INFO : EventManager : Event: ======'slide_last_game_score_slide1_active'====== Args={'_from_bcp': True}
2020-08-10 19:29:16,927 : INFO : EventManager : Event: ======'slide_show_high_scores_removed'====== Args={'_from_bcp': True}
2020-08-10 19:29:16,929 : INFO : EventManager : Event: ======'slide_show_high_scores_created'====== Args={'_from_bcp': True}
2020-08-10 19:29:16,951 : INFO : EventManager : Event: ======'slide_show_high_scores_active'====== Args={'_from_bcp': True}
2020-08-10 19:29:17,922 : INFO : EventManager : Event: ======'slide_awesome_slide_removed'====== Args={'_from_bcp': True}
2020-08-10 19:29:17,926 : INFO : EventManager : Event: ======'slide_awesome_slide_created'====== Args={'_from_bcp': True}
2020-08-10 19:29:17,929 : INFO : EventManager : Event: ======'slide_awesome_slide_active'====== Args={'_from_bcp': True}
2020-08-10 19:29:20,921 : INFO : EventManager : Event: ======'slide_press_start_removed'====== Args={'_from_bcp': True}
2020-08-10 19:29:20,928 : INFO : EventManager : Event: ======'slide_press_start_created'====== Args={'_from_bcp': True}
2020-08-10 19:29:20,933 : INFO : EventManager : Event: ======'slide_press_start_active'====== Args={'_from_bcp': True}
2020-08-10 19:29:23,921 : INFO : EventManager : Event: ======'slide_mission_pinball_removed'====== Args={'_from_bcp': True}
2020-08-10 19:29:23,935 : INFO : EventManager : Event: ======'slide_mission_pinball_created'====== Args={'_from_bcp': True}
2020-08-10 19:29:23,936 : INFO : EventManager : Event: ======'slide_mission_pinball_active'====== Args={'_from_bcp': True}
2020-08-10 19:29:29,913 : INFO : EventManager : Event: ======'slide_GameCard_removed'====== Args={'_from_bcp': True}
2020-08-10 19:29:29,920 : INFO : EventManager : Event: ======'slide_GameCard_created'====== Args={'_from_bcp': True}
2020-08-10 19:29:29,921 : INFO : EventManager : Event: ======'slide_GameCard_active'====== Args={'_from_bcp': True}
2020-08-10 19:29:32,930 : INFO : EventManager : Event: ======'slide_HowTo_removed'====== Args={'_from_bcp': True}
2020-08-10 19:29:32,933 : INFO : EventManager : Event: ======'slide_HowTo_created'====== Args={'_from_bcp': True}
2020-08-10 19:29:32,939 : INFO : EventManager : Event: ======'slide_HowTo_active'====== Args={'_from_bcp': True}
2020-08-10 19:29:40,908 : INFO : EventManager : Event: ======'slide_last_game_score_slide1_removed'====== Args={'_from_bcp': True}
2020-08-10 19:29:40,929 : INFO : EventManager : Event: ======'slide_last_game_score_slide1_created'====== Args={'_from_bcp': True}
2020-08-10 19:29:40,941 : INFO : EventManager : Event: ======'slide_last_game_score_slide1_active'====== Args={'_from_bcp': True}
2020-08-10 19:29:48,973 : INFO : EventManager : Event: ======'slide_show_high_scores_removed'====== Args={'_from_bcp': True}
2020-08-10 19:29:49,000 : INFO : EventManager : Event: ======'slide_show_high_scores_created'====== Args={'_from_bcp': True}
2020-08-10 19:29:49,010 : INFO : EventManager : Event: ======'slide_show_high_scores_active'====== Args={'_from_bcp': True}
2020-08-10 19:29:49,928 : INFO : EventManager : Event: ======'slide_awesome_slide_removed'====== Args={'_from_bcp': True}
2020-08-10 19:29:49,929 : INFO : EventManager : Event: ======'slide_awesome_slide_created'====== Args={'_from_bcp': True}
2020-08-10 19:29:49,929 : INFO : EventManager : Event: ======'slide_awesome_slide_active'====== Args={'_from_bcp': True}
2020-08-10 19:29:52,910 : INFO : EventManager : Event: ======'slide_press_start_removed'====== Args={'_from_bcp': True}
2020-08-10 19:29:52,923 : INFO : EventManager : Event: ======'slide_press_start_created'====== Args={'_from_bcp': True}
2020-08-10 19:29:52,924 : INFO : EventManager : Event: ======'slide_press_start_active'====== Args={'_from_bcp': True}
2020-08-10 19:29:55,916 : INFO : EventManager : Event: ======'slide_mission_pinball_removed'====== Args={'_from_bcp': True}
2020-08-10 19:29:55,925 : INFO : EventManager : Event: ======'slide_mission_pinball_created'====== Args={'_from_bcp': True}
2020-08-10 19:29:55,930 : INFO : EventManager : Event: ======'slide_mission_pinball_active'====== Args={'_from_bcp': True}
2020-08-10 19:30:01,908 : INFO : EventManager : Event: ======'slide_GameCard_removed'====== Args={'_from_bcp': True}
2020-08-10 19:30:01,908 : INFO : EventManager : Event: ======'slide_GameCard_created'====== Args={'_from_bcp': True}
2020-08-10 19:30:01,909 : INFO : EventManager : Event: ======'slide_GameCard_active'====== Args={'_from_bcp': True}
2020-08-10 19:30:04,919 : INFO : EventManager : Event: ======'slide_HowTo_removed'====== Args={'_from_bcp': True}
2020-08-10 19:30:04,962 : INFO : EventManager : Event: ======'slide_HowTo_created'====== Args={'_from_bcp': True}
2020-08-10 19:30:04,962 : INFO : EventManager : Event: ======'slide_HowTo_active'====== Args={'_from_bcp': True}
2020-08-10 19:30:12,927 : INFO : EventManager : Event: ======'slide_last_game_score_slide1_removed'====== Args={'_from_bcp': True}
2020-08-10 19:30:12,929 : INFO : EventManager : Event: ======'slide_last_game_score_slide1_created'====== Args={'_from_bcp': True}
2020-08-10 19:30:12,936 : INFO : EventManager : Event: ======'slide_last_game_score_slide1_active'====== Args={'_from_bcp': True}
2020-08-10 19:30:20,921 : INFO : EventManager : Event: ======'slide_show_high_scores_removed'====== Args={'_from_bcp': True}
2020-08-10 19:30:20,927 : INFO : EventManager : Event: ======'slide_show_high_scores_created'====== Args={'_from_bcp': True}
2020-08-10 19:30:20,938 : INFO : EventManager : Event: ======'slide_show_high_scores_active'====== Args={'_from_bcp': True}
2020-08-10 19:30:21,924 : INFO : EventManager : Event: ======'slide_awesome_slide_removed'====== Args={'_from_bcp': True}
2020-08-10 19:30:21,928 : INFO : EventManager : Event: ======'slide_awesome_slide_created'====== Args={'_from_bcp': True}
2020-08-10 19:30:21,933 : INFO : EventManager : Event: ======'slide_awesome_slide_active'====== Args={'_from_bcp': True}
2020-08-10 19:30:24,905 : INFO : EventManager : Event: ======'slide_press_start_removed'====== Args={'_from_bcp': True}
2020-08-10 19:30:24,909 : INFO : EventManager : Event: ======'slide_press_start_created'====== Args={'_from_bcp': True}
2020-08-10 19:30:24,913 : INFO : EventManager : Event: ======'slide_press_start_active'====== Args={'_from_bcp': True}
2020-08-10 19:30:27,920 : INFO : EventManager : Event: ======'slide_mission_pinball_removed'====== Args={'_from_bcp': True}
2020-08-10 19:30:27,937 : INFO : EventManager : Event: ======'slide_mission_pinball_created'====== Args={'_from_bcp': True}
2020-08-10 19:30:27,938 : INFO : EventManager : Event: ======'slide_mission_pinball_active'====== Args={'_from_bcp': True}
2020-08-10 19:30:33,920 : INFO : EventManager : Event: ======'slide_GameCard_removed'====== Args={'_from_bcp': True}
2020-08-10 19:30:33,923 : INFO : EventManager : Event: ======'slide_GameCard_created'====== Args={'_from_bcp': True}
2020-08-10 19:30:33,924 : INFO : EventManager : Event: ======'slide_GameCard_active'====== Args={'_from_bcp': True}
2020-08-10 19:30:36,937 : INFO : EventManager : Event: ======'slide_HowTo_removed'====== Args={'_from_bcp': True}
2020-08-10 19:30:36,971 : INFO : EventManager : Event: ======'slide_HowTo_created'====== Args={'_from_bcp': True}
2020-08-10 19:30:36,972 : INFO : EventManager : Event: ======'slide_HowTo_active'====== Args={'_from_bcp': True}
2020-08-10 19:30:44,919 : INFO : EventManager : Event: ======'slide_last_game_score_slide1_removed'====== Args={'_from_bcp': True}
2020-08-10 19:30:44,938 : INFO : EventManager : Event: ======'slide_last_game_score_slide1_created'====== Args={'_from_bcp': True}
2020-08-10 19:30:44,951 : INFO : EventManager : Event: ======'slide_last_game_score_slide1_active'====== Args={'_from_bcp': True}
2020-08-10 19:30:52,908 : INFO : EventManager : Event: ======'slide_show_high_scores_removed'====== Args={'_from_bcp': True}
2020-08-10 19:30:52,940 : INFO : EventManager : Event: ======'slide_show_high_scores_created'====== Args={'_from_bcp': True}
2020-08-10 19:30:52,941 : INFO : EventManager : Event: ======'slide_show_high_scores_active'====== Args={'_from_bcp': True}
2020-08-10 19:30:53,921 : INFO : EventManager : Event: ======'slide_awesome_slide_removed'====== Args={'_from_bcp': True}
2020-08-10 19:30:53,925 : INFO : EventManager : Event: ======'slide_awesome_slide_created'====== Args={'_from_bcp': True}
2020-08-10 19:30:53,928 : INFO : EventManager : Event: ======'slide_awesome_slide_active'====== Args={'_from_bcp': True}
2020-08-10 19:30:56,927 : INFO : EventManager : Event: ======'slide_press_start_removed'====== Args={'_from_bcp': True}
2020-08-10 19:30:56,942 : INFO : EventManager : Event: ======'slide_press_start_created'====== Args={'_from_bcp': True}
2020-08-10 19:30:56,943 : INFO : EventManager : Event: ======'slide_press_start_active'====== Args={'_from_bcp': True}
2020-08-10 19:30:59,911 : INFO : EventManager : Event: ======'slide_mission_pinball_removed'====== Args={'_from_bcp': True}
2020-08-10 19:30:59,921 : INFO : EventManager : Event: ======'slide_mission_pinball_created'====== Args={'_from_bcp': True}
2020-08-10 19:30:59,926 : INFO : EventManager : Event: ======'slide_mission_pinball_active'====== Args={'_from_bcp': True}
2020-08-10 19:31:05,916 : INFO : EventManager : Event: ======'slide_GameCard_removed'====== Args={'_from_bcp': True}
2020-08-10 19:31:05,920 : INFO : EventManager : Event: ======'slide_GameCard_created'====== Args={'_from_bcp': True}
2020-08-10 19:31:05,923 : INFO : EventManager : Event: ======'slide_GameCard_active'====== Args={'_from_bcp': True}
2020-08-10 19:31:08,932 : INFO : EventManager : Event: ======'slide_HowTo_removed'====== Args={'_from_bcp': True}
2020-08-10 19:31:08,946 : INFO : EventManager : Event: ======'slide_HowTo_created'====== Args={'_from_bcp': True}
2020-08-10 19:31:08,958 : INFO : EventManager : Event: ======'slide_HowTo_active'====== Args={'_from_bcp': True}
2020-08-10 19:31:16,928 : INFO : EventManager : Event: ======'slide_last_game_score_slide1_removed'====== Args={'_from_bcp': True}
2020-08-10 19:31:16,954 : INFO : EventManager : Event: ======'slide_last_game_score_slide1_created'====== Args={'_from_bcp': True}
2020-08-10 19:31:16,955 : INFO : EventManager : Event: ======'slide_last_game_score_slide1_active'====== Args={'_from_bcp': True}
2020-08-10 19:31:24,931 : INFO : EventManager : Event: ======'slide_show_high_scores_removed'====== Args={'_from_bcp': True}
2020-08-10 19:31:24,947 : INFO : EventManager : Event: ======'slide_show_high_scores_created'====== Args={'_from_bcp': True}
2020-08-10 19:31:24,955 : INFO : EventManager : Event: ======'slide_show_high_scores_active'====== Args={'_from_bcp': True}
2020-08-10 19:31:25,927 : INFO : EventManager : Event: ======'slide_awesome_slide_removed'====== Args={'_from_bcp': True}
2020-08-10 19:31:25,931 : INFO : EventManager : Event: ======'slide_awesome_slide_created'====== Args={'_from_bcp': True}
2020-08-10 19:31:25,933 : INFO : EventManager : Event: ======'slide_awesome_slide_active'====== Args={'_from_bcp': True}
2020-08-10 19:31:28,933 : INFO : EventManager : Event: ======'slide_press_start_removed'====== Args={'_from_bcp': True}
2020-08-10 19:31:28,935 : INFO : EventManager : Event: ======'slide_press_start_created'====== Args={'_from_bcp': True}
2020-08-10 19:31:28,935 : INFO : EventManager : Event: ======'slide_press_start_active'====== Args={'_from_bcp': True}
2020-08-10 19:31:31,924 : INFO : EventManager : Event: ======'slide_mission_pinball_removed'====== Args={'_from_bcp': True}
2020-08-10 19:31:31,926 : INFO : EventManager : Event: ======'slide_mission_pinball_created'====== Args={'_from_bcp': True}
2020-08-10 19:31:31,929 : INFO : EventManager : Event: ======'slide_mission_pinball_active'====== Args={'_from_bcp': True}
2020-08-10 19:31:37,915 : INFO : EventManager : Event: ======'slide_GameCard_removed'====== Args={'_from_bcp': True}
2020-08-10 19:31:37,917 : INFO : EventManager : Event: ======'slide_GameCard_created'====== Args={'_from_bcp': True}
2020-08-10 19:31:37,917 : INFO : EventManager : Event: ======'slide_GameCard_active'====== Args={'_from_bcp': True}
2020-08-10 19:31:40,915 : INFO : EventManager : Event: ======'slide_HowTo_removed'====== Args={'_from_bcp': True}
2020-08-10 19:31:41,000 : INFO : EventManager : Event: ======'slide_HowTo_created'====== Args={'_from_bcp': True}
2020-08-10 19:31:41,008 : INFO : EventManager : Event: ======'slide_HowTo_active'====== Args={'_from_bcp': True}
2020-08-10 19:31:48,912 : INFO : EventManager : Event: ======'slide_last_game_score_slide1_removed'====== Args={'_from_bcp': True}
2020-08-10 19:31:48,933 : INFO : EventManager : Event: ======'slide_last_game_score_slide1_created'====== Args={'_from_bcp': True}
2020-08-10 19:31:48,945 : INFO : EventManager : Event: ======'slide_last_game_score_slide1_active'====== Args={'_from_bcp': True}
2020-08-10 19:31:56,916 : INFO : EventManager : Event: ======'slide_show_high_scores_removed'====== Args={'_from_bcp': True}
2020-08-10 19:31:56,928 : INFO : EventManager : Event: ======'slide_show_high_scores_created'====== Args={'_from_bcp': True}
2020-08-10 19:31:56,936 : INFO : EventManager : Event: ======'slide_show_high_scores_active'====== Args={'_from_bcp': True}
2020-08-10 19:31:57,929 : INFO : EventManager : Event: ======'slide_awesome_slide_removed'====== Args={'_from_bcp': True}
2020-08-10 19:31:57,933 : INFO : EventManager : Event: ======'slide_awesome_slide_created'====== Args={'_from_bcp': True}
2020-08-10 19:31:57,936 : INFO : EventManager : Event: ======'slide_awesome_slide_active'====== Args={'_from_bcp': True}
2020-08-10 19:32:00,905 : INFO : EventManager : Event: ======'slide_press_start_removed'====== Args={'_from_bcp': True}
2020-08-10 19:32:00,911 : INFO : EventManager : Event: ======'slide_press_start_created'====== Args={'_from_bcp': True}
2020-08-10 19:32:00,915 : INFO : EventManager : Event: ======'slide_press_start_active'====== Args={'_from_bcp': True}
2020-08-10 19:32:03,947 : INFO : EventManager : Event: ======'slide_mission_pinball_removed'====== Args={'_from_bcp': True}
2020-08-10 19:32:03,948 : INFO : EventManager : Event: ======'slide_mission_pinball_created'====== Args={'_from_bcp': True}
2020-08-10 19:32:03,948 : INFO : EventManager : Event: ======'slide_mission_pinball_active'====== Args={'_from_bcp': True}
2020-08-10 19:32:09,912 : INFO : EventManager : Event: ======'slide_GameCard_removed'====== Args={'_from_bcp': True}
2020-08-10 19:32:09,916 : INFO : EventManager : Event: ======'slide_GameCard_created'====== Args={'_from_bcp': True}
2020-08-10 19:32:09,917 : INFO : EventManager : Event: ======'slide_GameCard_active'====== Args={'_from_bcp': True}
2020-08-10 19:32:12,922 : INFO : EventManager : Event: ======'slide_HowTo_removed'====== Args={'_from_bcp': True}
2020-08-10 19:32:12,945 : INFO : EventManager : Event: ======'slide_HowTo_created'====== Args={'_from_bcp': True}
2020-08-10 19:32:12,952 : INFO : EventManager : Event: ======'slide_HowTo_active'====== Args={'_from_bcp': True}
2020-08-10 19:32:20,908 : INFO : EventManager : Event: ======'slide_last_game_score_slide1_removed'====== Args={'_from_bcp': True}
2020-08-10 19:32:20,928 : INFO : EventManager : Event: ======'slide_last_game_score_slide1_created'====== Args={'_from_bcp': True}
2020-08-10 19:32:20,935 : INFO : EventManager : Event: ======'slide_last_game_score_slide1_active'====== Args={'_from_bcp': True}
2020-08-10 19:32:28,930 : INFO : EventManager : Event: ======'slide_show_high_scores_removed'====== Args={'_from_bcp': True}
2020-08-10 19:32:28,938 : INFO : EventManager : Event: ======'slide_show_high_scores_created'====== Args={'_from_bcp': True}
2020-08-10 19:32:28,946 : INFO : EventManager : Event: ======'slide_show_high_scores_active'====== Args={'_from_bcp': True}
2020-08-10 19:32:29,907 : INFO : EventManager : Event: ======'slide_awesome_slide_removed'====== Args={'_from_bcp': True}
2020-08-10 19:32:29,908 : INFO : EventManager : Event: ======'slide_awesome_slide_created'====== Args={'_from_bcp': True}
2020-08-10 19:32:29,911 : INFO : EventManager : Event: ======'slide_awesome_slide_active'====== Args={'_from_bcp': True}
2020-08-10 19:32:32,935 : INFO : EventManager : Event: ======'slide_press_start_removed'====== Args={'_from_bcp': True}
2020-08-10 19:32:32,944 : INFO : EventManager : Event: ======'slide_press_start_created'====== Args={'_from_bcp': True}
2020-08-10 19:32:32,949 : INFO : EventManager : Event: ======'slide_press_start_active'====== Args={'_from_bcp': True}
2020-08-10 19:32:35,922 : INFO : EventManager : Event: ======'slide_mission_pinball_removed'====== Args={'_from_bcp': True}
2020-08-10 19:32:35,930 : INFO : EventManager : Event: ======'slide_mission_pinball_created'====== Args={'_from_bcp': True}
2020-08-10 19:32:35,935 : INFO : EventManager : Event: ======'slide_mission_pinball_active'====== Args={'_from_bcp': True}
2020-08-10 19:32:41,902 : INFO : EventManager : Event: ======'slide_GameCard_removed'====== Args={'_from_bcp': True}
2020-08-10 19:32:41,906 : INFO : EventManager : Event: ======'slide_GameCard_created'====== Args={'_from_bcp': True}
2020-08-10 19:32:41,907 : INFO : EventManager : Event: ======'slide_GameCard_active'====== Args={'_from_bcp': True}
2020-08-10 19:32:44,924 : INFO : EventManager : Event: ======'slide_HowTo_removed'====== Args={'_from_bcp': True}
2020-08-10 19:32:44,941 : INFO : EventManager : Event: ======'slide_HowTo_created'====== Args={'_from_bcp': True}
2020-08-10 19:32:44,947 : INFO : EventManager : Event: ======'slide_HowTo_active'====== Args={'_from_bcp': True}
2020-08-10 19:32:52,917 : INFO : EventManager : Event: ======'slide_last_game_score_slide1_removed'====== Args={'_from_bcp': True}
2020-08-10 19:32:52,937 : INFO : EventManager : Event: ======'slide_last_game_score_slide1_created'====== Args={'_from_bcp': True}
2020-08-10 19:32:52,952 : INFO : EventManager : Event: ======'slide_last_game_score_slide1_active'====== Args={'_from_bcp': True}
2020-08-10 19:33:00,911 : INFO : EventManager : Event: ======'slide_show_high_scores_removed'====== Args={'_from_bcp': True}
2020-08-10 19:33:00,927 : INFO : EventManager : Event: ======'slide_show_high_scores_created'====== Args={'_from_bcp': True}
2020-08-10 19:33:00,940 : INFO : EventManager : Event: ======'slide_show_high_scores_active'====== Args={'_from_bcp': True}
2020-08-10 19:33:01,909 : INFO : EventManager : Event: ======'slide_awesome_slide_removed'====== Args={'_from_bcp': True}
2020-08-10 19:33:01,913 : INFO : EventManager : Event: ======'slide_awesome_slide_created'====== Args={'_from_bcp': True}
2020-08-10 19:33:01,915 : INFO : EventManager : Event: ======'slide_awesome_slide_active'====== Args={'_from_bcp': True}
2020-08-10 19:33:04,935 : INFO : EventManager : Event: ======'slide_press_start_removed'====== Args={'_from_bcp': True}
2020-08-10 19:33:04,942 : INFO : EventManager : Event: ======'slide_press_start_created'====== Args={'_from_bcp': True}
2020-08-10 19:33:04,944 : INFO : EventManager : Event: ======'slide_press_start_active'====== Args={'_from_bcp': True}
2020-08-10 19:33:07,911 : INFO : EventManager : Event: ======'slide_mission_pinball_removed'====== Args={'_from_bcp': True}
2020-08-10 19:33:07,931 : INFO : EventManager : Event: ======'slide_mission_pinball_created'====== Args={'_from_bcp': True}
2020-08-10 19:33:07,932 : INFO : EventManager : Event: ======'slide_mission_pinball_active'====== Args={'_from_bcp': True}
2020-08-10 19:33:13,921 : INFO : EventManager : Event: ======'slide_GameCard_removed'====== Args={'_from_bcp': True}
2020-08-10 19:33:13,924 : INFO : EventManager : Event: ======'slide_GameCard_created'====== Args={'_from_bcp': True}
2020-08-10 19:33:13,925 : INFO : EventManager : Event: ======'slide_GameCard_active'====== Args={'_from_bcp': True}
2020-08-10 19:33:16,916 : INFO : EventManager : Event: ======'slide_HowTo_removed'====== Args={'_from_bcp': True}
2020-08-10 19:33:16,940 : INFO : EventManager : Event: ======'slide_HowTo_created'====== Args={'_from_bcp': True}
2020-08-10 19:33:16,949 : INFO : EventManager : Event: ======'slide_HowTo_active'====== Args={'_from_bcp': True}
2020-08-10 19:33:24,938 : INFO : EventManager : Event: ======'slide_last_game_score_slide1_removed'====== Args={'_from_bcp': True}
2020-08-10 19:33:24,953 : INFO : EventManager : Event: ======'slide_last_game_score_slide1_created'====== Args={'_from_bcp': True}
2020-08-10 19:33:24,960 : INFO : EventManager : Event: ======'slide_last_game_score_slide1_active'====== Args={'_from_bcp': True}
2020-08-10 19:33:32,933 : INFO : EventManager : Event: ======'slide_show_high_scores_removed'====== Args={'_from_bcp': True}
2020-08-10 19:33:32,949 : INFO : EventManager : Event: ======'slide_show_high_scores_created'====== Args={'_from_bcp': True}
2020-08-10 19:33:32,960 : INFO : EventManager : Event: ======'slide_show_high_scores_active'====== Args={'_from_bcp': True}
2020-08-10 19:33:33,914 : INFO : EventManager : Event: ======'slide_awesome_slide_removed'====== Args={'_from_bcp': True}
2020-08-10 19:33:33,987 : INFO : EventManager : Event: ======'slide_awesome_slide_created'====== Args={'_from_bcp': True}
2020-08-10 19:33:33,990 : INFO : EventManager : Event: ======'slide_awesome_slide_active'====== Args={'_from_bcp': True}
2020-08-10 19:33:36,914 : INFO : EventManager : Event: ======'slide_press_start_removed'====== Args={'_from_bcp': True}
2020-08-10 19:33:36,920 : INFO : EventManager : Event: ======'slide_press_start_created'====== Args={'_from_bcp': True}
2020-08-10 19:33:36,923 : INFO : EventManager : Event: ======'slide_press_start_active'====== Args={'_from_bcp': True}
2020-08-10 19:33:39,920 : INFO : EventManager : Event: ======'slide_mission_pinball_removed'====== Args={'_from_bcp': True}
2020-08-10 19:33:39,939 : INFO : EventManager : Event: ======'slide_mission_pinball_created'====== Args={'_from_bcp': True}
2020-08-10 19:33:39,939 : INFO : EventManager : Event: ======'slide_mission_pinball_active'====== Args={'_from_bcp': True}
2020-08-10 19:33:45,926 : INFO : EventManager : Event: ======'slide_GameCard_removed'====== Args={'_from_bcp': True}
2020-08-10 19:33:45,927 : INFO : EventManager : Event: ======'slide_GameCard_created'====== Args={'_from_bcp': True}
2020-08-10 19:33:45,927 : INFO : EventManager : Event: ======'slide_GameCard_active'====== Args={'_from_bcp': True}
2020-08-10 19:33:48,914 : INFO : EventManager : Event: ======'slide_HowTo_removed'====== Args={'_from_bcp': True}
2020-08-10 19:33:48,939 : INFO : EventManager : Event: ======'slide_HowTo_created'====== Args={'_from_bcp': True}
2020-08-10 19:33:48,947 : INFO : EventManager : Event: ======'slide_HowTo_active'====== Args={'_from_bcp': True}
2020-08-10 19:33:56,914 : INFO : EventManager : Event: ======'slide_last_game_score_slide1_removed'====== Args={'_from_bcp': True}
2020-08-10 19:33:56,933 : INFO : EventManager : Event: ======'slide_last_game_score_slide1_created'====== Args={'_from_bcp': True}
2020-08-10 19:33:56,940 : INFO : EventManager : Event: ======'slide_last_game_score_slide1_active'====== Args={'_from_bcp': True}
2020-08-10 19:34:04,917 : INFO : EventManager : Event: ======'slide_show_high_scores_removed'====== Args={'_from_bcp': True}
2020-08-10 19:34:04,934 : INFO : EventManager : Event: ======'slide_show_high_scores_created'====== Args={'_from_bcp': True}
2020-08-10 19:34:04,943 : INFO : EventManager : Event: ======'slide_show_high_scores_active'====== Args={'_from_bcp': True}
2020-08-10 19:34:05,908 : INFO : EventManager : Event: ======'slide_awesome_slide_removed'====== Args={'_from_bcp': True}
2020-08-10 19:34:05,912 : INFO : EventManager : Event: ======'slide_awesome_slide_created'====== Args={'_from_bcp': True}
2020-08-10 19:34:05,915 : INFO : EventManager : Event: ======'slide_awesome_slide_active'====== Args={'_from_bcp': True}
2020-08-10 19:34:08,930 : INFO : EventManager : Event: ======'slide_press_start_removed'====== Args={'_from_bcp': True}
2020-08-10 19:34:08,931 : INFO : EventManager : Event: ======'slide_press_start_created'====== Args={'_from_bcp': True}
2020-08-10 19:34:08,931 : INFO : EventManager : Event: ======'slide_press_start_active'====== Args={'_from_bcp': True}
2020-08-10 19:34:11,928 : INFO : EventManager : Event: ======'slide_mission_pinball_removed'====== Args={'_from_bcp': True}
2020-08-10 19:34:11,946 : INFO : EventManager : Event: ======'slide_mission_pinball_created'====== Args={'_from_bcp': True}
2020-08-10 19:34:11,947 : INFO : EventManager : Event: ======'slide_mission_pinball_active'====== Args={'_from_bcp': True}
2020-08-10 19:34:17,913 : INFO : EventManager : Event: ======'slide_GameCard_removed'====== Args={'_from_bcp': True}
2020-08-10 19:34:17,916 : INFO : EventManager : Event: ======'slide_GameCard_created'====== Args={'_from_bcp': True}
2020-08-10 19:34:17,918 : INFO : EventManager : Event: ======'slide_GameCard_active'====== Args={'_from_bcp': True}
2020-08-10 19:34:20,931 : INFO : EventManager : Event: ======'slide_HowTo_removed'====== Args={'_from_bcp': True}
2020-08-10 19:34:20,956 : INFO : EventManager : Event: ======'slide_HowTo_created'====== Args={'_from_bcp': True}
2020-08-10 19:34:20,962 : INFO : EventManager : Event: ======'slide_HowTo_active'====== Args={'_from_bcp': True}
2020-08-10 19:34:28,914 : INFO : EventManager : Event: ======'slide_last_game_score_slide1_removed'====== Args={'_from_bcp': True}
2020-08-10 19:34:28,936 : INFO : EventManager : Event: ======'slide_last_game_score_slide1_created'====== Args={'_from_bcp': True}
2020-08-10 19:34:28,945 : INFO : EventManager : Event: ======'slide_last_game_score_slide1_active'====== Args={'_from_bcp': True}
2020-08-10 19:34:36,910 : INFO : EventManager : Event: ======'slide_show_high_scores_removed'====== Args={'_from_bcp': True}
2020-08-10 19:34:36,927 : INFO : EventManager : Event: ======'slide_show_high_scores_created'====== Args={'_from_bcp': True}
2020-08-10 19:34:36,947 : INFO : EventManager : Event: ======'slide_show_high_scores_active'====== Args={'_from_bcp': True}
2020-08-10 19:34:37,912 : INFO : EventManager : Event: ======'slide_awesome_slide_removed'====== Args={'_from_bcp': True}
2020-08-10 19:34:37,916 : INFO : EventManager : Event: ======'slide_awesome_slide_created'====== Args={'_from_bcp': True}
2020-08-10 19:34:37,919 : INFO : EventManager : Event: ======'slide_awesome_slide_active'====== Args={'_from_bcp': True}
2020-08-10 19:34:40,918 : INFO : EventManager : Event: ======'slide_press_start_removed'====== Args={'_from_bcp': True}
2020-08-10 19:34:40,925 : INFO : EventManager : Event: ======'slide_press_start_created'====== Args={'_from_bcp': True}
2020-08-10 19:34:40,929 : INFO : EventManager : Event: ======'slide_press_start_active'====== Args={'_from_bcp': True}
2020-08-10 19:34:43,930 : INFO : EventManager : Event: ======'slide_mission_pinball_removed'====== Args={'_from_bcp': True}
2020-08-10 19:34:43,930 : INFO : EventManager : Event: ======'slide_mission_pinball_created'====== Args={'_from_bcp': True}
2020-08-10 19:34:43,932 : INFO : EventManager : Event: ======'slide_mission_pinball_active'====== Args={'_from_bcp': True}
2020-08-10 19:34:49,929 : INFO : EventManager : Event: ======'slide_GameCard_removed'====== Args={'_from_bcp': True}
2020-08-10 19:34:49,930 : INFO : EventManager : Event: ======'slide_GameCard_created'====== Args={'_from_bcp': True}
2020-08-10 19:34:49,930 : INFO : EventManager : Event: ======'slide_GameCard_active'====== Args={'_from_bcp': True}
2020-08-10 19:34:52,935 : INFO : EventManager : Event: ======'slide_HowTo_removed'====== Args={'_from_bcp': True}
2020-08-10 19:34:52,952 : INFO : EventManager : Event: ======'slide_HowTo_created'====== Args={'_from_bcp': True}
2020-08-10 19:34:52,958 : INFO : EventManager : Event: ======'slide_HowTo_active'====== Args={'_from_bcp': True}
2020-08-10 19:35:00,938 : INFO : EventManager : Event: ======'slide_last_game_score_slide1_removed'====== Args={'_from_bcp': True}
2020-08-10 19:35:00,964 : INFO : EventManager : Event: ======'slide_last_game_score_slide1_created'====== Args={'_from_bcp': True}
2020-08-10 19:35:00,964 : INFO : EventManager : Event: ======'slide_last_game_score_slide1_active'====== Args={'_from_bcp': True}
2020-08-10 19:35:08,922 : INFO : EventManager : Event: ======'slide_show_high_scores_removed'====== Args={'_from_bcp': True}
2020-08-10 19:35:08,940 : INFO : EventManager : Event: ======'slide_show_high_scores_created'====== Args={'_from_bcp': True}
2020-08-10 19:35:08,952 : INFO : EventManager : Event: ======'slide_show_high_scores_active'====== Args={'_from_bcp': True}
2020-08-10 19:35:09,916 : INFO : EventManager : Event: ======'slide_awesome_slide_removed'====== Args={'_from_bcp': True}
2020-08-10 19:35:09,917 : INFO : EventManager : Event: ======'slide_awesome_slide_created'====== Args={'_from_bcp': True}
2020-08-10 19:35:09,918 : INFO : EventManager : Event: ======'slide_awesome_slide_active'====== Args={'_from_bcp': True}
2020-08-10 19:35:12,929 : INFO : EventManager : Event: ======'slide_press_start_removed'====== Args={'_from_bcp': True}
2020-08-10 19:35:12,936 : INFO : EventManager : Event: ======'slide_press_start_created'====== Args={'_from_bcp': True}
2020-08-10 19:35:12,941 : INFO : EventManager : Event: ======'slide_press_start_active'====== Args={'_from_bcp': True}
2020-08-10 19:35:15,910 : INFO : EventManager : Event: ======'slide_mission_pinball_removed'====== Args={'_from_bcp': True}
2020-08-10 19:35:15,919 : INFO : EventManager : Event: ======'slide_mission_pinball_created'====== Args={'_from_bcp': True}
2020-08-10 19:35:15,921 : INFO : EventManager : Event: ======'slide_mission_pinball_active'====== Args={'_from_bcp': True}
2020-08-10 19:35:21,916 : INFO : EventManager : Event: ======'slide_GameCard_removed'====== Args={'_from_bcp': True}
2020-08-10 19:35:21,921 : INFO : EventManager : Event: ======'slide_GameCard_created'====== Args={'_from_bcp': True}
2020-08-10 19:35:21,922 : INFO : EventManager : Event: ======'slide_GameCard_active'====== Args={'_from_bcp': True}
2020-08-10 19:35:24,914 : INFO : EventManager : Event: ======'slide_HowTo_removed'====== Args={'_from_bcp': True}
2020-08-10 19:35:24,939 : INFO : EventManager : Event: ======'slide_HowTo_created'====== Args={'_from_bcp': True}
2020-08-10 19:35:24,948 : INFO : EventManager : Event: ======'slide_HowTo_active'====== Args={'_from_bcp': True}
2020-08-10 19:35:32,934 : INFO : EventManager : Event: ======'slide_last_game_score_slide1_removed'====== Args={'_from_bcp': True}
2020-08-10 19:35:33,020 : INFO : EventManager : Event: ======'slide_last_game_score_slide1_created'====== Args={'_from_bcp': True}
2020-08-10 19:35:33,029 : INFO : EventManager : Event: ======'slide_last_game_score_slide1_active'====== Args={'_from_bcp': True}
2020-08-10 19:35:40,928 : INFO : EventManager : Event: ======'slide_show_high_scores_removed'====== Args={'_from_bcp': True}
2020-08-10 19:35:40,943 : INFO : EventManager : Event: ======'slide_show_high_scores_created'====== Args={'_from_bcp': True}
2020-08-10 19:35:40,951 : INFO : EventManager : Event: ======'slide_show_high_scores_active'====== Args={'_from_bcp': True}
2020-08-10 19:35:41,921 : INFO : EventManager : Event: ======'slide_awesome_slide_removed'====== Args={'_from_bcp': True}
2020-08-10 19:35:41,925 : INFO : EventManager : Event: ======'slide_awesome_slide_created'====== Args={'_from_bcp': True}
2020-08-10 19:35:41,928 : INFO : EventManager : Event: ======'slide_awesome_slide_active'====== Args={'_from_bcp': True}
2020-08-10 19:35:44,927 : INFO : EventManager : Event: ======'slide_press_start_removed'====== Args={'_from_bcp': True}
2020-08-10 19:35:44,930 : INFO : EventManager : Event: ======'slide_press_start_created'====== Args={'_from_bcp': True}
2020-08-10 19:35:44,931 : INFO : EventManager : Event: ======'slide_press_start_active'====== Args={'_from_bcp': True}
2020-08-10 19:35:47,918 : INFO : EventManager : Event: ======'slide_mission_pinball_removed'====== Args={'_from_bcp': True}
2020-08-10 19:35:47,928 : INFO : EventManager : Event: ======'slide_mission_pinball_created'====== Args={'_from_bcp': True}
2020-08-10 19:35:47,933 : INFO : EventManager : Event: ======'slide_mission_pinball_active'====== Args={'_from_bcp': True}
2020-08-10 19:35:53,913 : INFO : EventManager : Event: ======'slide_GameCard_removed'====== Args={'_from_bcp': True}
2020-08-10 19:35:53,917 : INFO : EventManager : Event: ======'slide_GameCard_created'====== Args={'_from_bcp': True}
2020-08-10 19:35:53,919 : INFO : EventManager : Event: ======'slide_GameCard_active'====== Args={'_from_bcp': True}
2020-08-10 19:35:56,906 : INFO : EventManager : Event: ======'slide_HowTo_removed'====== Args={'_from_bcp': True}
2020-08-10 19:35:56,929 : INFO : EventManager : Event: ======'slide_HowTo_created'====== Args={'_from_bcp': True}
2020-08-10 19:35:56,935 : INFO : EventManager : Event: ======'slide_HowTo_active'====== Args={'_from_bcp': True}
2020-08-10 19:36:04,910 : INFO : EventManager : Event: ======'slide_last_game_score_slide1_removed'====== Args={'_from_bcp': True}
2020-08-10 19:36:04,930 : INFO : EventManager : Event: ======'slide_last_game_score_slide1_created'====== Args={'_from_bcp': True}
2020-08-10 19:36:04,940 : INFO : EventManager : Event: ======'slide_last_game_score_slide1_active'====== Args={'_from_bcp': True}
2020-08-10 19:36:12,925 : INFO : EventManager : Event: ======'slide_show_high_scores_removed'====== Args={'_from_bcp': True}
2020-08-10 19:36:12,940 : INFO : EventManager : Event: ======'slide_show_high_scores_created'====== Args={'_from_bcp': True}
2020-08-10 19:36:12,950 : INFO : EventManager : Event: ======'slide_show_high_scores_active'====== Args={'_from_bcp': True}
2020-08-10 19:36:13,917 : INFO : EventManager : Event: ======'slide_awesome_slide_removed'====== Args={'_from_bcp': True}
2020-08-10 19:36:13,921 : INFO : EventManager : Event: ======'slide_awesome_slide_created'====== Args={'_from_bcp': True}
2020-08-10 19:36:13,924 : INFO : EventManager : Event: ======'slide_awesome_slide_active'====== Args={'_from_bcp': True}
2020-08-10 19:36:16,904 : INFO : EventManager : Event: ======'slide_press_start_removed'====== Args={'_from_bcp': True}
2020-08-10 19:36:16,910 : INFO : EventManager : Event: ======'slide_press_start_created'====== Args={'_from_bcp': True}
2020-08-10 19:36:16,913 : INFO : EventManager : Event: ======'slide_press_start_active'====== Args={'_from_bcp': True}
2020-08-10 19:36:19,941 : INFO : EventManager : Event: ======'slide_mission_pinball_removed'====== Args={'_from_bcp': True}
2020-08-10 19:36:19,942 : INFO : EventManager : Event: ======'slide_mission_pinball_created'====== Args={'_from_bcp': True}
2020-08-10 19:36:19,942 : INFO : EventManager : Event: ======'slide_mission_pinball_active'====== Args={'_from_bcp': True}
2020-08-10 19:36:25,919 : INFO : EventManager : Event: ======'slide_GameCard_removed'====== Args={'_from_bcp': True}
2020-08-10 19:36:25,922 : INFO : EventManager : Event: ======'slide_GameCard_created'====== Args={'_from_bcp': True}
2020-08-10 19:36:25,924 : INFO : EventManager : Event: ======'slide_GameCard_active'====== Args={'_from_bcp': True}
2020-08-10 19:36:28,933 : INFO : EventManager : Event: ======'slide_HowTo_removed'====== Args={'_from_bcp': True}
2020-08-10 19:36:28,967 : INFO : EventManager : Event: ======'slide_HowTo_created'====== Args={'_from_bcp': True}
2020-08-10 19:36:28,968 : INFO : EventManager : Event: ======'slide_HowTo_active'====== Args={'_from_bcp': True}
2020-08-10 19:36:36,915 : INFO : EventManager : Event: ======'slide_last_game_score_slide1_removed'====== Args={'_from_bcp': True}
2020-08-10 19:36:36,935 : INFO : EventManager : Event: ======'slide_last_game_score_slide1_created'====== Args={'_from_bcp': True}
2020-08-10 19:36:36,946 : INFO : EventManager : Event: ======'slide_last_game_score_slide1_active'====== Args={'_from_bcp': True}
2020-08-10 19:36:44,915 : INFO : EventManager : Event: ======'slide_show_high_scores_removed'====== Args={'_from_bcp': True}
2020-08-10 19:36:44,931 : INFO : EventManager : Event: ======'slide_show_high_scores_created'====== Args={'_from_bcp': True}
2020-08-10 19:36:44,939 : INFO : EventManager : Event: ======'slide_show_high_scores_active'====== Args={'_from_bcp': True}
2020-08-10 19:36:45,917 : INFO : EventManager : Event: ======'slide_awesome_slide_removed'====== Args={'_from_bcp': True}
2020-08-10 19:36:45,921 : INFO : EventManager : Event: ======'slide_awesome_slide_created'====== Args={'_from_bcp': True}
2020-08-10 19:36:45,924 : INFO : EventManager : Event: ======'slide_awesome_slide_active'====== Args={'_from_bcp': True}
2020-08-10 19:36:48,928 : INFO : EventManager : Event: ======'slide_press_start_removed'====== Args={'_from_bcp': True}
2020-08-10 19:36:48,935 : INFO : EventManager : Event: ======'slide_press_start_created'====== Args={'_from_bcp': True}
2020-08-10 19:36:48,939 : INFO : EventManager : Event: ======'slide_press_start_active'====== Args={'_from_bcp': True}
2020-08-10 19:36:51,926 : INFO : EventManager : Event: ======'slide_mission_pinball_removed'====== Args={'_from_bcp': True}
2020-08-10 19:36:51,932 : INFO : EventManager : Event: ======'slide_mission_pinball_created'====== Args={'_from_bcp': True}
2020-08-10 19:36:51,942 : INFO : EventManager : Event: ======'slide_mission_pinball_active'====== Args={'_from_bcp': True}
2020-08-10 19:36:57,923 : INFO : EventManager : Event: ======'slide_GameCard_removed'====== Args={'_from_bcp': True}
2020-08-10 19:36:57,927 : INFO : EventManager : Event: ======'slide_GameCard_created'====== Args={'_from_bcp': True}
2020-08-10 19:36:57,929 : INFO : EventManager : Event: ======'slide_GameCard_active'====== Args={'_from_bcp': True}
2020-08-10 19:37:00,923 : INFO : EventManager : Event: ======'slide_HowTo_removed'====== Args={'_from_bcp': True}
2020-08-10 19:37:00,947 : INFO : EventManager : Event: ======'slide_HowTo_created'====== Args={'_from_bcp': True}
2020-08-10 19:37:00,953 : INFO : EventManager : Event: ======'slide_HowTo_active'====== Args={'_from_bcp': True}
2020-08-10 19:37:08,930 : INFO : EventManager : Event: ======'slide_last_game_score_slide1_removed'====== Args={'_from_bcp': True}
2020-08-10 19:37:08,951 : INFO : EventManager : Event: ======'slide_last_game_score_slide1_created'====== Args={'_from_bcp': True}
2020-08-10 19:37:08,961 : INFO : EventManager : Event: ======'slide_last_game_score_slide1_active'====== Args={'_from_bcp': True}
2020-08-10 19:37:16,929 : INFO : EventManager : Event: ======'slide_show_high_scores_removed'====== Args={'_from_bcp': True}
2020-08-10 19:37:16,943 : INFO : EventManager : Event: ======'slide_show_high_scores_created'====== Args={'_from_bcp': True}
2020-08-10 19:37:16,951 : INFO : EventManager : Event: ======'slide_show_high_scores_active'====== Args={'_from_bcp': True}
2020-08-10 19:37:17,923 : INFO : EventManager : Event: ======'slide_awesome_slide_removed'====== Args={'_from_bcp': True}
2020-08-10 19:37:17,927 : INFO : EventManager : Event: ======'slide_awesome_slide_created'====== Args={'_from_bcp': True}
2020-08-10 19:37:17,930 : INFO : EventManager : Event: ======'slide_awesome_slide_active'====== Args={'_from_bcp': True}
2020-08-10 19:37:20,909 : INFO : EventManager : Event: ======'slide_press_start_removed'====== Args={'_from_bcp': True}
2020-08-10 19:37:20,918 : INFO : EventManager : Event: ======'slide_press_start_created'====== Args={'_from_bcp': True}
2020-08-10 19:37:20,925 : INFO : EventManager : Event: ======'slide_press_start_active'====== Args={'_from_bcp': True}
2020-08-10 19:37:23,909 : INFO : EventManager : Event: ======'slide_mission_pinball_removed'====== Args={'_from_bcp': True}
2020-08-10 19:37:23,927 : INFO : EventManager : Event: ======'slide_mission_pinball_created'====== Args={'_from_bcp': True}
2020-08-10 19:37:23,928 : INFO : EventManager : Event: ======'slide_mission_pinball_active'====== Args={'_from_bcp': True}
2020-08-10 19:37:29,924 : INFO : EventManager : Event: ======'slide_GameCard_removed'====== Args={'_from_bcp': True}
2020-08-10 19:37:29,925 : INFO : EventManager : Event: ======'slide_GameCard_created'====== Args={'_from_bcp': True}
2020-08-10 19:37:29,927 : INFO : EventManager : Event: ======'slide_GameCard_active'====== Args={'_from_bcp': True}
2020-08-10 19:37:32,923 : INFO : EventManager : Event: ======'slide_HowTo_removed'====== Args={'_from_bcp': True}
2020-08-10 19:37:32,952 : INFO : EventManager : Event: ======'slide_HowTo_created'====== Args={'_from_bcp': True}
2020-08-10 19:37:32,953 : INFO : EventManager : Event: ======'slide_HowTo_active'====== Args={'_from_bcp': True}
2020-08-10 19:37:40,922 : INFO : EventManager : Event: ======'slide_last_game_score_slide1_removed'====== Args={'_from_bcp': True}
2020-08-10 19:37:40,942 : INFO : EventManager : Event: ======'slide_last_game_score_slide1_created'====== Args={'_from_bcp': True}
2020-08-10 19:37:40,949 : INFO : EventManager : Event: ======'slide_last_game_score_slide1_active'====== Args={'_from_bcp': True}
2020-08-10 19:37:48,925 : INFO : EventManager : Event: ======'slide_show_high_scores_removed'====== Args={'_from_bcp': True}
2020-08-10 19:37:48,941 : INFO : EventManager : Event: ======'slide_show_high_scores_created'====== Args={'_from_bcp': True}
2020-08-10 19:37:48,951 : INFO : EventManager : Event: ======'slide_show_high_scores_active'====== Args={'_from_bcp': True}
2020-08-10 19:37:49,919 : INFO : EventManager : Event: ======'slide_awesome_slide_removed'====== Args={'_from_bcp': True}
2020-08-10 19:37:49,921 : INFO : EventManager : Event: ======'slide_awesome_slide_created'====== Args={'_from_bcp': True}
2020-08-10 19:37:49,921 : INFO : EventManager : Event: ======'slide_awesome_slide_active'====== Args={'_from_bcp': True}
2020-08-10 19:37:52,902 : INFO : EventManager : Event: ======'slide_press_start_removed'====== Args={'_from_bcp': True}
2020-08-10 19:37:52,910 : INFO : EventManager : Event: ======'slide_press_start_created'====== Args={'_from_bcp': True}
2020-08-10 19:37:52,914 : INFO : EventManager : Event: ======'slide_press_start_active'====== Args={'_from_bcp': True}
2020-08-10 19:37:55,919 : INFO : EventManager : Event: ======'slide_mission_pinball_removed'====== Args={'_from_bcp': True}
2020-08-10 19:37:55,938 : INFO : EventManager : Event: ======'slide_mission_pinball_created'====== Args={'_from_bcp': True}
2020-08-10 19:37:55,938 : INFO : EventManager : Event: ======'slide_mission_pinball_active'====== Args={'_from_bcp': True}
2020-08-10 19:38:01,925 : INFO : EventManager : Event: ======'slide_GameCard_removed'====== Args={'_from_bcp': True}
2020-08-10 19:38:01,926 : INFO : EventManager : Event: ======'slide_GameCard_created'====== Args={'_from_bcp': True}
2020-08-10 19:38:01,926 : INFO : EventManager : Event: ======'slide_GameCard_active'====== Args={'_from_bcp': True}
2020-08-10 19:38:04,923 : INFO : EventManager : Event: ======'slide_HowTo_removed'====== Args={'_from_bcp': True}
2020-08-10 19:38:04,944 : INFO : EventManager : Event: ======'slide_HowTo_created'====== Args={'_from_bcp': True}
2020-08-10 19:38:04,950 : INFO : EventManager : Event: ======'slide_HowTo_active'====== Args={'_from_bcp': True}
2020-08-10 19:38:12,915 : INFO : EventManager : Event: ======'slide_last_game_score_slide1_removed'====== Args={'_from_bcp': True}
2020-08-10 19:38:12,936 : INFO : EventManager : Event: ======'slide_last_game_score_slide1_created'====== Args={'_from_bcp': True}
2020-08-10 19:38:12,947 : INFO : EventManager : Event: ======'slide_last_game_score_slide1_active'====== Args={'_from_bcp': True}
2020-08-10 19:38:20,915 : INFO : EventManager : Event: ======'slide_show_high_scores_removed'====== Args={'_from_bcp': True}
2020-08-10 19:38:20,930 : INFO : EventManager : Event: ======'slide_show_high_scores_created'====== Args={'_from_bcp': True}
2020-08-10 19:38:20,939 : INFO : EventManager : Event: ======'slide_show_high_scores_active'====== Args={'_from_bcp': True}
2020-08-10 19:38:21,929 : INFO : EventManager : Event: ======'slide_awesome_slide_removed'====== Args={'_from_bcp': True}
2020-08-10 19:38:21,933 : INFO : EventManager : Event: ======'slide_awesome_slide_created'====== Args={'_from_bcp': True}
2020-08-10 19:38:21,936 : INFO : EventManager : Event: ======'slide_awesome_slide_active'====== Args={'_from_bcp': True}
2020-08-10 19:38:24,924 : INFO : EventManager : Event: ======'slide_press_start_removed'====== Args={'_from_bcp': True}
2020-08-10 19:38:24,925 : INFO : EventManager : Event: ======'slide_press_start_created'====== Args={'_from_bcp': True}
2020-08-10 19:38:24,926 : INFO : EventManager : Event: ======'slide_press_start_active'====== Args={'_from_bcp': True}
2020-08-10 19:38:27,926 : INFO : EventManager : Event: ======'slide_mission_pinball_removed'====== Args={'_from_bcp': True}
2020-08-10 19:38:27,935 : INFO : EventManager : Event: ======'slide_mission_pinball_created'====== Args={'_from_bcp': True}
2020-08-10 19:38:27,939 : INFO : EventManager : Event: ======'slide_mission_pinball_active'====== Args={'_from_bcp': True}
2020-08-10 19:38:33,901 : INFO : EventManager : Event: ======'slide_GameCard_removed'====== Args={'_from_bcp': True}
2020-08-10 19:38:33,902 : INFO : EventManager : Event: ======'slide_GameCard_created'====== Args={'_from_bcp': True}
2020-08-10 19:38:33,902 : INFO : EventManager : Event: ======'slide_GameCard_active'====== Args={'_from_bcp': True}
2020-08-10 19:38:36,916 : INFO : EventManager : Event: ======'slide_HowTo_removed'====== Args={'_from_bcp': True}
2020-08-10 19:38:36,941 : INFO : EventManager : Event: ======'slide_HowTo_created'====== Args={'_from_bcp': True}
2020-08-10 19:38:36,949 : INFO : EventManager : Event: ======'slide_HowTo_active'====== Args={'_from_bcp': True}
2020-08-10 19:38:44,920 : INFO : EventManager : Event: ======'slide_last_game_score_slide1_removed'====== Args={'_from_bcp': True}
2020-08-10 19:38:44,936 : INFO : EventManager : Event: ======'slide_last_game_score_slide1_created'====== Args={'_from_bcp': True}
2020-08-10 19:38:44,943 : INFO : EventManager : Event: ======'slide_last_game_score_slide1_active'====== Args={'_from_bcp': True}
2020-08-10 19:38:52,918 : INFO : EventManager : Event: ======'slide_show_high_scores_removed'====== Args={'_from_bcp': True}
2020-08-10 19:38:52,935 : INFO : EventManager : Event: ======'slide_show_high_scores_created'====== Args={'_from_bcp': True}
2020-08-10 19:38:52,944 : INFO : EventManager : Event: ======'slide_show_high_scores_active'====== Args={'_from_bcp': True}
2020-08-10 19:38:53,902 : INFO : EventManager : Event: ======'slide_awesome_slide_removed'====== Args={'_from_bcp': True}
2020-08-10 19:38:53,906 : INFO : EventManager : Event: ======'slide_awesome_slide_created'====== Args={'_from_bcp': True}
2020-08-10 19:38:53,910 : INFO : EventManager : Event: ======'slide_awesome_slide_active'====== Args={'_from_bcp': True}
2020-08-10 19:38:56,936 : INFO : EventManager : Event: ======'slide_press_start_removed'====== Args={'_from_bcp': True}
2020-08-10 19:38:56,939 : INFO : EventManager : Event: ======'slide_press_start_created'====== Args={'_from_bcp': True}
2020-08-10 19:38:56,940 : INFO : EventManager : Event: ======'slide_press_start_active'====== Args={'_from_bcp': True}
2020-08-10 19:38:59,920 : INFO : EventManager : Event: ======'slide_mission_pinball_removed'====== Args={'_from_bcp': True}
2020-08-10 19:38:59,927 : INFO : EventManager : Event: ======'slide_mission_pinball_created'====== Args={'_from_bcp': True}
2020-08-10 19:38:59,930 : INFO : EventManager : Event: ======'slide_mission_pinball_active'====== Args={'_from_bcp': True}
2020-08-10 19:39:05,930 : INFO : EventManager : Event: ======'slide_GameCard_removed'====== Args={'_from_bcp': True}
2020-08-10 19:39:05,933 : INFO : EventManager : Event: ======'slide_GameCard_created'====== Args={'_from_bcp': True}
2020-08-10 19:39:05,937 : INFO : EventManager : Event: ======'slide_GameCard_active'====== Args={'_from_bcp': True}
2020-08-10 19:39:08,914 : INFO : EventManager : Event: ======'slide_HowTo_removed'====== Args={'_from_bcp': True}
2020-08-10 19:39:08,932 : INFO : EventManager : Event: ======'slide_HowTo_created'====== Args={'_from_bcp': True}
2020-08-10 19:39:08,949 : INFO : EventManager : Event: ======'slide_HowTo_active'====== Args={'_from_bcp': True}
2020-08-10 19:39:16,936 : INFO : EventManager : Event: ======'slide_last_game_score_slide1_removed'====== Args={'_from_bcp': True}
2020-08-10 19:39:17,024 : INFO : EventManager : Event: ======'slide_last_game_score_slide1_created'====== Args={'_from_bcp': True}
2020-08-10 19:39:17,033 : INFO : EventManager : Event: ======'slide_last_game_score_slide1_active'====== Args={'_from_bcp': True}
2020-08-10 19:39:24,928 : INFO : EventManager : Event: ======'slide_show_high_scores_removed'====== Args={'_from_bcp': True}
2020-08-10 19:39:24,944 : INFO : EventManager : Event: ======'slide_show_high_scores_created'====== Args={'_from_bcp': True}
2020-08-10 19:39:24,953 : INFO : EventManager : Event: ======'slide_show_high_scores_active'====== Args={'_from_bcp': True}
2020-08-10 19:39:25,911 : INFO : EventManager : Event: ======'slide_awesome_slide_removed'====== Args={'_from_bcp': True}
2020-08-10 19:39:25,916 : INFO : EventManager : Event: ======'slide_awesome_slide_created'====== Args={'_from_bcp': True}
2020-08-10 19:39:25,918 : INFO : EventManager : Event: ======'slide_awesome_slide_active'====== Args={'_from_bcp': True}
2020-08-10 19:39:28,911 : INFO : EventManager : Event: ======'slide_press_start_removed'====== Args={'_from_bcp': True}
2020-08-10 19:39:28,918 : INFO : EventManager : Event: ======'slide_press_start_created'====== Args={'_from_bcp': True}
2020-08-10 19:39:28,922 : INFO : EventManager : Event: ======'slide_press_start_active'====== Args={'_from_bcp': True}
2020-08-10 19:39:31,912 : INFO : EventManager : Event: ======'slide_mission_pinball_removed'====== Args={'_from_bcp': True}
2020-08-10 19:39:31,918 : INFO : EventManager : Event: ======'slide_mission_pinball_created'====== Args={'_from_bcp': True}
2020-08-10 19:39:31,922 : INFO : EventManager : Event: ======'slide_mission_pinball_active'====== Args={'_from_bcp': True}
2020-08-10 19:39:37,908 : INFO : EventManager : Event: ======'slide_GameCard_removed'====== Args={'_from_bcp': True}
2020-08-10 19:39:37,911 : INFO : EventManager : Event: ======'slide_GameCard_created'====== Args={'_from_bcp': True}
2020-08-10 19:39:37,913 : INFO : EventManager : Event: ======'slide_GameCard_active'====== Args={'_from_bcp': True}
2020-08-10 19:39:40,927 : INFO : EventManager : Event: ======'slide_HowTo_removed'====== Args={'_from_bcp': True}
2020-08-10 19:39:40,944 : INFO : EventManager : Event: ======'slide_HowTo_created'====== Args={'_from_bcp': True}
2020-08-10 19:39:40,950 : INFO : EventManager : Event: ======'slide_HowTo_active'====== Args={'_from_bcp': True}
2020-08-10 19:39:48,915 : INFO : EventManager : Event: ======'slide_last_game_score_slide1_removed'====== Args={'_from_bcp': True}
2020-08-10 19:39:48,929 : INFO : EventManager : Event: ======'slide_last_game_score_slide1_created'====== Args={'_from_bcp': True}
2020-08-10 19:39:48,937 : INFO : EventManager : Event: ======'slide_last_game_score_slide1_active'====== Args={'_from_bcp': True}
2020-08-10 19:39:56,916 : INFO : EventManager : Event: ======'slide_show_high_scores_removed'====== Args={'_from_bcp': True}
2020-08-10 19:39:56,940 : INFO : EventManager : Event: ======'slide_show_high_scores_created'====== Args={'_from_bcp': True}
2020-08-10 19:39:56,940 : INFO : EventManager : Event: ======'slide_show_high_scores_active'====== Args={'_from_bcp': True}
2020-08-10 19:39:57,912 : INFO : EventManager : Event: ======'slide_awesome_slide_removed'====== Args={'_from_bcp': True}
2020-08-10 19:39:57,915 : INFO : EventManager : Event: ======'slide_awesome_slide_created'====== Args={'_from_bcp': True}
2020-08-10 19:39:57,921 : INFO : EventManager : Event: ======'slide_awesome_slide_active'====== Args={'_from_bcp': True}
2020-08-10 19:40:00,924 : INFO : EventManager : Event: ======'slide_press_start_removed'====== Args={'_from_bcp': True}
2020-08-10 19:40:00,926 : INFO : EventManager : Event: ======'slide_press_start_created'====== Args={'_from_bcp': True}
2020-08-10 19:40:00,926 : INFO : EventManager : Event: ======'slide_press_start_active'====== Args={'_from_bcp': True}
2020-08-10 19:40:03,934 : INFO : EventManager : Event: ======'slide_mission_pinball_removed'====== Args={'_from_bcp': True}
2020-08-10 19:40:03,951 : INFO : EventManager : Event: ======'slide_mission_pinball_created'====== Args={'_from_bcp': True}
2020-08-10 19:40:03,952 : INFO : EventManager : Event: ======'slide_mission_pinball_active'====== Args={'_from_bcp': True}
2020-08-10 19:40:09,914 : INFO : EventManager : Event: ======'slide_GameCard_removed'====== Args={'_from_bcp': True}
2020-08-10 19:40:09,917 : INFO : EventManager : Event: ======'slide_GameCard_created'====== Args={'_from_bcp': True}
2020-08-10 19:40:09,918 : INFO : EventManager : Event: ======'slide_GameCard_active'====== Args={'_from_bcp': True}
2020-08-10 19:40:12,931 : INFO : EventManager : Event: ======'slide_HowTo_removed'====== Args={'_from_bcp': True}
2020-08-10 19:40:12,953 : INFO : EventManager : Event: ======'slide_HowTo_created'====== Args={'_from_bcp': True}
2020-08-10 19:40:12,970 : INFO : EventManager : Event: ======'slide_HowTo_active'====== Args={'_from_bcp': True}
2020-08-10 19:40:20,912 : INFO : EventManager : Event: ======'slide_last_game_score_slide1_removed'====== Args={'_from_bcp': True}
2020-08-10 19:40:20,931 : INFO : EventManager : Event: ======'slide_last_game_score_slide1_created'====== Args={'_from_bcp': True}
2020-08-10 19:40:20,939 : INFO : EventManager : Event: ======'slide_last_game_score_slide1_active'====== Args={'_from_bcp': True}
2020-08-10 19:40:28,911 : INFO : EventManager : Event: ======'slide_show_high_scores_removed'====== Args={'_from_bcp': True}
2020-08-10 19:40:28,928 : INFO : EventManager : Event: ======'slide_show_high_scores_created'====== Args={'_from_bcp': True}
2020-08-10 19:40:28,946 : INFO : EventManager : Event: ======'slide_show_high_scores_active'====== Args={'_from_bcp': True}
2020-08-10 19:40:29,915 : INFO : EventManager : Event: ======'slide_awesome_slide_removed'====== Args={'_from_bcp': True}
2020-08-10 19:40:29,919 : INFO : EventManager : Event: ======'slide_awesome_slide_created'====== Args={'_from_bcp': True}
2020-08-10 19:40:29,921 : INFO : EventManager : Event: ======'slide_awesome_slide_active'====== Args={'_from_bcp': True}
2020-08-10 19:40:32,916 : INFO : EventManager : Event: ======'slide_press_start_removed'====== Args={'_from_bcp': True}
2020-08-10 19:40:32,923 : INFO : EventManager : Event: ======'slide_press_start_created'====== Args={'_from_bcp': True}
2020-08-10 19:40:32,928 : INFO : EventManager : Event: ======'slide_press_start_active'====== Args={'_from_bcp': True}
2020-08-10 19:40:35,934 : INFO : EventManager : Event: ======'slide_mission_pinball_removed'====== Args={'_from_bcp': True}
2020-08-10 19:40:35,935 : INFO : EventManager : Event: ======'slide_mission_pinball_created'====== Args={'_from_bcp': True}
2020-08-10 19:40:35,940 : INFO : EventManager : Event: ======'slide_mission_pinball_active'====== Args={'_from_bcp': True}
2020-08-10 19:40:41,905 : INFO : EventManager : Event: ======'slide_GameCard_removed'====== Args={'_from_bcp': True}
2020-08-10 19:40:41,908 : INFO : EventManager : Event: ======'slide_GameCard_created'====== Args={'_from_bcp': True}
2020-08-10 19:40:41,912 : INFO : EventManager : Event: ======'slide_GameCard_active'====== Args={'_from_bcp': True}
2020-08-10 19:40:44,916 : INFO : EventManager : Event: ======'slide_HowTo_removed'====== Args={'_from_bcp': True}
2020-08-10 19:40:44,936 : INFO : EventManager : Event: ======'slide_HowTo_created'====== Args={'_from_bcp': True}
2020-08-10 19:40:44,947 : INFO : EventManager : Event: ======'slide_HowTo_active'====== Args={'_from_bcp': True}
2020-08-10 19:40:52,930 : INFO : EventManager : Event: ======'slide_last_game_score_slide1_removed'====== Args={'_from_bcp': True}
2020-08-10 19:40:52,943 : INFO : EventManager : Event: ======'slide_last_game_score_slide1_created'====== Args={'_from_bcp': True}
2020-08-10 19:40:52,950 : INFO : EventManager : Event: ======'slide_last_game_score_slide1_active'====== Args={'_from_bcp': True}
2020-08-10 19:41:00,907 : INFO : EventManager : Event: ======'slide_show_high_scores_removed'====== Args={'_from_bcp': True}
2020-08-10 19:41:00,923 : INFO : EventManager : Event: ======'slide_show_high_scores_created'====== Args={'_from_bcp': True}
2020-08-10 19:41:00,931 : INFO : EventManager : Event: ======'slide_show_high_scores_active'====== Args={'_from_bcp': True}
2020-08-10 19:41:01,916 : INFO : EventManager : Event: ======'slide_awesome_slide_removed'====== Args={'_from_bcp': True}
2020-08-10 19:41:01,920 : INFO : EventManager : Event: ======'slide_awesome_slide_created'====== Args={'_from_bcp': True}
2020-08-10 19:41:01,924 : INFO : EventManager : Event: ======'slide_awesome_slide_active'====== Args={'_from_bcp': True}
2020-08-10 19:41:04,913 : INFO : EventManager : Event: ======'slide_press_start_removed'====== Args={'_from_bcp': True}
2020-08-10 19:41:04,916 : INFO : EventManager : Event: ======'slide_press_start_created'====== Args={'_from_bcp': True}
2020-08-10 19:41:04,922 : INFO : EventManager : Event: ======'slide_press_start_active'====== Args={'_from_bcp': True}
2020-08-10 19:41:07,920 : INFO : EventManager : Event: ======'slide_mission_pinball_removed'====== Args={'_from_bcp': True}
2020-08-10 19:41:07,991 : INFO : EventManager : Event: ======'slide_mission_pinball_created'====== Args={'_from_bcp': True}
2020-08-10 19:41:07,995 : INFO : EventManager : Event: ======'slide_mission_pinball_active'====== Args={'_from_bcp': True}
2020-08-10 19:41:13,923 : INFO : EventManager : Event: ======'slide_GameCard_removed'====== Args={'_from_bcp': True}
2020-08-10 19:41:13,927 : INFO : EventManager : Event: ======'slide_GameCard_created'====== Args={'_from_bcp': True}
2020-08-10 19:41:13,929 : INFO : EventManager : Event: ======'slide_GameCard_active'====== Args={'_from_bcp': True}
2020-08-10 19:41:16,932 : INFO : EventManager : Event: ======'slide_HowTo_removed'====== Args={'_from_bcp': True}
2020-08-10 19:41:16,944 : INFO : EventManager : Event: ======'slide_HowTo_created'====== Args={'_from_bcp': True}
2020-08-10 19:41:16,950 : INFO : EventManager : Event: ======'slide_HowTo_active'====== Args={'_from_bcp': True}
2020-08-10 19:41:24,920 : INFO : EventManager : Event: ======'slide_last_game_score_slide1_removed'====== Args={'_from_bcp': True}
2020-08-10 19:41:24,958 : INFO : EventManager : Event: ======'slide_last_game_score_slide1_created'====== Args={'_from_bcp': True}
2020-08-10 19:41:24,959 : INFO : EventManager : Event: ======'slide_last_game_score_slide1_active'====== Args={'_from_bcp': True}
2020-08-10 19:41:32,950 : INFO : EventManager : Event: ======'slide_show_high_scores_removed'====== Args={'_from_bcp': True}
2020-08-10 19:41:33,002 : INFO : EventManager : Event: ======'slide_show_high_scores_created'====== Args={'_from_bcp': True}
2020-08-10 19:41:33,013 : INFO : EventManager : Event: ======'slide_show_high_scores_active'====== Args={'_from_bcp': True}
2020-08-10 19:41:33,936 : INFO : EventManager : Event: ======'slide_awesome_slide_removed'====== Args={'_from_bcp': True}
2020-08-10 19:41:33,939 : INFO : EventManager : Event: ======'slide_awesome_slide_created'====== Args={'_from_bcp': True}
2020-08-10 19:41:33,944 : INFO : EventManager : Event: ======'slide_awesome_slide_active'====== Args={'_from_bcp': True}
2020-08-10 19:41:36,923 : INFO : EventManager : Event: ======'slide_press_start_removed'====== Args={'_from_bcp': True}
2020-08-10 19:41:36,926 : INFO : EventManager : Event: ======'slide_press_start_created'====== Args={'_from_bcp': True}
2020-08-10 19:41:36,931 : INFO : EventManager : Event: ======'slide_press_start_active'====== Args={'_from_bcp': True}
2020-08-10 19:41:39,908 : INFO : EventManager : Event: ======'slide_mission_pinball_removed'====== Args={'_from_bcp': True}
2020-08-10 19:41:39,926 : INFO : EventManager : Event: ======'slide_mission_pinball_created'====== Args={'_from_bcp': True}
2020-08-10 19:41:39,926 : INFO : EventManager : Event: ======'slide_mission_pinball_active'====== Args={'_from_bcp': True}
2020-08-10 19:41:45,925 : INFO : EventManager : Event: ======'slide_GameCard_removed'====== Args={'_from_bcp': True}
2020-08-10 19:41:45,927 : INFO : EventManager : Event: ======'slide_GameCard_created'====== Args={'_from_bcp': True}
2020-08-10 19:41:45,929 : INFO : EventManager : Event: ======'slide_GameCard_active'====== Args={'_from_bcp': True}
2020-08-10 19:41:48,922 : INFO : EventManager : Event: ======'slide_HowTo_removed'====== Args={'_from_bcp': True}
2020-08-10 19:41:48,946 : INFO : EventManager : Event: ======'slide_HowTo_created'====== Args={'_from_bcp': True}
2020-08-10 19:41:48,954 : INFO : EventManager : Event: ======'slide_HowTo_active'====== Args={'_from_bcp': True}
2020-08-10 19:41:56,911 : INFO : EventManager : Event: ======'slide_last_game_score_slide1_removed'====== Args={'_from_bcp': True}
2020-08-10 19:41:56,929 : INFO : EventManager : Event: ======'slide_last_game_score_slide1_created'====== Args={'_from_bcp': True}
2020-08-10 19:41:56,937 : INFO : EventManager : Event: ======'slide_last_game_score_slide1_active'====== Args={'_from_bcp': True}
2020-08-10 19:42:04,928 : INFO : EventManager : Event: ======'slide_show_high_scores_removed'====== Args={'_from_bcp': True}
2020-08-10 19:42:04,946 : INFO : EventManager : Event: ======'slide_show_high_scores_created'====== Args={'_from_bcp': True}
2020-08-10 19:42:04,959 : INFO : EventManager : Event: ======'slide_show_high_scores_active'====== Args={'_from_bcp': True}
2020-08-10 19:42:05,922 : INFO : EventManager : Event: ======'slide_awesome_slide_removed'====== Args={'_from_bcp': True}
2020-08-10 19:42:05,926 : INFO : EventManager : Event: ======'slide_awesome_slide_created'====== Args={'_from_bcp': True}
2020-08-10 19:42:05,928 : INFO : EventManager : Event: ======'slide_awesome_slide_active'====== Args={'_from_bcp': True}
2020-08-10 19:42:08,921 : INFO : EventManager : Event: ======'slide_press_start_removed'====== Args={'_from_bcp': True}
2020-08-10 19:42:08,927 : INFO : EventManager : Event: ======'slide_press_start_created'====== Args={'_from_bcp': True}
2020-08-10 19:42:08,931 : INFO : EventManager : Event: ======'slide_press_start_active'====== Args={'_from_bcp': True}
2020-08-10 19:42:11,917 : INFO : EventManager : Event: ======'slide_mission_pinball_removed'====== Args={'_from_bcp': True}
2020-08-10 19:42:11,927 : INFO : EventManager : Event: ======'slide_mission_pinball_created'====== Args={'_from_bcp': True}
2020-08-10 19:42:11,930 : INFO : EventManager : Event: ======'slide_mission_pinball_active'====== Args={'_from_bcp': True}
2020-08-10 19:42:17,924 : INFO : EventManager : Event: ======'slide_GameCard_removed'====== Args={'_from_bcp': True}
2020-08-10 19:42:17,927 : INFO : EventManager : Event: ======'slide_GameCard_created'====== Args={'_from_bcp': True}
2020-08-10 19:42:17,928 : INFO : EventManager : Event: ======'slide_GameCard_active'====== Args={'_from_bcp': True}
2020-08-10 19:42:20,918 : INFO : EventManager : Event: ======'slide_HowTo_removed'====== Args={'_from_bcp': True}
2020-08-10 19:42:20,937 : INFO : EventManager : Event: ======'slide_HowTo_created'====== Args={'_from_bcp': True}
2020-08-10 19:42:20,943 : INFO : EventManager : Event: ======'slide_HowTo_active'====== Args={'_from_bcp': True}
2020-08-10 19:42:28,906 : INFO : EventManager : Event: ======'slide_last_game_score_slide1_removed'====== Args={'_from_bcp': True}
2020-08-10 19:42:28,927 : INFO : EventManager : Event: ======'slide_last_game_score_slide1_created'====== Args={'_from_bcp': True}
2020-08-10 19:42:28,938 : INFO : EventManager : Event: ======'slide_last_game_score_slide1_active'====== Args={'_from_bcp': True}
2020-08-10 19:42:36,921 : INFO : EventManager : Event: ======'slide_show_high_scores_removed'====== Args={'_from_bcp': True}
2020-08-10 19:42:36,937 : INFO : EventManager : Event: ======'slide_show_high_scores_created'====== Args={'_from_bcp': True}
2020-08-10 19:42:36,948 : INFO : EventManager : Event: ======'slide_show_high_scores_active'====== Args={'_from_bcp': True}
2020-08-10 19:42:37,905 : INFO : EventManager : Event: ======'slide_awesome_slide_removed'====== Args={'_from_bcp': True}
2020-08-10 19:42:37,908 : INFO : EventManager : Event: ======'slide_awesome_slide_created'====== Args={'_from_bcp': True}
2020-08-10 19:42:37,910 : INFO : EventManager : Event: ======'slide_awesome_slide_active'====== Args={'_from_bcp': True}
2020-08-10 19:42:40,927 : INFO : EventManager : Event: ======'slide_press_start_removed'====== Args={'_from_bcp': True}
2020-08-10 19:42:40,936 : INFO : EventManager : Event: ======'slide_press_start_created'====== Args={'_from_bcp': True}
2020-08-10 19:42:40,941 : INFO : EventManager : Event: ======'slide_press_start_active'====== Args={'_from_bcp': True}
2020-08-10 19:42:43,925 : INFO : EventManager : Event: ======'slide_mission_pinball_removed'====== Args={'_from_bcp': True}
2020-08-10 19:42:43,942 : INFO : EventManager : Event: ======'slide_mission_pinball_created'====== Args={'_from_bcp': True}
2020-08-10 19:42:43,942 : INFO : EventManager : Event: ======'slide_mission_pinball_active'====== Args={'_from_bcp': True}
2020-08-10 19:42:49,913 : INFO : EventManager : Event: ======'slide_GameCard_removed'====== Args={'_from_bcp': True}
2020-08-10 19:42:49,916 : INFO : EventManager : Event: ======'slide_GameCard_created'====== Args={'_from_bcp': True}
2020-08-10 19:42:49,918 : INFO : EventManager : Event: ======'slide_GameCard_active'====== Args={'_from_bcp': True}
2020-08-10 19:42:52,913 : INFO : EventManager : Event: ======'slide_HowTo_removed'====== Args={'_from_bcp': True}
2020-08-10 19:42:52,938 : INFO : EventManager : Event: ======'slide_HowTo_created'====== Args={'_from_bcp': True}
2020-08-10 19:42:52,946 : INFO : EventManager : Event: ======'slide_HowTo_active'====== Args={'_from_bcp': True}
2020-08-10 19:43:00,934 : INFO : EventManager : Event: ======'slide_last_game_score_slide1_removed'====== Args={'_from_bcp': True}
2020-08-10 19:43:01,015 : INFO : EventManager : Event: ======'slide_last_game_score_slide1_created'====== Args={'_from_bcp': True}
2020-08-10 19:43:01,023 : INFO : EventManager : Event: ======'slide_last_game_score_slide1_active'====== Args={'_from_bcp': True}
2020-08-10 19:43:08,912 : INFO : EventManager : Event: ======'slide_show_high_scores_removed'====== Args={'_from_bcp': True}
2020-08-10 19:43:08,928 : INFO : EventManager : Event: ======'slide_show_high_scores_created'====== Args={'_from_bcp': True}
2020-08-10 19:43:08,936 : INFO : EventManager : Event: ======'slide_show_high_scores_active'====== Args={'_from_bcp': True}
2020-08-10 19:43:09,938 : INFO : EventManager : Event: ======'slide_awesome_slide_removed'====== Args={'_from_bcp': True}
2020-08-10 19:43:09,940 : INFO : EventManager : Event: ======'slide_awesome_slide_created'====== Args={'_from_bcp': True}
2020-08-10 19:43:09,940 : INFO : EventManager : Event: ======'slide_awesome_slide_active'====== Args={'_from_bcp': True}
2020-08-10 19:43:12,933 : INFO : EventManager : Event: ======'slide_press_start_removed'====== Args={'_from_bcp': True}
2020-08-10 19:43:12,934 : INFO : EventManager : Event: ======'slide_press_start_created'====== Args={'_from_bcp': True}
2020-08-10 19:43:12,935 : INFO : EventManager : Event: ======'slide_press_start_active'====== Args={'_from_bcp': True}
2020-08-10 19:43:15,916 : INFO : EventManager : Event: ======'slide_mission_pinball_removed'====== Args={'_from_bcp': True}
2020-08-10 19:43:15,928 : INFO : EventManager : Event: ======'slide_mission_pinball_created'====== Args={'_from_bcp': True}
2020-08-10 19:43:15,930 : INFO : EventManager : Event: ======'slide_mission_pinball_active'====== Args={'_from_bcp': True}
2020-08-10 19:43:21,914 : INFO : EventManager : Event: ======'slide_GameCard_removed'====== Args={'_from_bcp': True}
2020-08-10 19:43:21,914 : INFO : EventManager : Event: ======'slide_GameCard_created'====== Args={'_from_bcp': True}
2020-08-10 19:43:21,916 : INFO : EventManager : Event: ======'slide_GameCard_active'====== Args={'_from_bcp': True}
2020-08-10 19:43:24,927 : INFO : EventManager : Event: ======'slide_HowTo_removed'====== Args={'_from_bcp': True}
2020-08-10 19:43:24,950 : INFO : EventManager : Event: ======'slide_HowTo_created'====== Args={'_from_bcp': True}
2020-08-10 19:43:24,957 : INFO : EventManager : Event: ======'slide_HowTo_active'====== Args={'_from_bcp': True}
2020-08-10 19:43:32,925 : INFO : EventManager : Event: ======'slide_last_game_score_slide1_removed'====== Args={'_from_bcp': True}
2020-08-10 19:43:32,947 : INFO : EventManager : Event: ======'slide_last_game_score_slide1_created'====== Args={'_from_bcp': True}
2020-08-10 19:43:32,960 : INFO : EventManager : Event: ======'slide_last_game_score_slide1_active'====== Args={'_from_bcp': True}
2020-08-10 19:43:40,914 : INFO : EventManager : Event: ======'slide_show_high_scores_removed'====== Args={'_from_bcp': True}
2020-08-10 19:43:40,929 : INFO : EventManager : Event: ======'slide_show_high_scores_created'====== Args={'_from_bcp': True}
2020-08-10 19:43:40,940 : INFO : EventManager : Event: ======'slide_show_high_scores_active'====== Args={'_from_bcp': True}
2020-08-10 19:43:41,926 : INFO : EventManager : Event: ======'slide_awesome_slide_removed'====== Args={'_from_bcp': True}
2020-08-10 19:43:41,927 : INFO : EventManager : Event: ======'slide_awesome_slide_created'====== Args={'_from_bcp': True}
2020-08-10 19:43:41,928 : INFO : EventManager : Event: ======'slide_awesome_slide_active'====== Args={'_from_bcp': True}
2020-08-10 19:43:44,907 : INFO : EventManager : Event: ======'slide_press_start_removed'====== Args={'_from_bcp': True}
2020-08-10 19:43:44,910 : INFO : EventManager : Event: ======'slide_press_start_created'====== Args={'_from_bcp': True}
2020-08-10 19:43:44,915 : INFO : EventManager : Event: ======'slide_press_start_active'====== Args={'_from_bcp': True}
2020-08-10 19:43:47,907 : INFO : EventManager : Event: ======'slide_mission_pinball_removed'====== Args={'_from_bcp': True}
2020-08-10 19:43:47,915 : INFO : EventManager : Event: ======'slide_mission_pinball_created'====== Args={'_from_bcp': True}
2020-08-10 19:43:47,920 : INFO : EventManager : Event: ======'slide_mission_pinball_active'====== Args={'_from_bcp': True}
2020-08-10 19:43:53,915 : INFO : EventManager : Event: ======'slide_GameCard_removed'====== Args={'_from_bcp': True}
2020-08-10 19:43:53,919 : INFO : EventManager : Event: ======'slide_GameCard_created'====== Args={'_from_bcp': True}
2020-08-10 19:43:53,921 : INFO : EventManager : Event: ======'slide_GameCard_active'====== Args={'_from_bcp': True}
2020-08-10 19:43:56,905 : INFO : EventManager : Event: ======'slide_HowTo_removed'====== Args={'_from_bcp': True}
2020-08-10 19:43:56,928 : INFO : EventManager : Event: ======'slide_HowTo_created'====== Args={'_from_bcp': True}
2020-08-10 19:43:56,936 : INFO : EventManager : Event: ======'slide_HowTo_active'====== Args={'_from_bcp': True}
2020-08-10 19:44:04,906 : INFO : EventManager : Event: ======'slide_last_game_score_slide1_removed'====== Args={'_from_bcp': True}
2020-08-10 19:44:04,941 : INFO : EventManager : Event: ======'slide_last_game_score_slide1_created'====== Args={'_from_bcp': True}
2020-08-10 19:44:04,941 : INFO : EventManager : Event: ======'slide_last_game_score_slide1_active'====== Args={'_from_bcp': True}
2020-08-10 19:44:12,920 : INFO : EventManager : Event: ======'slide_show_high_scores_removed'====== Args={'_from_bcp': True}
2020-08-10 19:44:12,938 : INFO : EventManager : Event: ======'slide_show_high_scores_created'====== Args={'_from_bcp': True}
2020-08-10 19:44:12,949 : INFO : EventManager : Event: ======'slide_show_high_scores_active'====== Args={'_from_bcp': True}
2020-08-10 19:44:13,909 : INFO : EventManager : Event: ======'slide_awesome_slide_removed'====== Args={'_from_bcp': True}
2020-08-10 19:44:13,913 : INFO : EventManager : Event: ======'slide_awesome_slide_created'====== Args={'_from_bcp': True}
2020-08-10 19:44:13,916 : INFO : EventManager : Event: ======'slide_awesome_slide_active'====== Args={'_from_bcp': True}
2020-08-10 19:44:16,915 : INFO : EventManager : Event: ======'slide_press_start_removed'====== Args={'_from_bcp': True}
2020-08-10 19:44:16,922 : INFO : EventManager : Event: ======'slide_press_start_created'====== Args={'_from_bcp': True}
2020-08-10 19:44:16,926 : INFO : EventManager : Event: ======'slide_press_start_active'====== Args={'_from_bcp': True}
2020-08-10 19:44:19,919 : INFO : EventManager : Event: ======'slide_mission_pinball_removed'====== Args={'_from_bcp': True}
2020-08-10 19:44:19,925 : INFO : EventManager : Event: ======'slide_mission_pinball_created'====== Args={'_from_bcp': True}
2020-08-10 19:44:19,930 : INFO : EventManager : Event: ======'slide_mission_pinball_active'====== Args={'_from_bcp': True}
2020-08-10 19:44:25,922 : INFO : EventManager : Event: ======'slide_GameCard_removed'====== Args={'_from_bcp': True}
2020-08-10 19:44:25,926 : INFO : EventManager : Event: ======'slide_GameCard_created'====== Args={'_from_bcp': True}
2020-08-10 19:44:25,928 : INFO : EventManager : Event: ======'slide_GameCard_active'====== Args={'_from_bcp': True}
2020-08-10 19:44:28,929 : INFO : EventManager : Event: ======'slide_HowTo_removed'====== Args={'_from_bcp': True}
2020-08-10 19:44:28,947 : INFO : EventManager : Event: ======'slide_HowTo_created'====== Args={'_from_bcp': True}
2020-08-10 19:44:28,953 : INFO : EventManager : Event: ======'slide_HowTo_active'====== Args={'_from_bcp': True}
2020-08-10 19:44:36,921 : INFO : EventManager : Event: ======'slide_last_game_score_slide1_removed'====== Args={'_from_bcp': True}
2020-08-10 19:44:36,935 : INFO : EventManager : Event: ======'slide_last_game_score_slide1_created'====== Args={'_from_bcp': True}
2020-08-10 19:44:36,943 : INFO : EventManager : Event: ======'slide_last_game_score_slide1_active'====== Args={'_from_bcp': True}
2020-08-10 19:44:44,908 : INFO : EventManager : Event: ======'slide_show_high_scores_removed'====== Args={'_from_bcp': True}
2020-08-10 19:44:44,925 : INFO : EventManager : Event: ======'slide_show_high_scores_created'====== Args={'_from_bcp': True}
2020-08-10 19:44:44,933 : INFO : EventManager : Event: ======'slide_show_high_scores_active'====== Args={'_from_bcp': True}
2020-08-10 19:44:45,917 : INFO : EventManager : Event: ======'slide_awesome_slide_removed'====== Args={'_from_bcp': True}
2020-08-10 19:44:45,920 : INFO : EventManager : Event: ======'slide_awesome_slide_created'====== Args={'_from_bcp': True}
2020-08-10 19:44:45,922 : INFO : EventManager : Event: ======'slide_awesome_slide_active'====== Args={'_from_bcp': True}
2020-08-10 19:44:48,932 : INFO : EventManager : Event: ======'slide_press_start_removed'====== Args={'_from_bcp': True}
2020-08-10 19:44:48,940 : INFO : EventManager : Event: ======'slide_press_start_created'====== Args={'_from_bcp': True}
2020-08-10 19:44:48,943 : INFO : EventManager : Event: ======'slide_press_start_active'====== Args={'_from_bcp': True}
2020-08-10 19:44:51,927 : INFO : EventManager : Event: ======'slide_mission_pinball_removed'====== Args={'_from_bcp': True}
2020-08-10 19:44:51,928 : INFO : EventManager : Event: ======'slide_mission_pinball_created'====== Args={'_from_bcp': True}
2020-08-10 19:44:51,928 : INFO : EventManager : Event: ======'slide_mission_pinball_active'====== Args={'_from_bcp': True}
2020-08-10 19:44:57,930 : INFO : EventManager : Event: ======'slide_GameCard_removed'====== Args={'_from_bcp': True}
2020-08-10 19:44:57,934 : INFO : EventManager : Event: ======'slide_GameCard_created'====== Args={'_from_bcp': True}
2020-08-10 19:44:57,936 : INFO : EventManager : Event: ======'slide_GameCard_active'====== Args={'_from_bcp': True}
2020-08-10 19:45:00,915 : INFO : EventManager : Event: ======'slide_HowTo_removed'====== Args={'_from_bcp': True}
2020-08-10 19:45:01,003 : INFO : EventManager : Event: ======'slide_HowTo_created'====== Args={'_from_bcp': True}
2020-08-10 19:45:01,011 : INFO : EventManager : Event: ======'slide_HowTo_active'====== Args={'_from_bcp': True}
2020-08-10 19:45:08,924 : INFO : EventManager : Event: ======'slide_last_game_score_slide1_removed'====== Args={'_from_bcp': True}
2020-08-10 19:45:08,945 : INFO : EventManager : Event: ======'slide_last_game_score_slide1_created'====== Args={'_from_bcp': True}
2020-08-10 19:45:08,956 : INFO : EventManager : Event: ======'slide_last_game_score_slide1_active'====== Args={'_from_bcp': True}
2020-08-10 19:45:16,922 : INFO : EventManager : Event: ======'slide_show_high_scores_removed'====== Args={'_from_bcp': True}
2020-08-10 19:45:16,939 : INFO : EventManager : Event: ======'slide_show_high_scores_created'====== Args={'_from_bcp': True}
2020-08-10 19:45:16,947 : INFO : EventManager : Event: ======'slide_show_high_scores_active'====== Args={'_from_bcp': True}
2020-08-10 19:45:17,920 : INFO : EventManager : Event: ======'slide_awesome_slide_removed'====== Args={'_from_bcp': True}
2020-08-10 19:45:17,924 : INFO : EventManager : Event: ======'slide_awesome_slide_created'====== Args={'_from_bcp': True}
2020-08-10 19:45:17,927 : INFO : EventManager : Event: ======'slide_awesome_slide_active'====== Args={'_from_bcp': True}
2020-08-10 19:45:20,950 : INFO : EventManager : Event: ======'slide_press_start_removed'====== Args={'_from_bcp': True}
2020-08-10 19:45:20,950 : INFO : EventManager : Event: ======'slide_press_start_created'====== Args={'_from_bcp': True}
2020-08-10 19:45:20,951 : INFO : EventManager : Event: ======'slide_press_start_active'====== Args={'_from_bcp': True}
2020-08-10 19:45:23,921 : INFO : EventManager : Event: ======'slide_mission_pinball_removed'====== Args={'_from_bcp': True}
2020-08-10 19:45:23,924 : INFO : EventManager : Event: ======'slide_mission_pinball_created'====== Args={'_from_bcp': True}
2020-08-10 19:45:23,934 : INFO : EventManager : Event: ======'slide_mission_pinball_active'====== Args={'_from_bcp': True}
2020-08-10 19:45:29,919 : INFO : EventManager : Event: ======'slide_GameCard_removed'====== Args={'_from_bcp': True}
2020-08-10 19:45:29,923 : INFO : EventManager : Event: ======'slide_GameCard_created'====== Args={'_from_bcp': True}
2020-08-10 19:45:29,925 : INFO : EventManager : Event: ======'slide_GameCard_active'====== Args={'_from_bcp': True}
2020-08-10 19:45:32,912 : INFO : EventManager : Event: ======'slide_HowTo_removed'====== Args={'_from_bcp': True}
2020-08-10 19:45:32,933 : INFO : EventManager : Event: ======'slide_HowTo_created'====== Args={'_from_bcp': True}
2020-08-10 19:45:32,939 : INFO : EventManager : Event: ======'slide_HowTo_active'====== Args={'_from_bcp': True}
2020-08-10 19:45:40,926 : INFO : EventManager : Event: ======'slide_last_game_score_slide1_removed'====== Args={'_from_bcp': True}
2020-08-10 19:45:40,947 : INFO : EventManager : Event: ======'slide_last_game_score_slide1_created'====== Args={'_from_bcp': True}
2020-08-10 19:45:40,963 : INFO : EventManager : Event: ======'slide_last_game_score_slide1_active'====== Args={'_from_bcp': True}
2020-08-10 19:45:48,935 : INFO : EventManager : Event: ======'slide_show_high_scores_removed'====== Args={'_from_bcp': True}
2020-08-10 19:45:48,946 : INFO : EventManager : Event: ======'slide_show_high_scores_created'====== Args={'_from_bcp': True}
2020-08-10 19:45:48,954 : INFO : EventManager : Event: ======'slide_show_high_scores_active'====== Args={'_from_bcp': True}
2020-08-10 19:45:49,912 : INFO : EventManager : Event: ======'slide_awesome_slide_removed'====== Args={'_from_bcp': True}
2020-08-10 19:45:49,916 : INFO : EventManager : Event: ======'slide_awesome_slide_created'====== Args={'_from_bcp': True}
2020-08-10 19:45:49,919 : INFO : EventManager : Event: ======'slide_awesome_slide_active'====== Args={'_from_bcp': True}
2020-08-10 19:45:52,922 : INFO : EventManager : Event: ======'slide_press_start_removed'====== Args={'_from_bcp': True}
2020-08-10 19:45:52,923 : INFO : EventManager : Event: ======'slide_press_start_created'====== Args={'_from_bcp': True}
2020-08-10 19:45:52,924 : INFO : EventManager : Event: ======'slide_press_start_active'====== Args={'_from_bcp': True}
2020-08-10 19:45:55,924 : INFO : EventManager : Event: ======'slide_mission_pinball_removed'====== Args={'_from_bcp': True}
2020-08-10 19:45:55,932 : INFO : EventManager : Event: ======'slide_mission_pinball_created'====== Args={'_from_bcp': True}
2020-08-10 19:45:55,936 : INFO : EventManager : Event: ======'slide_mission_pinball_active'====== Args={'_from_bcp': True}
2020-08-10 19:46:01,916 : INFO : EventManager : Event: ======'slide_GameCard_removed'====== Args={'_from_bcp': True}
2020-08-10 19:46:01,920 : INFO : EventManager : Event: ======'slide_GameCard_created'====== Args={'_from_bcp': True}
2020-08-10 19:46:01,921 : INFO : EventManager : Event: ======'slide_GameCard_active'====== Args={'_from_bcp': True}
2020-08-10 19:46:04,915 : INFO : EventManager : Event: ======'slide_HowTo_removed'====== Args={'_from_bcp': True}
2020-08-10 19:46:04,939 : INFO : EventManager : Event: ======'slide_HowTo_created'====== Args={'_from_bcp': True}
2020-08-10 19:46:04,945 : INFO : EventManager : Event: ======'slide_HowTo_active'====== Args={'_from_bcp': True}
2020-08-10 19:46:12,918 : INFO : EventManager : Event: ======'slide_last_game_score_slide1_removed'====== Args={'_from_bcp': True}
2020-08-10 19:46:12,939 : INFO : EventManager : Event: ======'slide_last_game_score_slide1_created'====== Args={'_from_bcp': True}
2020-08-10 19:46:12,950 : INFO : EventManager : Event: ======'slide_last_game_score_slide1_active'====== Args={'_from_bcp': True}
2020-08-10 19:46:20,917 : INFO : EventManager : Event: ======'slide_show_high_scores_removed'====== Args={'_from_bcp': True}
2020-08-10 19:46:20,976 : INFO : EventManager : Event: ======'slide_show_high_scores_created'====== Args={'_from_bcp': True}
2020-08-10 19:46:20,976 : INFO : EventManager : Event: ======'slide_show_high_scores_active'====== Args={'_from_bcp': True}
2020-08-10 19:46:21,928 : INFO : EventManager : Event: ======'slide_awesome_slide_removed'====== Args={'_from_bcp': True}
2020-08-10 19:46:21,932 : INFO : EventManager : Event: ======'slide_awesome_slide_created'====== Args={'_from_bcp': True}
2020-08-10 19:46:21,935 : INFO : EventManager : Event: ======'slide_awesome_slide_active'====== Args={'_from_bcp': True}
2020-08-10 19:46:24,918 : INFO : EventManager : Event: ======'slide_press_start_removed'====== Args={'_from_bcp': True}
2020-08-10 19:46:24,932 : INFO : EventManager : Event: ======'slide_press_start_created'====== Args={'_from_bcp': True}
2020-08-10 19:46:24,933 : INFO : EventManager : Event: ======'slide_press_start_active'====== Args={'_from_bcp': True}
2020-08-10 19:46:27,915 : INFO : EventManager : Event: ======'slide_mission_pinball_removed'====== Args={'_from_bcp': True}
2020-08-10 19:46:27,922 : INFO : EventManager : Event: ======'slide_mission_pinball_created'====== Args={'_from_bcp': True}
2020-08-10 19:46:27,924 : INFO : EventManager : Event: ======'slide_mission_pinball_active'====== Args={'_from_bcp': True}
2020-08-10 19:46:33,922 : INFO : EventManager : Event: ======'slide_GameCard_removed'====== Args={'_from_bcp': True}
2020-08-10 19:46:33,926 : INFO : EventManager : Event: ======'slide_GameCard_created'====== Args={'_from_bcp': True}
2020-08-10 19:46:33,927 : INFO : EventManager : Event: ======'slide_GameCard_active'====== Args={'_from_bcp': True}
2020-08-10 19:46:36,920 : INFO : EventManager : Event: ======'slide_HowTo_removed'====== Args={'_from_bcp': True}
2020-08-10 19:46:36,944 : INFO : EventManager : Event: ======'slide_HowTo_created'====== Args={'_from_bcp': True}
2020-08-10 19:46:36,951 : INFO : EventManager : Event: ======'slide_HowTo_active'====== Args={'_from_bcp': True}
2020-08-10 19:46:44,916 : INFO : EventManager : Event: ======'slide_last_game_score_slide1_removed'====== Args={'_from_bcp': True}
2020-08-10 19:46:44,933 : INFO : EventManager : Event: ======'slide_last_game_score_slide1_created'====== Args={'_from_bcp': True}
2020-08-10 19:46:44,940 : INFO : EventManager : Event: ======'slide_last_game_score_slide1_active'====== Args={'_from_bcp': True}
2020-08-10 19:46:52,906 : INFO : EventManager : Event: ======'slide_show_high_scores_removed'====== Args={'_from_bcp': True}
2020-08-10 19:46:52,986 : INFO : EventManager : Event: ======'slide_show_high_scores_created'====== Args={'_from_bcp': True}
2020-08-10 19:46:52,996 : INFO : EventManager : Event: ======'slide_show_high_scores_active'====== Args={'_from_bcp': True}
2020-08-10 19:46:53,905 : INFO : EventManager : Event: ======'slide_awesome_slide_removed'====== Args={'_from_bcp': True}
2020-08-10 19:46:53,914 : INFO : EventManager : Event: ======'slide_awesome_slide_created'====== Args={'_from_bcp': True}
2020-08-10 19:46:53,914 : INFO : EventManager : Event: ======'slide_awesome_slide_active'====== Args={'_from_bcp': True}
2020-08-10 19:46:56,928 : INFO : EventManager : Event: ======'slide_press_start_removed'====== Args={'_from_bcp': True}
2020-08-10 19:46:56,935 : INFO : EventManager : Event: ======'slide_press_start_created'====== Args={'_from_bcp': True}
2020-08-10 19:46:56,942 : INFO : EventManager : Event: ======'slide_press_start_active'====== Args={'_from_bcp': True}
2020-08-10 19:46:59,926 : INFO : EventManager : Event: ======'slide_mission_pinball_removed'====== Args={'_from_bcp': True}
2020-08-10 19:46:59,938 : INFO : EventManager : Event: ======'slide_mission_pinball_created'====== Args={'_from_bcp': True}
2020-08-10 19:46:59,938 : INFO : EventManager : Event: ======'slide_mission_pinball_active'====== Args={'_from_bcp': True}
2020-08-10 19:47:05,918 : INFO : EventManager : Event: ======'slide_GameCard_removed'====== Args={'_from_bcp': True}
2020-08-10 19:47:05,922 : INFO : EventManager : Event: ======'slide_GameCard_created'====== Args={'_from_bcp': True}
2020-08-10 19:47:05,924 : INFO : EventManager : Event: ======'slide_GameCard_active'====== Args={'_from_bcp': True}
2020-08-10 19:47:08,933 : INFO : EventManager : Event: ======'slide_HowTo_removed'====== Args={'_from_bcp': True}
2020-08-10 19:47:08,948 : INFO : EventManager : Event: ======'slide_HowTo_created'====== Args={'_from_bcp': True}
2020-08-10 19:47:08,957 : INFO : EventManager : Event: ======'slide_HowTo_active'====== Args={'_from_bcp': True}
2020-08-10 19:47:16,922 : INFO : EventManager : Event: ======'slide_last_game_score_slide1_removed'====== Args={'_from_bcp': True}
2020-08-10 19:47:16,942 : INFO : EventManager : Event: ======'slide_last_game_score_slide1_created'====== Args={'_from_bcp': True}
2020-08-10 19:47:16,954 : INFO : EventManager : Event: ======'slide_last_game_score_slide1_active'====== Args={'_from_bcp': True}
2020-08-10 19:47:24,916 : INFO : EventManager : Event: ======'slide_show_high_scores_removed'====== Args={'_from_bcp': True}
2020-08-10 19:47:24,925 : INFO : EventManager : Event: ======'slide_show_high_scores_created'====== Args={'_from_bcp': True}
2020-08-10 19:47:24,933 : INFO : EventManager : Event: ======'slide_show_high_scores_active'====== Args={'_from_bcp': True}
2020-08-10 19:47:25,910 : INFO : EventManager : Event: ======'slide_awesome_slide_removed'====== Args={'_from_bcp': True}
2020-08-10 19:47:25,914 : INFO : EventManager : Event: ======'slide_awesome_slide_created'====== Args={'_from_bcp': True}
2020-08-10 19:47:25,916 : INFO : EventManager : Event: ======'slide_awesome_slide_active'====== Args={'_from_bcp': True}
2020-08-10 19:47:28,915 : INFO : EventManager : Event: ======'slide_press_start_removed'====== Args={'_from_bcp': True}
2020-08-10 19:47:28,922 : INFO : EventManager : Event: ======'slide_press_start_created'====== Args={'_from_bcp': True}
2020-08-10 19:47:28,927 : INFO : EventManager : Event: ======'slide_press_start_active'====== Args={'_from_bcp': True}
2020-08-10 19:47:31,931 : INFO : EventManager : Event: ======'slide_mission_pinball_removed'====== Args={'_from_bcp': True}
2020-08-10 19:47:31,939 : INFO : EventManager : Event: ======'slide_mission_pinball_created'====== Args={'_from_bcp': True}
2020-08-10 19:47:31,946 : INFO : EventManager : Event: ======'slide_mission_pinball_active'====== Args={'_from_bcp': True}
2020-08-10 19:47:37,906 : INFO : EventManager : Event: ======'slide_GameCard_removed'====== Args={'_from_bcp': True}
2020-08-10 19:47:37,908 : INFO : EventManager : Event: ======'slide_GameCard_created'====== Args={'_from_bcp': True}
2020-08-10 19:47:37,909 : INFO : EventManager : Event: ======'slide_GameCard_active'====== Args={'_from_bcp': True}
2020-08-10 19:47:40,917 : INFO : EventManager : Event: ======'slide_HowTo_removed'====== Args={'_from_bcp': True}
2020-08-10 19:47:40,940 : INFO : EventManager : Event: ======'slide_HowTo_created'====== Args={'_from_bcp': True}
2020-08-10 19:47:40,946 : INFO : EventManager : Event: ======'slide_HowTo_active'====== Args={'_from_bcp': True}
2020-08-10 19:47:48,928 : INFO : EventManager : Event: ======'slide_last_game_score_slide1_removed'====== Args={'_from_bcp': True}
2020-08-10 19:47:48,933 : INFO : EventManager : Event: ======'slide_last_game_score_slide1_created'====== Args={'_from_bcp': True}
2020-08-10 19:47:48,940 : INFO : EventManager : Event: ======'slide_last_game_score_slide1_active'====== Args={'_from_bcp': True}
2020-08-10 19:47:56,929 : INFO : EventManager : Event: ======'slide_show_high_scores_removed'====== Args={'_from_bcp': True}
2020-08-10 19:47:56,940 : INFO : EventManager : Event: ======'slide_show_high_scores_created'====== Args={'_from_bcp': True}
2020-08-10 19:47:56,949 : INFO : EventManager : Event: ======'slide_show_high_scores_active'====== Args={'_from_bcp': True}
2020-08-10 19:47:57,914 : INFO : EventManager : Event: ======'slide_awesome_slide_removed'====== Args={'_from_bcp': True}
2020-08-10 19:47:57,916 : INFO : EventManager : Event: ======'slide_awesome_slide_created'====== Args={'_from_bcp': True}
2020-08-10 19:47:57,916 : INFO : EventManager : Event: ======'slide_awesome_slide_active'====== Args={'_from_bcp': True}
2020-08-10 19:48:00,512 : INFO : Mode.credits : Clearing all credits.
2020-08-10 19:48:00,512 : INFO : EventManager : Event: ======'machine_var_credit_units'====== Args={'value': 0, 'prev_value': 20.0, 'change': -20.0}
2020-08-10 19:48:00,514 : INFO : EventManager : Event: ======'machine_var_credits_string'====== Args={'value': 'Credits 0', 'prev_value': 'Credits 10', 'change': True}
2020-08-10 19:48:00,516 : INFO : EventManager : Event: ======'machine_var_credits_value'====== Args={'value': '0', 'prev_value': '10', 'change': True}
2020-08-10 19:48:00,518 : INFO : EventManager : Event: ======'machine_var_credits_whole_num'====== Args={'value': 0, 'prev_value': 10, 'change': -10}
2020-08-10 19:48:00,919 : INFO : EventManager : Event: ======'slide_press_start_removed'====== Args={'_from_bcp': True}
2020-08-10 19:48:00,928 : INFO : EventManager : Event: ======'slide_press_start_created'====== Args={'_from_bcp': True}
2020-08-10 19:48:00,932 : INFO : EventManager : Event: ======'slide_press_start_active'====== Args={'_from_bcp': True}
2020-08-10 19:48:03,941 : INFO : EventManager : Event: ======'slide_mission_pinball_removed'====== Args={'_from_bcp': True}
2020-08-10 19:48:03,942 : INFO : EventManager : Event: ======'slide_mission_pinball_created'====== Args={'_from_bcp': True}
2020-08-10 19:48:03,943 : INFO : EventManager : Event: ======'slide_mission_pinball_active'====== Args={'_from_bcp': True}
2020-08-10 19:48:09,909 : INFO : EventManager : Event: ======'slide_GameCard_removed'====== Args={'_from_bcp': True}
2020-08-10 19:48:09,910 : INFO : EventManager : Event: ======'slide_GameCard_created'====== Args={'_from_bcp': True}
2020-08-10 19:48:09,911 : INFO : EventManager : Event: ======'slide_GameCard_active'====== Args={'_from_bcp': True}
2020-08-10 19:48:12,919 : INFO : EventManager : Event: ======'slide_HowTo_removed'====== Args={'_from_bcp': True}
2020-08-10 19:48:12,943 : INFO : EventManager : Event: ======'slide_HowTo_created'====== Args={'_from_bcp': True}
2020-08-10 19:48:12,951 : INFO : EventManager : Event: ======'slide_HowTo_active'====== Args={'_from_bcp': True}
2020-08-10 19:48:20,939 : INFO : EventManager : Event: ======'slide_last_game_score_slide1_removed'====== Args={'_from_bcp': True}
2020-08-10 19:48:20,949 : INFO : EventManager : Event: ======'slide_last_game_score_slide1_created'====== Args={'_from_bcp': True}
2020-08-10 19:48:20,959 : INFO : EventManager : Event: ======'slide_last_game_score_slide1_active'====== Args={'_from_bcp': True}
2020-08-10 19:48:28,908 : INFO : EventManager : Event: ======'slide_show_high_scores_removed'====== Args={'_from_bcp': True}
2020-08-10 19:48:28,917 : INFO : EventManager : Event: ======'slide_show_high_scores_created'====== Args={'_from_bcp': True}
2020-08-10 19:48:28,925 : INFO : EventManager : Event: ======'slide_show_high_scores_active'====== Args={'_from_bcp': True}
2020-08-10 19:48:29,918 : INFO : EventManager : Event: ======'slide_awesome_slide_removed'====== Args={'_from_bcp': True}
2020-08-10 19:48:29,920 : INFO : EventManager : Event: ======'slide_awesome_slide_created'====== Args={'_from_bcp': True}
2020-08-10 19:48:29,922 : INFO : EventManager : Event: ======'slide_awesome_slide_active'====== Args={'_from_bcp': True}
2020-08-10 19:48:32,924 : INFO : EventManager : Event: ======'slide_press_start_removed'====== Args={'_from_bcp': True}
2020-08-10 19:48:32,933 : INFO : EventManager : Event: ======'slide_press_start_created'====== Args={'_from_bcp': True}
2020-08-10 19:48:32,940 : INFO : EventManager : Event: ======'slide_press_start_active'====== Args={'_from_bcp': True}
2020-08-10 19:48:35,914 : INFO : EventManager : Event: ======'slide_mission_pinball_removed'====== Args={'_from_bcp': True}
2020-08-10 19:48:35,923 : INFO : EventManager : Event: ======'slide_mission_pinball_created'====== Args={'_from_bcp': True}
2020-08-10 19:48:35,927 : INFO : EventManager : Event: ======'slide_mission_pinball_active'====== Args={'_from_bcp': True}
2020-08-10 19:48:41,912 : INFO : EventManager : Event: ======'slide_GameCard_removed'====== Args={'_from_bcp': True}
2020-08-10 19:48:41,916 : INFO : EventManager : Event: ======'slide_GameCard_created'====== Args={'_from_bcp': True}
2020-08-10 19:48:41,918 : INFO : EventManager : Event: ======'slide_GameCard_active'====== Args={'_from_bcp': True}
2020-08-10 19:48:44,922 : INFO : EventManager : Event: ======'slide_HowTo_removed'====== Args={'_from_bcp': True}
2020-08-10 19:48:45,006 : INFO : EventManager : Event: ======'slide_HowTo_created'====== Args={'_from_bcp': True}
2020-08-10 19:48:45,014 : INFO : EventManager : Event: ======'slide_HowTo_active'====== Args={'_from_bcp': True}
2020-08-10 19:48:52,918 : INFO : EventManager : Event: ======'slide_last_game_score_slide1_removed'====== Args={'_from_bcp': True}
2020-08-10 19:48:52,938 : INFO : EventManager : Event: ======'slide_last_game_score_slide1_created'====== Args={'_from_bcp': True}
2020-08-10 19:48:52,947 : INFO : EventManager : Event: ======'slide_last_game_score_slide1_active'====== Args={'_from_bcp': True}
2020-08-10 19:49:00,903 : INFO : EventManager : Event: ======'slide_show_high_scores_removed'====== Args={'_from_bcp': True}
2020-08-10 19:49:00,917 : INFO : EventManager : Event: ======'slide_show_high_scores_created'====== Args={'_from_bcp': True}
2020-08-10 19:49:00,926 : INFO : EventManager : Event: ======'slide_show_high_scores_active'====== Args={'_from_bcp': True}
2020-08-10 19:49:01,926 : INFO : EventManager : Event: ======'slide_awesome_slide_removed'====== Args={'_from_bcp': True}
2020-08-10 19:49:01,930 : INFO : EventManager : Event: ======'slide_awesome_slide_created'====== Args={'_from_bcp': True}
2020-08-10 19:49:01,933 : INFO : EventManager : Event: ======'slide_awesome_slide_active'====== Args={'_from_bcp': True}
2020-08-10 19:49:04,936 : INFO : EventManager : Event: ======'slide_press_start_removed'====== Args={'_from_bcp': True}
2020-08-10 19:49:04,937 : INFO : EventManager : Event: ======'slide_press_start_created'====== Args={'_from_bcp': True}
2020-08-10 19:49:04,937 : INFO : EventManager : Event: ======'slide_press_start_active'====== Args={'_from_bcp': True}
2020-08-10 19:49:07,930 : INFO : EventManager : Event: ======'slide_mission_pinball_removed'====== Args={'_from_bcp': True}
2020-08-10 19:49:07,932 : INFO : EventManager : Event: ======'slide_mission_pinball_created'====== Args={'_from_bcp': True}
2020-08-10 19:49:07,937 : INFO : EventManager : Event: ======'slide_mission_pinball_active'====== Args={'_from_bcp': True}
2020-08-10 19:49:13,914 : INFO : EventManager : Event: ======'slide_GameCard_removed'====== Args={'_from_bcp': True}
2020-08-10 19:49:13,916 : INFO : EventManager : Event: ======'slide_GameCard_created'====== Args={'_from_bcp': True}
2020-08-10 19:49:13,918 : INFO : EventManager : Event: ======'slide_GameCard_active'====== Args={'_from_bcp': True}
2020-08-10 19:49:16,917 : INFO : EventManager : Event: ======'slide_HowTo_removed'====== Args={'_from_bcp': True}
2020-08-10 19:49:16,939 : INFO : EventManager : Event: ======'slide_HowTo_created'====== Args={'_from_bcp': True}
2020-08-10 19:49:16,945 : INFO : EventManager : Event: ======'slide_HowTo_active'====== Args={'_from_bcp': True}
2020-08-10 19:49:24,925 : INFO : EventManager : Event: ======'slide_last_game_score_slide1_removed'====== Args={'_from_bcp': True}
2020-08-10 19:49:24,946 : INFO : EventManager : Event: ======'slide_last_game_score_slide1_created'====== Args={'_from_bcp': True}
2020-08-10 19:49:24,954 : INFO : EventManager : Event: ======'slide_last_game_score_slide1_active'====== Args={'_from_bcp': True}
2020-08-10 19:49:32,927 : INFO : EventManager : Event: ======'slide_show_high_scores_removed'====== Args={'_from_bcp': True}
2020-08-10 19:49:32,959 : INFO : EventManager : Event: ======'slide_show_high_scores_created'====== Args={'_from_bcp': True}
2020-08-10 19:49:32,959 : INFO : EventManager : Event: ======'slide_show_high_scores_active'====== Args={'_from_bcp': True}
2020-08-10 19:49:33,919 : INFO : EventManager : Event: ======'slide_awesome_slide_removed'====== Args={'_from_bcp': True}
2020-08-10 19:49:33,924 : INFO : EventManager : Event: ======'slide_awesome_slide_created'====== Args={'_from_bcp': True}
2020-08-10 19:49:33,927 : INFO : EventManager : Event: ======'slide_awesome_slide_active'====== Args={'_from_bcp': True}
2020-08-10 19:49:36,908 : INFO : EventManager : Event: ======'slide_press_start_removed'====== Args={'_from_bcp': True}
2020-08-10 19:49:36,912 : INFO : EventManager : Event: ======'slide_press_start_created'====== Args={'_from_bcp': True}
2020-08-10 19:49:36,916 : INFO : EventManager : Event: ======'slide_press_start_active'====== Args={'_from_bcp': True}
2020-08-10 19:49:39,916 : INFO : EventManager : Event: ======'slide_mission_pinball_removed'====== Args={'_from_bcp': True}
2020-08-10 19:49:39,922 : INFO : EventManager : Event: ======'slide_mission_pinball_created'====== Args={'_from_bcp': True}
2020-08-10 19:49:39,929 : INFO : EventManager : Event: ======'slide_mission_pinball_active'====== Args={'_from_bcp': True}
2020-08-10 19:49:45,927 : INFO : EventManager : Event: ======'slide_GameCard_removed'====== Args={'_from_bcp': True}
2020-08-10 19:49:45,928 : INFO : EventManager : Event: ======'slide_GameCard_created'====== Args={'_from_bcp': True}
2020-08-10 19:49:45,928 : INFO : EventManager : Event: ======'slide_GameCard_active'====== Args={'_from_bcp': True}
2020-08-10 19:49:48,939 : INFO : EventManager : Event: ======'slide_HowTo_removed'====== Args={'_from_bcp': True}
2020-08-10 19:49:48,974 : INFO : EventManager : Event: ======'slide_HowTo_created'====== Args={'_from_bcp': True}
2020-08-10 19:49:48,980 : INFO : EventManager : Event: ======'slide_HowTo_active'====== Args={'_from_bcp': True}
2020-08-10 19:49:56,914 : INFO : EventManager : Event: ======'slide_last_game_score_slide1_removed'====== Args={'_from_bcp': True}
2020-08-10 19:49:56,932 : INFO : EventManager : Event: ======'slide_last_game_score_slide1_created'====== Args={'_from_bcp': True}
2020-08-10 19:49:56,940 : INFO : EventManager : Event: ======'slide_last_game_score_slide1_active'====== Args={'_from_bcp': True}
2020-08-10 19:50:04,919 : INFO : EventManager : Event: ======'slide_show_high_scores_removed'====== Args={'_from_bcp': True}
2020-08-10 19:50:04,938 : INFO : EventManager : Event: ======'slide_show_high_scores_created'====== Args={'_from_bcp': True}
2020-08-10 19:50:04,945 : INFO : EventManager : Event: ======'slide_show_high_scores_active'====== Args={'_from_bcp': True}
2020-08-10 19:50:05,907 : INFO : EventManager : Event: ======'slide_awesome_slide_removed'====== Args={'_from_bcp': True}
2020-08-10 19:50:05,911 : INFO : EventManager : Event: ======'slide_awesome_slide_created'====== Args={'_from_bcp': True}
2020-08-10 19:50:05,917 : INFO : EventManager : Event: ======'slide_awesome_slide_active'====== Args={'_from_bcp': True}
2020-08-10 19:50:08,923 : INFO : EventManager : Event: ======'slide_press_start_removed'====== Args={'_from_bcp': True}
2020-08-10 19:50:08,930 : INFO : EventManager : Event: ======'slide_press_start_created'====== Args={'_from_bcp': True}
2020-08-10 19:50:08,935 : INFO : EventManager : Event: ======'slide_press_start_active'====== Args={'_from_bcp': True}
2020-08-10 19:50:11,921 : INFO : EventManager : Event: ======'slide_mission_pinball_removed'====== Args={'_from_bcp': True}
2020-08-10 19:50:11,929 : INFO : EventManager : Event: ======'slide_mission_pinball_created'====== Args={'_from_bcp': True}
2020-08-10 19:50:11,932 : INFO : EventManager : Event: ======'slide_mission_pinball_active'====== Args={'_from_bcp': True}
2020-08-10 19:50:17,908 : INFO : EventManager : Event: ======'slide_GameCard_removed'====== Args={'_from_bcp': True}
2020-08-10 19:50:17,912 : INFO : EventManager : Event: ======'slide_GameCard_created'====== Args={'_from_bcp': True}
2020-08-10 19:50:17,914 : INFO : EventManager : Event: ======'slide_GameCard_active'====== Args={'_from_bcp': True}
2020-08-10 19:50:20,943 : INFO : EventManager : Event: ======'slide_HowTo_removed'====== Args={'_from_bcp': True}
2020-08-10 19:50:20,970 : INFO : EventManager : Event: ======'slide_HowTo_created'====== Args={'_from_bcp': True}
2020-08-10 19:50:20,971 : INFO : EventManager : Event: ======'slide_HowTo_active'====== Args={'_from_bcp': True}
2020-08-10 19:50:28,919 : INFO : EventManager : Event: ======'slide_last_game_score_slide1_removed'====== Args={'_from_bcp': True}
2020-08-10 19:50:28,938 : INFO : EventManager : Event: ======'slide_last_game_score_slide1_created'====== Args={'_from_bcp': True}
2020-08-10 19:50:28,954 : INFO : EventManager : Event: ======'slide_last_game_score_slide1_active'====== Args={'_from_bcp': True}
2020-08-10 19:50:36,905 : INFO : EventManager : Event: ======'slide_show_high_scores_removed'====== Args={'_from_bcp': True}
2020-08-10 19:50:36,984 : INFO : EventManager : Event: ======'slide_show_high_scores_created'====== Args={'_from_bcp': True}
2020-08-10 19:50:36,993 : INFO : EventManager : Event: ======'slide_show_high_scores_active'====== Args={'_from_bcp': True}
2020-08-10 19:50:37,907 : INFO : EventManager : Event: ======'slide_awesome_slide_removed'====== Args={'_from_bcp': True}
2020-08-10 19:50:37,911 : INFO : EventManager : Event: ======'slide_awesome_slide_created'====== Args={'_from_bcp': True}
2020-08-10 19:50:37,914 : INFO : EventManager : Event: ======'slide_awesome_slide_active'====== Args={'_from_bcp': True}
2020-08-10 19:50:40,937 : INFO : EventManager : Event: ======'slide_press_start_removed'====== Args={'_from_bcp': True}
2020-08-10 19:50:40,937 : INFO : EventManager : Event: ======'slide_press_start_created'====== Args={'_from_bcp': True}
2020-08-10 19:50:40,938 : INFO : EventManager : Event: ======'slide_press_start_active'====== Args={'_from_bcp': True}
2020-08-10 19:50:43,912 : INFO : EventManager : Event: ======'slide_mission_pinball_removed'====== Args={'_from_bcp': True}
2020-08-10 19:50:43,925 : INFO : EventManager : Event: ======'slide_mission_pinball_created'====== Args={'_from_bcp': True}
2020-08-10 19:50:43,925 : INFO : EventManager : Event: ======'slide_mission_pinball_active'====== Args={'_from_bcp': True}
2020-08-10 19:50:49,921 : INFO : EventManager : Event: ======'slide_GameCard_removed'====== Args={'_from_bcp': True}
2020-08-10 19:50:49,924 : INFO : EventManager : Event: ======'slide_GameCard_created'====== Args={'_from_bcp': True}
2020-08-10 19:50:49,926 : INFO : EventManager : Event: ======'slide_GameCard_active'====== Args={'_from_bcp': True}
2020-08-10 19:50:52,931 : INFO : EventManager : Event: ======'slide_HowTo_removed'====== Args={'_from_bcp': True}
2020-08-10 19:50:52,950 : INFO : EventManager : Event: ======'slide_HowTo_created'====== Args={'_from_bcp': True}
2020-08-10 19:50:52,956 : INFO : EventManager : Event: ======'slide_HowTo_active'====== Args={'_from_bcp': True}
2020-08-10 19:51:00,934 : INFO : EventManager : Event: ======'slide_last_game_score_slide1_removed'====== Args={'_from_bcp': True}
2020-08-10 19:51:00,952 : INFO : EventManager : Event: ======'slide_last_game_score_slide1_created'====== Args={'_from_bcp': True}
2020-08-10 19:51:00,960 : INFO : EventManager : Event: ======'slide_last_game_score_slide1_active'====== Args={'_from_bcp': True}
2020-08-10 19:51:08,927 : INFO : EventManager : Event: ======'slide_show_high_scores_removed'====== Args={'_from_bcp': True}
2020-08-10 19:51:08,945 : INFO : EventManager : Event: ======'slide_show_high_scores_created'====== Args={'_from_bcp': True}
2020-08-10 19:51:08,957 : INFO : EventManager : Event: ======'slide_show_high_scores_active'====== Args={'_from_bcp': True}
2020-08-10 19:51:09,925 : INFO : EventManager : Event: ======'slide_awesome_slide_removed'====== Args={'_from_bcp': True}
2020-08-10 19:51:09,927 : INFO : EventManager : Event: ======'slide_awesome_slide_created'====== Args={'_from_bcp': True}
2020-08-10 19:51:09,929 : INFO : EventManager : Event: ======'slide_awesome_slide_active'====== Args={'_from_bcp': True}
2020-08-10 19:51:12,921 : INFO : EventManager : Event: ======'slide_press_start_removed'====== Args={'_from_bcp': True}
2020-08-10 19:51:12,928 : INFO : EventManager : Event: ======'slide_press_start_created'====== Args={'_from_bcp': True}
2020-08-10 19:51:12,933 : INFO : EventManager : Event: ======'slide_press_start_active'====== Args={'_from_bcp': True}
2020-08-10 19:51:15,923 : INFO : EventManager : Event: ======'slide_mission_pinball_removed'====== Args={'_from_bcp': True}
2020-08-10 19:51:15,931 : INFO : EventManager : Event: ======'slide_mission_pinball_created'====== Args={'_from_bcp': True}
2020-08-10 19:51:15,936 : INFO : EventManager : Event: ======'slide_mission_pinball_active'====== Args={'_from_bcp': True}
2020-08-10 19:51:21,924 : INFO : EventManager : Event: ======'slide_GameCard_removed'====== Args={'_from_bcp': True}
2020-08-10 19:51:21,930 : INFO : EventManager : Event: ======'slide_GameCard_created'====== Args={'_from_bcp': True}
2020-08-10 19:51:21,932 : INFO : EventManager : Event: ======'slide_GameCard_active'====== Args={'_from_bcp': True}
2020-08-10 19:51:24,921 : INFO : EventManager : Event: ======'slide_HowTo_removed'====== Args={'_from_bcp': True}
2020-08-10 19:51:24,944 : INFO : EventManager : Event: ======'slide_HowTo_created'====== Args={'_from_bcp': True}
2020-08-10 19:51:24,951 : INFO : EventManager : Event: ======'slide_HowTo_active'====== Args={'_from_bcp': True}
2020-08-10 19:51:32,931 : INFO : EventManager : Event: ======'slide_last_game_score_slide1_removed'====== Args={'_from_bcp': True}
2020-08-10 19:51:32,951 : INFO : EventManager : Event: ======'slide_last_game_score_slide1_created'====== Args={'_from_bcp': True}
2020-08-10 19:51:32,960 : INFO : EventManager : Event: ======'slide_last_game_score_slide1_active'====== Args={'_from_bcp': True}
2020-08-10 19:51:40,935 : INFO : EventManager : Event: ======'slide_show_high_scores_removed'====== Args={'_from_bcp': True}
2020-08-10 19:51:40,953 : INFO : EventManager : Event: ======'slide_show_high_scores_created'====== Args={'_from_bcp': True}
2020-08-10 19:51:40,965 : INFO : EventManager : Event: ======'slide_show_high_scores_active'====== Args={'_from_bcp': True}
2020-08-10 19:51:41,931 : INFO : EventManager : Event: ======'slide_awesome_slide_removed'====== Args={'_from_bcp': True}
2020-08-10 19:51:41,932 : INFO : EventManager : Event: ======'slide_awesome_slide_created'====== Args={'_from_bcp': True}
2020-08-10 19:51:41,933 : INFO : EventManager : Event: ======'slide_awesome_slide_active'====== Args={'_from_bcp': True}
2020-08-10 19:51:44,926 : INFO : EventManager : Event: ======'slide_press_start_removed'====== Args={'_from_bcp': True}
2020-08-10 19:51:44,927 : INFO : EventManager : Event: ======'slide_press_start_created'====== Args={'_from_bcp': True}
2020-08-10 19:51:44,928 : INFO : EventManager : Event: ======'slide_press_start_active'====== Args={'_from_bcp': True}
2020-08-10 19:51:47,915 : INFO : EventManager : Event: ======'slide_mission_pinball_removed'====== Args={'_from_bcp': True}
2020-08-10 19:51:47,924 : INFO : EventManager : Event: ======'slide_mission_pinball_created'====== Args={'_from_bcp': True}
2020-08-10 19:51:47,928 : INFO : EventManager : Event: ======'slide_mission_pinball_active'====== Args={'_from_bcp': True}
2020-08-10 19:51:53,908 : INFO : EventManager : Event: ======'slide_GameCard_removed'====== Args={'_from_bcp': True}
2020-08-10 19:51:53,909 : INFO : EventManager : Event: ======'slide_GameCard_created'====== Args={'_from_bcp': True}
2020-08-10 19:51:53,910 : INFO : EventManager : Event: ======'slide_GameCard_active'====== Args={'_from_bcp': True}
2020-08-10 19:51:56,923 : INFO : EventManager : Event: ======'slide_HowTo_removed'====== Args={'_from_bcp': True}
2020-08-10 19:51:56,962 : INFO : EventManager : Event: ======'slide_HowTo_created'====== Args={'_from_bcp': True}
2020-08-10 19:51:56,962 : INFO : EventManager : Event: ======'slide_HowTo_active'====== Args={'_from_bcp': True}
2020-08-10 19:52:04,919 : INFO : EventManager : Event: ======'slide_last_game_score_slide1_removed'====== Args={'_from_bcp': True}
2020-08-10 19:52:04,938 : INFO : EventManager : Event: ======'slide_last_game_score_slide1_created'====== Args={'_from_bcp': True}
2020-08-10 19:52:04,945 : INFO : EventManager : Event: ======'slide_last_game_score_slide1_active'====== Args={'_from_bcp': True}
2020-08-10 19:52:12,926 : INFO : EventManager : Event: ======'slide_show_high_scores_removed'====== Args={'_from_bcp': True}
2020-08-10 19:52:12,945 : INFO : EventManager : Event: ======'slide_show_high_scores_created'====== Args={'_from_bcp': True}
2020-08-10 19:52:12,955 : INFO : EventManager : Event: ======'slide_show_high_scores_active'====== Args={'_from_bcp': True}
2020-08-10 19:52:13,906 : INFO : EventManager : Event: ======'slide_awesome_slide_removed'====== Args={'_from_bcp': True}
2020-08-10 19:52:13,910 : INFO : EventManager : Event: ======'slide_awesome_slide_created'====== Args={'_from_bcp': True}
2020-08-10 19:52:13,913 : INFO : EventManager : Event: ======'slide_awesome_slide_active'====== Args={'_from_bcp': True}
2020-08-10 19:52:16,912 : INFO : EventManager : Event: ======'slide_press_start_removed'====== Args={'_from_bcp': True}
2020-08-10 19:52:16,919 : INFO : EventManager : Event: ======'slide_press_start_created'====== Args={'_from_bcp': True}
2020-08-10 19:52:16,926 : INFO : EventManager : Event: ======'slide_press_start_active'====== Args={'_from_bcp': True}
2020-08-10 19:52:19,938 : INFO : EventManager : Event: ======'slide_mission_pinball_removed'====== Args={'_from_bcp': True}
2020-08-10 19:52:19,948 : INFO : EventManager : Event: ======'slide_mission_pinball_created'====== Args={'_from_bcp': True}
2020-08-10 19:52:19,965 : INFO : EventManager : Event: ======'slide_mission_pinball_active'====== Args={'_from_bcp': True}
2020-08-10 19:52:25,904 : INFO : EventManager : Event: ======'slide_GameCard_removed'====== Args={'_from_bcp': True}
2020-08-10 19:52:25,907 : INFO : EventManager : Event: ======'slide_GameCard_created'====== Args={'_from_bcp': True}
2020-08-10 19:52:25,908 : INFO : EventManager : Event: ======'slide_GameCard_active'====== Args={'_from_bcp': True}
2020-08-10 19:52:28,929 : INFO : EventManager : Event: ======'slide_HowTo_removed'====== Args={'_from_bcp': True}
2020-08-10 19:52:29,019 : INFO : EventManager : Event: ======'slide_HowTo_created'====== Args={'_from_bcp': True}
2020-08-10 19:52:29,026 : INFO : EventManager : Event: ======'slide_HowTo_active'====== Args={'_from_bcp': True}
2020-08-10 19:52:36,921 : INFO : EventManager : Event: ======'slide_last_game_score_slide1_removed'====== Args={'_from_bcp': True}
2020-08-10 19:52:36,941 : INFO : EventManager : Event: ======'slide_last_game_score_slide1_created'====== Args={'_from_bcp': True}
2020-08-10 19:52:36,951 : INFO : EventManager : Event: ======'slide_last_game_score_slide1_active'====== Args={'_from_bcp': True}
2020-08-10 19:52:44,924 : INFO : EventManager : Event: ======'slide_show_high_scores_removed'====== Args={'_from_bcp': True}
2020-08-10 19:52:44,942 : INFO : EventManager : Event: ======'slide_show_high_scores_created'====== Args={'_from_bcp': True}
2020-08-10 19:52:44,954 : INFO : EventManager : Event: ======'slide_show_high_scores_active'====== Args={'_from_bcp': True}
2020-08-10 19:52:45,901 : INFO : EventManager : Event: ======'slide_awesome_slide_removed'====== Args={'_from_bcp': True}
2020-08-10 19:52:45,905 : INFO : EventManager : Event: ======'slide_awesome_slide_created'====== Args={'_from_bcp': True}
2020-08-10 19:52:45,908 : INFO : EventManager : Event: ======'slide_awesome_slide_active'====== Args={'_from_bcp': True}
2020-08-10 19:52:48,921 : INFO : EventManager : Event: ======'slide_press_start_removed'====== Args={'_from_bcp': True}
2020-08-10 19:52:48,928 : INFO : EventManager : Event: ======'slide_press_start_created'====== Args={'_from_bcp': True}
2020-08-10 19:52:48,932 : INFO : EventManager : Event: ======'slide_press_start_active'====== Args={'_from_bcp': True}
2020-08-10 19:52:51,916 : INFO : EventManager : Event: ======'slide_mission_pinball_removed'====== Args={'_from_bcp': True}
2020-08-10 19:52:51,920 : INFO : EventManager : Event: ======'slide_mission_pinball_created'====== Args={'_from_bcp': True}
2020-08-10 19:52:51,923 : INFO : EventManager : Event: ======'slide_mission_pinball_active'====== Args={'_from_bcp': True}
2020-08-10 19:52:57,930 : INFO : EventManager : Event: ======'slide_GameCard_removed'====== Args={'_from_bcp': True}
2020-08-10 19:52:57,934 : INFO : EventManager : Event: ======'slide_GameCard_created'====== Args={'_from_bcp': True}
2020-08-10 19:52:57,936 : INFO : EventManager : Event: ======'slide_GameCard_active'====== Args={'_from_bcp': True}
2020-08-10 19:53:00,922 : INFO : EventManager : Event: ======'slide_HowTo_removed'====== Args={'_from_bcp': True}
2020-08-10 19:53:00,946 : INFO : EventManager : Event: ======'slide_HowTo_created'====== Args={'_from_bcp': True}
2020-08-10 19:53:00,958 : INFO : EventManager : Event: ======'slide_HowTo_active'====== Args={'_from_bcp': True}
2020-08-10 19:53:08,921 : INFO : EventManager : Event: ======'slide_last_game_score_slide1_removed'====== Args={'_from_bcp': True}
2020-08-10 19:53:08,942 : INFO : EventManager : Event: ======'slide_last_game_score_slide1_created'====== Args={'_from_bcp': True}
2020-08-10 19:53:08,953 : INFO : EventManager : Event: ======'slide_last_game_score_slide1_active'====== Args={'_from_bcp': True}
2020-08-10 19:53:16,916 : INFO : EventManager : Event: ======'slide_show_high_scores_removed'====== Args={'_from_bcp': True}
2020-08-10 19:53:16,940 : INFO : EventManager : Event: ======'slide_show_high_scores_created'====== Args={'_from_bcp': True}
2020-08-10 19:53:16,942 : INFO : EventManager : Event: ======'slide_show_high_scores_active'====== Args={'_from_bcp': True}
2020-08-10 19:53:17,910 : INFO : EventManager : Event: ======'slide_awesome_slide_removed'====== Args={'_from_bcp': True}
2020-08-10 19:53:17,915 : INFO : EventManager : Event: ======'slide_awesome_slide_created'====== Args={'_from_bcp': True}
2020-08-10 19:53:17,917 : INFO : EventManager : Event: ======'slide_awesome_slide_active'====== Args={'_from_bcp': True}
2020-08-10 19:53:20,921 : INFO : EventManager : Event: ======'slide_press_start_removed'====== Args={'_from_bcp': True}
2020-08-10 19:53:20,928 : INFO : EventManager : Event: ======'slide_press_start_created'====== Args={'_from_bcp': True}
2020-08-10 19:53:20,932 : INFO : EventManager : Event: ======'slide_press_start_active'====== Args={'_from_bcp': True}
2020-08-10 19:53:23,903 : INFO : EventManager : Event: ======'slide_mission_pinball_removed'====== Args={'_from_bcp': True}
2020-08-10 19:53:23,909 : INFO : EventManager : Event: ======'slide_mission_pinball_created'====== Args={'_from_bcp': True}
2020-08-10 19:53:23,916 : INFO : EventManager : Event: ======'slide_mission_pinball_active'====== Args={'_from_bcp': True}
2020-08-10 19:53:29,928 : INFO : EventManager : Event: ======'slide_GameCard_removed'====== Args={'_from_bcp': True}
2020-08-10 19:53:29,932 : INFO : EventManager : Event: ======'slide_GameCard_created'====== Args={'_from_bcp': True}
2020-08-10 19:53:29,934 : INFO : EventManager : Event: ======'slide_GameCard_active'====== Args={'_from_bcp': True}
2020-08-10 19:53:32,921 : INFO : EventManager : Event: ======'slide_HowTo_removed'====== Args={'_from_bcp': True}
2020-08-10 19:53:32,945 : INFO : EventManager : Event: ======'slide_HowTo_created'====== Args={'_from_bcp': True}
2020-08-10 19:53:32,954 : INFO : EventManager : Event: ======'slide_HowTo_active'====== Args={'_from_bcp': True}
2020-08-10 19:53:40,917 : INFO : EventManager : Event: ======'slide_last_game_score_slide1_removed'====== Args={'_from_bcp': True}
2020-08-10 19:53:40,938 : INFO : EventManager : Event: ======'slide_last_game_score_slide1_created'====== Args={'_from_bcp': True}
2020-08-10 19:53:40,945 : INFO : EventManager : Event: ======'slide_last_game_score_slide1_active'====== Args={'_from_bcp': True}
2020-08-10 19:53:48,930 : INFO : EventManager : Event: ======'slide_show_high_scores_removed'====== Args={'_from_bcp': True}
2020-08-10 19:53:48,966 : INFO : EventManager : Event: ======'slide_show_high_scores_created'====== Args={'_from_bcp': True}
2020-08-10 19:53:48,966 : INFO : EventManager : Event: ======'slide_show_high_scores_active'====== Args={'_from_bcp': True}
2020-08-10 19:53:49,919 : INFO : EventManager : Event: ======'slide_awesome_slide_removed'====== Args={'_from_bcp': True}
2020-08-10 19:53:49,922 : INFO : EventManager : Event: ======'slide_awesome_slide_created'====== Args={'_from_bcp': True}
2020-08-10 19:53:49,922 : INFO : EventManager : Event: ======'slide_awesome_slide_active'====== Args={'_from_bcp': True}
2020-08-10 19:53:52,905 : INFO : EventManager : Event: ======'slide_press_start_removed'====== Args={'_from_bcp': True}
2020-08-10 19:53:52,914 : INFO : EventManager : Event: ======'slide_press_start_created'====== Args={'_from_bcp': True}
2020-08-10 19:53:52,918 : INFO : EventManager : Event: ======'slide_press_start_active'====== Args={'_from_bcp': True}
2020-08-10 19:53:55,943 : INFO : EventManager : Event: ======'slide_mission_pinball_removed'====== Args={'_from_bcp': True}
2020-08-10 19:53:55,945 : INFO : EventManager : Event: ======'slide_mission_pinball_created'====== Args={'_from_bcp': True}
2020-08-10 19:53:55,945 : INFO : EventManager : Event: ======'slide_mission_pinball_active'====== Args={'_from_bcp': True}
2020-08-10 19:54:01,918 : INFO : EventManager : Event: ======'slide_GameCard_removed'====== Args={'_from_bcp': True}
2020-08-10 19:54:01,922 : INFO : EventManager : Event: ======'slide_GameCard_created'====== Args={'_from_bcp': True}
2020-08-10 19:54:01,924 : INFO : EventManager : Event: ======'slide_GameCard_active'====== Args={'_from_bcp': True}
2020-08-10 19:54:04,925 : INFO : EventManager : Event: ======'slide_HowTo_removed'====== Args={'_from_bcp': True}
2020-08-10 19:54:04,942 : INFO : EventManager : Event: ======'slide_HowTo_created'====== Args={'_from_bcp': True}
2020-08-10 19:54:04,948 : INFO : EventManager : Event: ======'slide_HowTo_active'====== Args={'_from_bcp': True}
2020-08-10 19:54:12,909 : INFO : EventManager : Event: ======'slide_last_game_score_slide1_removed'====== Args={'_from_bcp': True}
2020-08-10 19:54:12,930 : INFO : EventManager : Event: ======'slide_last_game_score_slide1_created'====== Args={'_from_bcp': True}
2020-08-10 19:54:12,944 : INFO : EventManager : Event: ======'slide_last_game_score_slide1_active'====== Args={'_from_bcp': True}
2020-08-10 19:54:20,921 : INFO : EventManager : Event: ======'slide_show_high_scores_removed'====== Args={'_from_bcp': True}
2020-08-10 19:54:20,939 : INFO : EventManager : Event: ======'slide_show_high_scores_created'====== Args={'_from_bcp': True}
2020-08-10 19:54:20,951 : INFO : EventManager : Event: ======'slide_show_high_scores_active'====== Args={'_from_bcp': True}
2020-08-10 19:54:21,914 : INFO : EventManager : Event: ======'slide_awesome_slide_removed'====== Args={'_from_bcp': True}
2020-08-10 19:54:21,919 : INFO : EventManager : Event: ======'slide_awesome_slide_created'====== Args={'_from_bcp': True}
2020-08-10 19:54:21,921 : INFO : EventManager : Event: ======'slide_awesome_slide_active'====== Args={'_from_bcp': True}
2020-08-10 19:54:24,930 : INFO : EventManager : Event: ======'slide_press_start_removed'====== Args={'_from_bcp': True}
2020-08-10 19:54:25,003 : INFO : EventManager : Event: ======'slide_press_start_created'====== Args={'_from_bcp': True}
2020-08-10 19:54:25,007 : INFO : EventManager : Event: ======'slide_press_start_active'====== Args={'_from_bcp': True}
2020-08-10 19:54:27,926 : INFO : EventManager : Event: ======'slide_mission_pinball_removed'====== Args={'_from_bcp': True}
2020-08-10 19:54:27,929 : INFO : EventManager : Event: ======'slide_mission_pinball_created'====== Args={'_from_bcp': True}
2020-08-10 19:54:27,939 : INFO : EventManager : Event: ======'slide_mission_pinball_active'====== Args={'_from_bcp': True}
2020-08-10 19:54:33,917 : INFO : EventManager : Event: ======'slide_GameCard_removed'====== Args={'_from_bcp': True}
2020-08-10 19:54:33,921 : INFO : EventManager : Event: ======'slide_GameCard_created'====== Args={'_from_bcp': True}
2020-08-10 19:54:33,923 : INFO : EventManager : Event: ======'slide_GameCard_active'====== Args={'_from_bcp': True}
2020-08-10 19:54:36,925 : INFO : EventManager : Event: ======'slide_HowTo_removed'====== Args={'_from_bcp': True}
2020-08-10 19:54:36,948 : INFO : EventManager : Event: ======'slide_HowTo_created'====== Args={'_from_bcp': True}
2020-08-10 19:54:36,955 : INFO : EventManager : Event: ======'slide_HowTo_active'====== Args={'_from_bcp': True}
2020-08-10 19:54:44,924 : INFO : EventManager : Event: ======'slide_last_game_score_slide1_removed'====== Args={'_from_bcp': True}
2020-08-10 19:54:44,938 : INFO : EventManager : Event: ======'slide_last_game_score_slide1_created'====== Args={'_from_bcp': True}
2020-08-10 19:54:44,946 : INFO : EventManager : Event: ======'slide_last_game_score_slide1_active'====== Args={'_from_bcp': True}
2020-08-10 19:54:52,903 : INFO : EventManager : Event: ======'slide_show_high_scores_removed'====== Args={'_from_bcp': True}
2020-08-10 19:54:52,919 : INFO : EventManager : Event: ======'slide_show_high_scores_created'====== Args={'_from_bcp': True}
2020-08-10 19:54:52,931 : INFO : EventManager : Event: ======'slide_show_high_scores_active'====== Args={'_from_bcp': True}
2020-08-10 19:54:53,915 : INFO : EventManager : Event: ======'slide_awesome_slide_removed'====== Args={'_from_bcp': True}
2020-08-10 19:54:53,920 : INFO : EventManager : Event: ======'slide_awesome_slide_created'====== Args={'_from_bcp': True}
2020-08-10 19:54:53,923 : INFO : EventManager : Event: ======'slide_awesome_slide_active'====== Args={'_from_bcp': True}
2020-08-10 19:54:56,915 : INFO : EventManager : Event: ======'slide_press_start_removed'====== Args={'_from_bcp': True}
2020-08-10 19:54:56,928 : INFO : EventManager : Event: ======'slide_press_start_created'====== Args={'_from_bcp': True}
2020-08-10 19:54:56,929 : INFO : EventManager : Event: ======'slide_press_start_active'====== Args={'_from_bcp': True}
2020-08-10 19:54:59,930 : INFO : EventManager : Event: ======'slide_mission_pinball_removed'====== Args={'_from_bcp': True}
2020-08-10 19:54:59,931 : INFO : EventManager : Event: ======'slide_mission_pinball_created'====== Args={'_from_bcp': True}
2020-08-10 19:54:59,931 : INFO : EventManager : Event: ======'slide_mission_pinball_active'====== Args={'_from_bcp': True}
2020-08-10 19:55:05,928 : INFO : EventManager : Event: ======'slide_GameCard_removed'====== Args={'_from_bcp': True}
2020-08-10 19:55:05,932 : INFO : EventManager : Event: ======'slide_GameCard_created'====== Args={'_from_bcp': True}
2020-08-10 19:55:05,933 : INFO : EventManager : Event: ======'slide_GameCard_active'====== Args={'_from_bcp': True}
2020-08-10 19:55:08,916 : INFO : EventManager : Event: ======'slide_HowTo_removed'====== Args={'_from_bcp': True}
2020-08-10 19:55:08,933 : INFO : EventManager : Event: ======'slide_HowTo_created'====== Args={'_from_bcp': True}
2020-08-10 19:55:08,939 : INFO : EventManager : Event: ======'slide_HowTo_active'====== Args={'_from_bcp': True}
2020-08-10 19:55:16,921 : INFO : EventManager : Event: ======'slide_last_game_score_slide1_removed'====== Args={'_from_bcp': True}
2020-08-10 19:55:16,941 : INFO : EventManager : Event: ======'slide_last_game_score_slide1_created'====== Args={'_from_bcp': True}
2020-08-10 19:55:16,949 : INFO : EventManager : Event: ======'slide_last_game_score_slide1_active'====== Args={'_from_bcp': True}
2020-08-10 19:55:24,916 : INFO : EventManager : Event: ======'slide_show_high_scores_removed'====== Args={'_from_bcp': True}
2020-08-10 19:55:24,931 : INFO : EventManager : Event: ======'slide_show_high_scores_created'====== Args={'_from_bcp': True}
2020-08-10 19:55:24,943 : INFO : EventManager : Event: ======'slide_show_high_scores_active'====== Args={'_from_bcp': True}
2020-08-10 19:55:25,926 : INFO : EventManager : Event: ======'slide_awesome_slide_removed'====== Args={'_from_bcp': True}
2020-08-10 19:55:25,930 : INFO : EventManager : Event: ======'slide_awesome_slide_created'====== Args={'_from_bcp': True}
2020-08-10 19:55:25,933 : INFO : EventManager : Event: ======'slide_awesome_slide_active'====== Args={'_from_bcp': True}
2020-08-10 19:55:28,924 : INFO : EventManager : Event: ======'slide_press_start_removed'====== Args={'_from_bcp': True}
2020-08-10 19:55:28,931 : INFO : EventManager : Event: ======'slide_press_start_created'====== Args={'_from_bcp': True}
2020-08-10 19:55:28,935 : INFO : EventManager : Event: ======'slide_press_start_active'====== Args={'_from_bcp': True}
2020-08-10 19:55:31,920 : INFO : EventManager : Event: ======'slide_mission_pinball_removed'====== Args={'_from_bcp': True}
2020-08-10 19:55:31,939 : INFO : EventManager : Event: ======'slide_mission_pinball_created'====== Args={'_from_bcp': True}
2020-08-10 19:55:31,939 : INFO : EventManager : Event: ======'slide_mission_pinball_active'====== Args={'_from_bcp': True}
2020-08-10 19:55:37,924 : INFO : EventManager : Event: ======'slide_GameCard_removed'====== Args={'_from_bcp': True}
2020-08-10 19:55:37,925 : INFO : EventManager : Event: ======'slide_GameCard_created'====== Args={'_from_bcp': True}
2020-08-10 19:55:37,926 : INFO : EventManager : Event: ======'slide_GameCard_active'====== Args={'_from_bcp': True}
2020-08-10 19:55:40,921 : INFO : EventManager : Event: ======'slide_HowTo_removed'====== Args={'_from_bcp': True}
2020-08-10 19:55:40,945 : INFO : EventManager : Event: ======'slide_HowTo_created'====== Args={'_from_bcp': True}
2020-08-10 19:55:40,954 : INFO : EventManager : Event: ======'slide_HowTo_active'====== Args={'_from_bcp': True}
2020-08-10 19:55:48,917 : INFO : EventManager : Event: ======'slide_last_game_score_slide1_removed'====== Args={'_from_bcp': True}
2020-08-10 19:55:48,938 : INFO : EventManager : Event: ======'slide_last_game_score_slide1_created'====== Args={'_from_bcp': True}
2020-08-10 19:55:48,949 : INFO : EventManager : Event: ======'slide_last_game_score_slide1_active'====== Args={'_from_bcp': True}
2020-08-10 19:55:56,923 : INFO : EventManager : Event: ======'slide_show_high_scores_removed'====== Args={'_from_bcp': True}
2020-08-10 19:55:56,942 : INFO : EventManager : Event: ======'slide_show_high_scores_created'====== Args={'_from_bcp': True}
2020-08-10 19:55:56,954 : INFO : EventManager : Event: ======'slide_show_high_scores_active'====== Args={'_from_bcp': True}
2020-08-10 19:55:57,928 : INFO : EventManager : Event: ======'slide_awesome_slide_removed'====== Args={'_from_bcp': True}
2020-08-10 19:55:57,932 : INFO : EventManager : Event: ======'slide_awesome_slide_created'====== Args={'_from_bcp': True}
2020-08-10 19:55:57,935 : INFO : EventManager : Event: ======'slide_awesome_slide_active'====== Args={'_from_bcp': True}
2020-08-10 19:56:00,930 : INFO : EventManager : Event: ======'slide_press_start_removed'====== Args={'_from_bcp': True}
2020-08-10 19:56:00,931 : INFO : EventManager : Event: ======'slide_press_start_created'====== Args={'_from_bcp': True}
2020-08-10 19:56:00,932 : INFO : EventManager : Event: ======'slide_press_start_active'====== Args={'_from_bcp': True}
2020-08-10 19:56:03,928 : INFO : EventManager : Event: ======'slide_mission_pinball_removed'====== Args={'_from_bcp': True}
2020-08-10 19:56:03,936 : INFO : EventManager : Event: ======'slide_mission_pinball_created'====== Args={'_from_bcp': True}
2020-08-10 19:56:03,946 : INFO : EventManager : Event: ======'slide_mission_pinball_active'====== Args={'_from_bcp': True}
2020-08-10 19:56:09,912 : INFO : EventManager : Event: ======'slide_GameCard_removed'====== Args={'_from_bcp': True}
2020-08-10 19:56:09,917 : INFO : EventManager : Event: ======'slide_GameCard_created'====== Args={'_from_bcp': True}
2020-08-10 19:56:09,919 : INFO : EventManager : Event: ======'slide_GameCard_active'====== Args={'_from_bcp': True}
2020-08-10 19:56:12,925 : INFO : EventManager : Event: ======'slide_HowTo_removed'====== Args={'_from_bcp': True}
2020-08-10 19:56:12,948 : INFO : EventManager : Event: ======'slide_HowTo_created'====== Args={'_from_bcp': True}
2020-08-10 19:56:12,953 : INFO : EventManager : Event: ======'slide_HowTo_active'====== Args={'_from_bcp': True}
2020-08-10 19:56:20,926 : INFO : EventManager : Event: ======'slide_last_game_score_slide1_removed'====== Args={'_from_bcp': True}
2020-08-10 19:56:21,012 : INFO : EventManager : Event: ======'slide_last_game_score_slide1_created'====== Args={'_from_bcp': True}
2020-08-10 19:56:21,021 : INFO : EventManager : Event: ======'slide_last_game_score_slide1_active'====== Args={'_from_bcp': True}
2020-08-10 19:56:28,905 : INFO : EventManager : Event: ======'slide_show_high_scores_removed'====== Args={'_from_bcp': True}
2020-08-10 19:56:28,920 : INFO : EventManager : Event: ======'slide_show_high_scores_created'====== Args={'_from_bcp': True}
2020-08-10 19:56:28,932 : INFO : EventManager : Event: ======'slide_show_high_scores_active'====== Args={'_from_bcp': True}
2020-08-10 19:56:29,918 : INFO : EventManager : Event: ======'slide_awesome_slide_removed'====== Args={'_from_bcp': True}
2020-08-10 19:56:29,922 : INFO : EventManager : Event: ======'slide_awesome_slide_created'====== Args={'_from_bcp': True}
2020-08-10 19:56:29,925 : INFO : EventManager : Event: ======'slide_awesome_slide_active'====== Args={'_from_bcp': True}
2020-08-10 19:56:32,938 : INFO : EventManager : Event: ======'slide_press_start_removed'====== Args={'_from_bcp': True}
2020-08-10 19:56:32,940 : INFO : EventManager : Event: ======'slide_press_start_created'====== Args={'_from_bcp': True}
2020-08-10 19:56:32,940 : INFO : EventManager : Event: ======'slide_press_start_active'====== Args={'_from_bcp': True}
2020-08-10 19:56:35,919 : INFO : EventManager : Event: ======'slide_mission_pinball_removed'====== Args={'_from_bcp': True}
2020-08-10 19:56:35,928 : INFO : EventManager : Event: ======'slide_mission_pinball_created'====== Args={'_from_bcp': True}
2020-08-10 19:56:35,931 : INFO : EventManager : Event: ======'slide_mission_pinball_active'====== Args={'_from_bcp': True}
2020-08-10 19:56:41,929 : INFO : EventManager : Event: ======'slide_GameCard_removed'====== Args={'_from_bcp': True}
2020-08-10 19:56:41,930 : INFO : EventManager : Event: ======'slide_GameCard_created'====== Args={'_from_bcp': True}
2020-08-10 19:56:41,932 : INFO : EventManager : Event: ======'slide_GameCard_active'====== Args={'_from_bcp': True}
2020-08-10 19:56:44,927 : INFO : EventManager : Event: ======'slide_HowTo_removed'====== Args={'_from_bcp': True}
2020-08-10 19:56:44,951 : INFO : EventManager : Event: ======'slide_HowTo_created'====== Args={'_from_bcp': True}
2020-08-10 19:56:44,959 : INFO : EventManager : Event: ======'slide_HowTo_active'====== Args={'_from_bcp': True}
2020-08-10 19:56:52,918 : INFO : EventManager : Event: ======'slide_last_game_score_slide1_removed'====== Args={'_from_bcp': True}
2020-08-10 19:56:52,935 : INFO : EventManager : Event: ======'slide_last_game_score_slide1_created'====== Args={'_from_bcp': True}
2020-08-10 19:56:52,943 : INFO : EventManager : Event: ======'slide_last_game_score_slide1_active'====== Args={'_from_bcp': True}
2020-08-10 19:57:00,916 : INFO : EventManager : Event: ======'slide_show_high_scores_removed'====== Args={'_from_bcp': True}
2020-08-10 19:57:00,930 : INFO : EventManager : Event: ======'slide_show_high_scores_created'====== Args={'_from_bcp': True}
2020-08-10 19:57:00,942 : INFO : EventManager : Event: ======'slide_show_high_scores_active'====== Args={'_from_bcp': True}
2020-08-10 19:57:01,923 : INFO : EventManager : Event: ======'slide_awesome_slide_removed'====== Args={'_from_bcp': True}
2020-08-10 19:57:01,927 : INFO : EventManager : Event: ======'slide_awesome_slide_created'====== Args={'_from_bcp': True}
2020-08-10 19:57:01,930 : INFO : EventManager : Event: ======'slide_awesome_slide_active'====== Args={'_from_bcp': True}
2020-08-10 19:57:04,910 : INFO : EventManager : Event: ======'slide_press_start_removed'====== Args={'_from_bcp': True}
2020-08-10 19:57:04,914 : INFO : EventManager : Event: ======'slide_press_start_created'====== Args={'_from_bcp': True}
2020-08-10 19:57:04,918 : INFO : EventManager : Event: ======'slide_press_start_active'====== Args={'_from_bcp': True}
2020-08-10 19:57:07,911 : INFO : EventManager : Event: ======'slide_mission_pinball_removed'====== Args={'_from_bcp': True}
2020-08-10 19:57:07,921 : INFO : EventManager : Event: ======'slide_mission_pinball_created'====== Args={'_from_bcp': True}
2020-08-10 19:57:07,925 : INFO : EventManager : Event: ======'slide_mission_pinball_active'====== Args={'_from_bcp': True}
2020-08-10 19:57:13,917 : INFO : EventManager : Event: ======'slide_GameCard_removed'====== Args={'_from_bcp': True}
2020-08-10 19:57:13,918 : INFO : EventManager : Event: ======'slide_GameCard_created'====== Args={'_from_bcp': True}
2020-08-10 19:57:13,920 : INFO : EventManager : Event: ======'slide_GameCard_active'====== Args={'_from_bcp': True}
2020-08-10 19:57:16,924 : INFO : EventManager : Event: ======'slide_HowTo_removed'====== Args={'_from_bcp': True}
2020-08-10 19:57:16,944 : INFO : EventManager : Event: ======'slide_HowTo_created'====== Args={'_from_bcp': True}
2020-08-10 19:57:16,950 : INFO : EventManager : Event: ======'slide_HowTo_active'====== Args={'_from_bcp': True}
2020-08-10 19:57:24,916 : INFO : EventManager : Event: ======'slide_last_game_score_slide1_removed'====== Args={'_from_bcp': True}
2020-08-10 19:57:24,936 : INFO : EventManager : Event: ======'slide_last_game_score_slide1_created'====== Args={'_from_bcp': True}
2020-08-10 19:57:24,947 : INFO : EventManager : Event: ======'slide_last_game_score_slide1_active'====== Args={'_from_bcp': True}
2020-08-10 19:57:32,914 : INFO : EventManager : Event: ======'slide_show_high_scores_removed'====== Args={'_from_bcp': True}
2020-08-10 19:57:32,930 : INFO : EventManager : Event: ======'slide_show_high_scores_created'====== Args={'_from_bcp': True}
2020-08-10 19:57:32,939 : INFO : EventManager : Event: ======'slide_show_high_scores_active'====== Args={'_from_bcp': True}
2020-08-10 19:57:33,928 : INFO : EventManager : Event: ======'slide_awesome_slide_removed'====== Args={'_from_bcp': True}
2020-08-10 19:57:33,932 : INFO : EventManager : Event: ======'slide_awesome_slide_created'====== Args={'_from_bcp': True}
2020-08-10 19:57:33,935 : INFO : EventManager : Event: ======'slide_awesome_slide_active'====== Args={'_from_bcp': True}
2020-08-10 19:57:36,930 : INFO : EventManager : Event: ======'slide_press_start_removed'====== Args={'_from_bcp': True}
2020-08-10 19:57:36,931 : INFO : EventManager : Event: ======'slide_press_start_created'====== Args={'_from_bcp': True}
2020-08-10 19:57:36,932 : INFO : EventManager : Event: ======'slide_press_start_active'====== Args={'_from_bcp': True}
2020-08-10 19:57:39,919 : INFO : EventManager : Event: ======'slide_mission_pinball_removed'====== Args={'_from_bcp': True}
2020-08-10 19:57:39,929 : INFO : EventManager : Event: ======'slide_mission_pinball_created'====== Args={'_from_bcp': True}
2020-08-10 19:57:39,934 : INFO : EventManager : Event: ======'slide_mission_pinball_active'====== Args={'_from_bcp': True}
2020-08-10 19:57:45,914 : INFO : EventManager : Event: ======'slide_GameCard_removed'====== Args={'_from_bcp': True}
2020-08-10 19:57:45,918 : INFO : EventManager : Event: ======'slide_GameCard_created'====== Args={'_from_bcp': True}
2020-08-10 19:57:45,920 : INFO : EventManager : Event: ======'slide_GameCard_active'====== Args={'_from_bcp': True}
2020-08-10 19:57:48,902 : INFO : EventManager : Event: ======'slide_HowTo_removed'====== Args={'_from_bcp': True}
2020-08-10 19:57:48,923 : INFO : EventManager : Event: ======'slide_HowTo_created'====== Args={'_from_bcp': True}
2020-08-10 19:57:48,929 : INFO : EventManager : Event: ======'slide_HowTo_active'====== Args={'_from_bcp': True}
2020-08-10 19:57:56,910 : INFO : EventManager : Event: ======'slide_last_game_score_slide1_removed'====== Args={'_from_bcp': True}
2020-08-10 19:57:56,940 : INFO : EventManager : Event: ======'slide_last_game_score_slide1_created'====== Args={'_from_bcp': True}
2020-08-10 19:57:56,940 : INFO : EventManager : Event: ======'slide_last_game_score_slide1_active'====== Args={'_from_bcp': True}
2020-08-10 19:58:04,928 : INFO : EventManager : Event: ======'slide_show_high_scores_removed'====== Args={'_from_bcp': True}
2020-08-10 19:58:04,942 : INFO : EventManager : Event: ======'slide_show_high_scores_created'====== Args={'_from_bcp': True}
2020-08-10 19:58:04,951 : INFO : EventManager : Event: ======'slide_show_high_scores_active'====== Args={'_from_bcp': True}
2020-08-10 19:58:05,921 : INFO : EventManager : Event: ======'slide_awesome_slide_removed'====== Args={'_from_bcp': True}
2020-08-10 19:58:05,922 : INFO : EventManager : Event: ======'slide_awesome_slide_created'====== Args={'_from_bcp': True}
2020-08-10 19:58:05,924 : INFO : EventManager : Event: ======'slide_awesome_slide_active'====== Args={'_from_bcp': True}
2020-08-10 19:58:08,908 : INFO : EventManager : Event: ======'slide_press_start_removed'====== Args={'_from_bcp': True}
2020-08-10 19:58:08,911 : INFO : EventManager : Event: ======'slide_press_start_created'====== Args={'_from_bcp': True}
2020-08-10 19:58:08,916 : INFO : EventManager : Event: ======'slide_press_start_active'====== Args={'_from_bcp': True}
2020-08-10 19:58:11,955 : INFO : EventManager : Event: ======'slide_mission_pinball_removed'====== Args={'_from_bcp': True}
2020-08-10 19:58:11,978 : INFO : EventManager : Event: ======'slide_mission_pinball_created'====== Args={'_from_bcp': True}
2020-08-10 19:58:11,982 : INFO : EventManager : Event: ======'slide_mission_pinball_active'====== Args={'_from_bcp': True}
2020-08-10 19:58:17,904 : INFO : EventManager : Event: ======'slide_GameCard_removed'====== Args={'_from_bcp': True}
2020-08-10 19:58:17,908 : INFO : EventManager : Event: ======'slide_GameCard_created'====== Args={'_from_bcp': True}
2020-08-10 19:58:17,909 : INFO : EventManager : Event: ======'slide_GameCard_active'====== Args={'_from_bcp': True}
2020-08-10 19:58:20,923 : INFO : EventManager : Event: ======'slide_HowTo_removed'====== Args={'_from_bcp': True}
2020-08-10 19:58:20,947 : INFO : EventManager : Event: ======'slide_HowTo_created'====== Args={'_from_bcp': True}
2020-08-10 19:58:20,956 : INFO : EventManager : Event: ======'slide_HowTo_active'====== Args={'_from_bcp': True}
2020-08-10 19:58:28,909 : INFO : EventManager : Event: ======'slide_last_game_score_slide1_removed'====== Args={'_from_bcp': True}
2020-08-10 19:58:28,929 : INFO : EventManager : Event: ======'slide_last_game_score_slide1_created'====== Args={'_from_bcp': True}
2020-08-10 19:58:28,940 : INFO : EventManager : Event: ======'slide_last_game_score_slide1_active'====== Args={'_from_bcp': True}
2020-08-10 19:58:36,917 : INFO : EventManager : Event: ======'slide_show_high_scores_removed'====== Args={'_from_bcp': True}
2020-08-10 19:58:36,929 : INFO : EventManager : Event: ======'slide_show_high_scores_created'====== Args={'_from_bcp': True}
2020-08-10 19:58:36,937 : INFO : EventManager : Event: ======'slide_show_high_scores_active'====== Args={'_from_bcp': True}
2020-08-10 19:58:37,908 : INFO : EventManager : Event: ======'slide_awesome_slide_removed'====== Args={'_from_bcp': True}
2020-08-10 19:58:37,916 : INFO : EventManager : Event: ======'slide_awesome_slide_created'====== Args={'_from_bcp': True}
2020-08-10 19:58:37,916 : INFO : EventManager : Event: ======'slide_awesome_slide_active'====== Args={'_from_bcp': True}
2020-08-10 19:58:40,926 : INFO : EventManager : Event: ======'slide_press_start_removed'====== Args={'_from_bcp': True}
2020-08-10 19:58:40,933 : INFO : EventManager : Event: ======'slide_press_start_created'====== Args={'_from_bcp': True}
2020-08-10 19:58:40,946 : INFO : EventManager : Event: ======'slide_press_start_active'====== Args={'_from_bcp': True}
2020-08-10 19:58:43,921 : INFO : EventManager : Event: ======'slide_mission_pinball_removed'====== Args={'_from_bcp': True}
2020-08-10 19:58:43,930 : INFO : EventManager : Event: ======'slide_mission_pinball_created'====== Args={'_from_bcp': True}
2020-08-10 19:58:43,939 : INFO : EventManager : Event: ======'slide_mission_pinball_active'====== Args={'_from_bcp': True}
2020-08-10 19:58:49,929 : INFO : EventManager : Event: ======'slide_GameCard_removed'====== Args={'_from_bcp': True}
2020-08-10 19:58:49,930 : INFO : EventManager : Event: ======'slide_GameCard_created'====== Args={'_from_bcp': True}
2020-08-10 19:58:49,932 : INFO : EventManager : Event: ======'slide_GameCard_active'====== Args={'_from_bcp': True}
2020-08-10 19:58:52,913 : INFO : EventManager : Event: ======'slide_HowTo_removed'====== Args={'_from_bcp': True}
2020-08-10 19:58:52,937 : INFO : EventManager : Event: ======'slide_HowTo_created'====== Args={'_from_bcp': True}
2020-08-10 19:58:52,949 : INFO : EventManager : Event: ======'slide_HowTo_active'====== Args={'_from_bcp': True}
2020-08-10 19:59:00,929 : INFO : EventManager : Event: ======'slide_last_game_score_slide1_removed'====== Args={'_from_bcp': True}
2020-08-10 19:59:00,950 : INFO : EventManager : Event: ======'slide_last_game_score_slide1_created'====== Args={'_from_bcp': True}
2020-08-10 19:59:00,958 : INFO : EventManager : Event: ======'slide_last_game_score_slide1_active'====== Args={'_from_bcp': True}
2020-08-10 19:59:08,938 : INFO : EventManager : Event: ======'slide_show_high_scores_removed'====== Args={'_from_bcp': True}
2020-08-10 19:59:08,950 : INFO : EventManager : Event: ======'slide_show_high_scores_created'====== Args={'_from_bcp': True}
2020-08-10 19:59:08,960 : INFO : EventManager : Event: ======'slide_show_high_scores_active'====== Args={'_from_bcp': True}
2020-08-10 19:59:09,930 : INFO : EventManager : Event: ======'slide_awesome_slide_removed'====== Args={'_from_bcp': True}
2020-08-10 19:59:09,931 : INFO : EventManager : Event: ======'slide_awesome_slide_created'====== Args={'_from_bcp': True}
2020-08-10 19:59:09,931 : INFO : EventManager : Event: ======'slide_awesome_slide_active'====== Args={'_from_bcp': True}
2020-08-10 19:59:12,937 : INFO : EventManager : Event: ======'slide_press_start_removed'====== Args={'_from_bcp': True}
2020-08-10 19:59:12,941 : INFO : EventManager : Event: ======'slide_press_start_created'====== Args={'_from_bcp': True}
2020-08-10 19:59:12,945 : INFO : EventManager : Event: ======'slide_press_start_active'====== Args={'_from_bcp': True}
2020-08-10 19:59:15,909 : INFO : EventManager : Event: ======'slide_mission_pinball_removed'====== Args={'_from_bcp': True}
2020-08-10 19:59:15,922 : INFO : EventManager : Event: ======'slide_mission_pinball_created'====== Args={'_from_bcp': True}
2020-08-10 19:59:15,922 : INFO : EventManager : Event: ======'slide_mission_pinball_active'====== Args={'_from_bcp': True}
2020-08-10 19:59:21,917 : INFO : EventManager : Event: ======'slide_GameCard_removed'====== Args={'_from_bcp': True}
2020-08-10 19:59:21,919 : INFO : EventManager : Event: ======'slide_GameCard_created'====== Args={'_from_bcp': True}
2020-08-10 19:59:21,921 : INFO : EventManager : Event: ======'slide_GameCard_active'====== Args={'_from_bcp': True}
2020-08-10 19:59:24,906 : INFO : EventManager : Event: ======'slide_HowTo_removed'====== Args={'_from_bcp': True}
2020-08-10 19:59:24,925 : INFO : EventManager : Event: ======'slide_HowTo_created'====== Args={'_from_bcp': True}
2020-08-10 19:59:24,931 : INFO : EventManager : Event: ======'slide_HowTo_active'====== Args={'_from_bcp': True}
2020-08-10 19:59:32,917 : INFO : EventManager : Event: ======'slide_last_game_score_slide1_removed'====== Args={'_from_bcp': True}
2020-08-10 19:59:32,936 : INFO : EventManager : Event: ======'slide_last_game_score_slide1_created'====== Args={'_from_bcp': True}
2020-08-10 19:59:32,943 : INFO : EventManager : Event: ======'slide_last_game_score_slide1_active'====== Args={'_from_bcp': True}
2020-08-10 19:59:40,922 : INFO : EventManager : Event: ======'slide_show_high_scores_removed'====== Args={'_from_bcp': True}
2020-08-10 19:59:40,938 : INFO : EventManager : Event: ======'slide_show_high_scores_created'====== Args={'_from_bcp': True}
2020-08-10 19:59:40,946 : INFO : EventManager : Event: ======'slide_show_high_scores_active'====== Args={'_from_bcp': True}
2020-08-10 19:59:41,926 : INFO : EventManager : Event: ======'slide_awesome_slide_removed'====== Args={'_from_bcp': True}
2020-08-10 19:59:41,930 : INFO : EventManager : Event: ======'slide_awesome_slide_created'====== Args={'_from_bcp': True}
2020-08-10 19:59:41,932 : INFO : EventManager : Event: ======'slide_awesome_slide_active'====== Args={'_from_bcp': True}
2020-08-10 19:59:44,923 : INFO : EventManager : Event: ======'slide_press_start_removed'====== Args={'_from_bcp': True}
2020-08-10 19:59:44,930 : INFO : EventManager : Event: ======'slide_press_start_created'====== Args={'_from_bcp': True}
2020-08-10 19:59:44,937 : INFO : EventManager : Event: ======'slide_press_start_active'====== Args={'_from_bcp': True}
2020-08-10 19:59:47,935 : INFO : EventManager : Event: ======'slide_mission_pinball_removed'====== Args={'_from_bcp': True}
2020-08-10 19:59:47,943 : INFO : EventManager : Event: ======'slide_mission_pinball_created'====== Args={'_from_bcp': True}
2020-08-10 19:59:47,945 : INFO : EventManager : Event: ======'slide_mission_pinball_active'====== Args={'_from_bcp': True}
2020-08-10 19:59:53,928 : INFO : EventManager : Event: ======'slide_GameCard_removed'====== Args={'_from_bcp': True}
2020-08-10 19:59:53,929 : INFO : EventManager : Event: ======'slide_GameCard_created'====== Args={'_from_bcp': True}
2020-08-10 19:59:53,930 : INFO : EventManager : Event: ======'slide_GameCard_active'====== Args={'_from_bcp': True}
2020-08-10 19:59:56,915 : INFO : EventManager : Event: ======'slide_HowTo_removed'====== Args={'_from_bcp': True}
2020-08-10 19:59:56,936 : INFO : EventManager : Event: ======'slide_HowTo_created'====== Args={'_from_bcp': True}
2020-08-10 19:59:56,942 : INFO : EventManager : Event: ======'slide_HowTo_active'====== Args={'_from_bcp': True}
2020-08-10 20:00:04,910 : INFO : EventManager : Event: ======'slide_last_game_score_slide1_removed'====== Args={'_from_bcp': True}
2020-08-10 20:00:04,996 : INFO : EventManager : Event: ======'slide_last_game_score_slide1_created'====== Args={'_from_bcp': True}
2020-08-10 20:00:05,004 : INFO : EventManager : Event: ======'slide_last_game_score_slide1_active'====== Args={'_from_bcp': True}
2020-08-10 20:00:12,935 : INFO : EventManager : Event: ======'slide_show_high_scores_removed'====== Args={'_from_bcp': True}
2020-08-10 20:00:12,937 : INFO : EventManager : Event: ======'slide_show_high_scores_created'====== Args={'_from_bcp': True}
2020-08-10 20:00:12,948 : INFO : EventManager : Event: ======'slide_show_high_scores_active'====== Args={'_from_bcp': True}
2020-08-10 20:00:13,909 : INFO : EventManager : Event: ======'slide_awesome_slide_removed'====== Args={'_from_bcp': True}
2020-08-10 20:00:13,914 : INFO : EventManager : Event: ======'slide_awesome_slide_created'====== Args={'_from_bcp': True}
2020-08-10 20:00:13,917 : INFO : EventManager : Event: ======'slide_awesome_slide_active'====== Args={'_from_bcp': True}
2020-08-10 20:00:16,917 : INFO : EventManager : Event: ======'slide_press_start_removed'====== Args={'_from_bcp': True}
2020-08-10 20:00:16,925 : INFO : EventManager : Event: ======'slide_press_start_created'====== Args={'_from_bcp': True}
2020-08-10 20:00:16,929 : INFO : EventManager : Event: ======'slide_press_start_active'====== Args={'_from_bcp': True}
2020-08-10 20:00:19,919 : INFO : EventManager : Event: ======'slide_mission_pinball_removed'====== Args={'_from_bcp': True}
2020-08-10 20:00:19,921 : INFO : EventManager : Event: ======'slide_mission_pinball_created'====== Args={'_from_bcp': True}
2020-08-10 20:00:19,925 : INFO : EventManager : Event: ======'slide_mission_pinball_active'====== Args={'_from_bcp': True}
2020-08-10 20:00:25,908 : INFO : EventManager : Event: ======'slide_GameCard_removed'====== Args={'_from_bcp': True}
2020-08-10 20:00:25,912 : INFO : EventManager : Event: ======'slide_GameCard_created'====== Args={'_from_bcp': True}
2020-08-10 20:00:25,914 : INFO : EventManager : Event: ======'slide_GameCard_active'====== Args={'_from_bcp': True}
2020-08-10 20:00:28,917 : INFO : EventManager : Event: ======'slide_HowTo_removed'====== Args={'_from_bcp': True}
2020-08-10 20:00:28,940 : INFO : EventManager : Event: ======'slide_HowTo_created'====== Args={'_from_bcp': True}
2020-08-10 20:00:28,947 : INFO : EventManager : Event: ======'slide_HowTo_active'====== Args={'_from_bcp': True}
2020-08-10 20:00:36,927 : INFO : EventManager : Event: ======'slide_last_game_score_slide1_removed'====== Args={'_from_bcp': True}
2020-08-10 20:00:36,947 : INFO : EventManager : Event: ======'slide_last_game_score_slide1_created'====== Args={'_from_bcp': True}
2020-08-10 20:00:36,955 : INFO : EventManager : Event: ======'slide_last_game_score_slide1_active'====== Args={'_from_bcp': True}
2020-08-10 20:00:44,919 : INFO : EventManager : Event: ======'slide_show_high_scores_removed'====== Args={'_from_bcp': True}
2020-08-10 20:00:44,953 : INFO : EventManager : Event: ======'slide_show_high_scores_created'====== Args={'_from_bcp': True}
2020-08-10 20:00:44,954 : INFO : EventManager : Event: ======'slide_show_high_scores_active'====== Args={'_from_bcp': True}
2020-08-10 20:00:45,919 : INFO : EventManager : Event: ======'slide_awesome_slide_removed'====== Args={'_from_bcp': True}
2020-08-10 20:00:45,919 : INFO : EventManager : Event: ======'slide_awesome_slide_created'====== Args={'_from_bcp': True}
2020-08-10 20:00:45,921 : INFO : EventManager : Event: ======'slide_awesome_slide_active'====== Args={'_from_bcp': True}
2020-08-10 20:00:48,928 : INFO : EventManager : Event: ======'slide_press_start_removed'====== Args={'_from_bcp': True}
2020-08-10 20:00:48,931 : INFO : EventManager : Event: ======'slide_press_start_created'====== Args={'_from_bcp': True}
2020-08-10 20:00:48,936 : INFO : EventManager : Event: ======'slide_press_start_active'====== Args={'_from_bcp': True}
2020-08-10 20:00:51,930 : INFO : EventManager : Event: ======'slide_mission_pinball_removed'====== Args={'_from_bcp': True}
2020-08-10 20:00:51,931 : INFO : EventManager : Event: ======'slide_mission_pinball_created'====== Args={'_from_bcp': True}
2020-08-10 20:00:51,932 : INFO : EventManager : Event: ======'slide_mission_pinball_active'====== Args={'_from_bcp': True}
2020-08-10 20:00:57,923 : INFO : EventManager : Event: ======'slide_GameCard_removed'====== Args={'_from_bcp': True}
2020-08-10 20:00:57,927 : INFO : EventManager : Event: ======'slide_GameCard_created'====== Args={'_from_bcp': True}
2020-08-10 20:00:57,928 : INFO : EventManager : Event: ======'slide_GameCard_active'====== Args={'_from_bcp': True}
2020-08-10 20:01:00,931 : INFO : EventManager : Event: ======'slide_HowTo_removed'====== Args={'_from_bcp': True}
2020-08-10 20:01:00,952 : INFO : EventManager : Event: ======'slide_HowTo_created'====== Args={'_from_bcp': True}
2020-08-10 20:01:00,958 : INFO : EventManager : Event: ======'slide_HowTo_active'====== Args={'_from_bcp': True}
2020-08-10 20:01:08,921 : INFO : EventManager : Event: ======'slide_last_game_score_slide1_removed'====== Args={'_from_bcp': True}
2020-08-10 20:01:08,937 : INFO : EventManager : Event: ======'slide_last_game_score_slide1_created'====== Args={'_from_bcp': True}
2020-08-10 20:01:08,945 : INFO : EventManager : Event: ======'slide_last_game_score_slide1_active'====== Args={'_from_bcp': True}
2020-08-10 20:01:16,931 : INFO : EventManager : Event: ======'slide_show_high_scores_removed'====== Args={'_from_bcp': True}
2020-08-10 20:01:16,949 : INFO : EventManager : Event: ======'slide_show_high_scores_created'====== Args={'_from_bcp': True}
2020-08-10 20:01:16,971 : INFO : EventManager : Event: ======'slide_show_high_scores_active'====== Args={'_from_bcp': True}
2020-08-10 20:01:17,917 : INFO : EventManager : Event: ======'slide_awesome_slide_removed'====== Args={'_from_bcp': True}
2020-08-10 20:01:17,921 : INFO : EventManager : Event: ======'slide_awesome_slide_created'====== Args={'_from_bcp': True}
2020-08-10 20:01:17,924 : INFO : EventManager : Event: ======'slide_awesome_slide_active'====== Args={'_from_bcp': True}
2020-08-10 20:01:20,927 : INFO : EventManager : Event: ======'slide_press_start_removed'====== Args={'_from_bcp': True}
2020-08-10 20:01:20,931 : INFO : EventManager : Event: ======'slide_press_start_created'====== Args={'_from_bcp': True}
2020-08-10 20:01:20,937 : INFO : EventManager : Event: ======'slide_press_start_active'====== Args={'_from_bcp': True}
2020-08-10 20:01:23,927 : INFO : EventManager : Event: ======'slide_mission_pinball_removed'====== Args={'_from_bcp': True}
2020-08-10 20:01:23,933 : INFO : EventManager : Event: ======'slide_mission_pinball_created'====== Args={'_from_bcp': True}
2020-08-10 20:01:23,936 : INFO : EventManager : Event: ======'slide_mission_pinball_active'====== Args={'_from_bcp': True}
2020-08-10 20:01:29,920 : INFO : EventManager : Event: ======'slide_GameCard_removed'====== Args={'_from_bcp': True}
2020-08-10 20:01:29,924 : INFO : EventManager : Event: ======'slide_GameCard_created'====== Args={'_from_bcp': True}
2020-08-10 20:01:29,926 : INFO : EventManager : Event: ======'slide_GameCard_active'====== Args={'_from_bcp': True}
2020-08-10 20:01:32,921 : INFO : EventManager : Event: ======'slide_HowTo_removed'====== Args={'_from_bcp': True}
2020-08-10 20:01:32,943 : INFO : EventManager : Event: ======'slide_HowTo_created'====== Args={'_from_bcp': True}
2020-08-10 20:01:32,952 : INFO : EventManager : Event: ======'slide_HowTo_active'====== Args={'_from_bcp': True}
2020-08-10 20:01:40,920 : INFO : EventManager : Event: ======'slide_last_game_score_slide1_removed'====== Args={'_from_bcp': True}
2020-08-10 20:01:40,940 : INFO : EventManager : Event: ======'slide_last_game_score_slide1_created'====== Args={'_from_bcp': True}
2020-08-10 20:01:40,956 : INFO : EventManager : Event: ======'slide_last_game_score_slide1_active'====== Args={'_from_bcp': True}
2020-08-10 20:01:48,935 : INFO : EventManager : Event: ======'slide_show_high_scores_removed'====== Args={'_from_bcp': True}
2020-08-10 20:01:48,941 : INFO : EventManager : Event: ======'slide_show_high_scores_created'====== Args={'_from_bcp': True}
2020-08-10 20:01:48,951 : INFO : EventManager : Event: ======'slide_show_high_scores_active'====== Args={'_from_bcp': True}
2020-08-10 20:01:49,911 : INFO : EventManager : Event: ======'slide_awesome_slide_removed'====== Args={'_from_bcp': True}
2020-08-10 20:01:49,916 : INFO : EventManager : Event: ======'slide_awesome_slide_created'====== Args={'_from_bcp': True}
2020-08-10 20:01:49,918 : INFO : EventManager : Event: ======'slide_awesome_slide_active'====== Args={'_from_bcp': True}
2020-08-10 20:01:52,906 : INFO : EventManager : Event: ======'slide_press_start_removed'====== Args={'_from_bcp': True}
2020-08-10 20:01:52,913 : INFO : EventManager : Event: ======'slide_press_start_created'====== Args={'_from_bcp': True}
2020-08-10 20:01:52,917 : INFO : EventManager : Event: ======'slide_press_start_active'====== Args={'_from_bcp': True}
2020-08-10 20:01:55,935 : INFO : EventManager : Event: ======'slide_mission_pinball_removed'====== Args={'_from_bcp': True}
2020-08-10 20:01:55,950 : INFO : EventManager : Event: ======'slide_mission_pinball_created'====== Args={'_from_bcp': True}
2020-08-10 20:01:55,950 : INFO : EventManager : Event: ======'slide_mission_pinball_active'====== Args={'_from_bcp': True}
2020-08-10 20:02:01,917 : INFO : EventManager : Event: ======'slide_GameCard_removed'====== Args={'_from_bcp': True}
2020-08-10 20:02:01,988 : INFO : EventManager : Event: ======'slide_GameCard_created'====== Args={'_from_bcp': True}
2020-08-10 20:02:01,991 : INFO : EventManager : Event: ======'slide_GameCard_active'====== Args={'_from_bcp': True}
2020-08-10 20:02:04,917 : INFO : EventManager : Event: ======'slide_HowTo_removed'====== Args={'_from_bcp': True}
2020-08-10 20:02:04,937 : INFO : EventManager : Event: ======'slide_HowTo_created'====== Args={'_from_bcp': True}
2020-08-10 20:02:04,943 : INFO : EventManager : Event: ======'slide_HowTo_active'====== Args={'_from_bcp': True}
2020-08-10 20:02:12,922 : INFO : EventManager : Event: ======'slide_last_game_score_slide1_removed'====== Args={'_from_bcp': True}
2020-08-10 20:02:12,955 : INFO : EventManager : Event: ======'slide_last_game_score_slide1_created'====== Args={'_from_bcp': True}
2020-08-10 20:02:12,957 : INFO : EventManager : Event: ======'slide_last_game_score_slide1_active'====== Args={'_from_bcp': True}
2020-08-10 20:02:20,917 : INFO : EventManager : Event: ======'slide_show_high_scores_removed'====== Args={'_from_bcp': True}
2020-08-10 20:02:20,935 : INFO : EventManager : Event: ======'slide_show_high_scores_created'====== Args={'_from_bcp': True}
2020-08-10 20:02:20,947 : INFO : EventManager : Event: ======'slide_show_high_scores_active'====== Args={'_from_bcp': True}
2020-08-10 20:02:21,915 : INFO : EventManager : Event: ======'slide_awesome_slide_removed'====== Args={'_from_bcp': True}
2020-08-10 20:02:21,919 : INFO : EventManager : Event: ======'slide_awesome_slide_created'====== Args={'_from_bcp': True}
2020-08-10 20:02:21,922 : INFO : EventManager : Event: ======'slide_awesome_slide_active'====== Args={'_from_bcp': True}
2020-08-10 20:02:24,938 : INFO : EventManager : Event: ======'slide_press_start_removed'====== Args={'_from_bcp': True}
2020-08-10 20:02:24,942 : INFO : EventManager : Event: ======'slide_press_start_created'====== Args={'_from_bcp': True}
2020-08-10 20:02:24,946 : INFO : EventManager : Event: ======'slide_press_start_active'====== Args={'_from_bcp': True}
2020-08-10 20:02:27,941 : INFO : EventManager : Event: ======'slide_mission_pinball_removed'====== Args={'_from_bcp': True}
2020-08-10 20:02:27,943 : INFO : EventManager : Event: ======'slide_mission_pinball_created'====== Args={'_from_bcp': True}
2020-08-10 20:02:27,943 : INFO : EventManager : Event: ======'slide_mission_pinball_active'====== Args={'_from_bcp': True}
2020-08-10 20:02:33,920 : INFO : EventManager : Event: ======'slide_GameCard_removed'====== Args={'_from_bcp': True}
2020-08-10 20:02:33,921 : INFO : EventManager : Event: ======'slide_GameCard_created'====== Args={'_from_bcp': True}
2020-08-10 20:02:33,922 : INFO : EventManager : Event: ======'slide_GameCard_active'====== Args={'_from_bcp': True}
2020-08-10 20:02:36,923 : INFO : EventManager : Event: ======'slide_HowTo_removed'====== Args={'_from_bcp': True}
2020-08-10 20:02:36,947 : INFO : EventManager : Event: ======'slide_HowTo_created'====== Args={'_from_bcp': True}
2020-08-10 20:02:36,953 : INFO : EventManager : Event: ======'slide_HowTo_active'====== Args={'_from_bcp': True}
2020-08-10 20:02:44,916 : INFO : EventManager : Event: ======'slide_last_game_score_slide1_removed'====== Args={'_from_bcp': True}
2020-08-10 20:02:44,932 : INFO : EventManager : Event: ======'slide_last_game_score_slide1_created'====== Args={'_from_bcp': True}
2020-08-10 20:02:44,940 : INFO : EventManager : Event: ======'slide_last_game_score_slide1_active'====== Args={'_from_bcp': True}
2020-08-10 20:02:52,907 : INFO : EventManager : Event: ======'slide_show_high_scores_removed'====== Args={'_from_bcp': True}
2020-08-10 20:02:52,919 : INFO : EventManager : Event: ======'slide_show_high_scores_created'====== Args={'_from_bcp': True}
2020-08-10 20:02:52,928 : INFO : EventManager : Event: ======'slide_show_high_scores_active'====== Args={'_from_bcp': True}
2020-08-10 20:02:53,927 : INFO : EventManager : Event: ======'slide_awesome_slide_removed'====== Args={'_from_bcp': True}
2020-08-10 20:02:53,929 : INFO : EventManager : Event: ======'slide_awesome_slide_created'====== Args={'_from_bcp': True}
2020-08-10 20:02:53,929 : INFO : EventManager : Event: ======'slide_awesome_slide_active'====== Args={'_from_bcp': True}
2020-08-10 20:02:56,924 : INFO : EventManager : Event: ======'slide_press_start_removed'====== Args={'_from_bcp': True}
2020-08-10 20:02:56,929 : INFO : EventManager : Event: ======'slide_press_start_created'====== Args={'_from_bcp': True}
2020-08-10 20:02:56,932 : INFO : EventManager : Event: ======'slide_press_start_active'====== Args={'_from_bcp': True}
2020-08-10 20:02:59,919 : INFO : EventManager : Event: ======'slide_mission_pinball_removed'====== Args={'_from_bcp': True}
2020-08-10 20:02:59,939 : INFO : EventManager : Event: ======'slide_mission_pinball_created'====== Args={'_from_bcp': True}
2020-08-10 20:02:59,940 : INFO : EventManager : Event: ======'slide_mission_pinball_active'====== Args={'_from_bcp': True}
2020-08-10 20:03:05,929 : INFO : EventManager : Event: ======'slide_GameCard_removed'====== Args={'_from_bcp': True}
2020-08-10 20:03:05,930 : INFO : EventManager : Event: ======'slide_GameCard_created'====== Args={'_from_bcp': True}
2020-08-10 20:03:05,931 : INFO : EventManager : Event: ======'slide_GameCard_active'====== Args={'_from_bcp': True}
2020-08-10 20:03:08,931 : INFO : EventManager : Event: ======'slide_HowTo_removed'====== Args={'_from_bcp': True}
2020-08-10 20:03:08,940 : INFO : EventManager : Event: ======'slide_HowTo_created'====== Args={'_from_bcp': True}
2020-08-10 20:03:08,947 : INFO : EventManager : Event: ======'slide_HowTo_active'====== Args={'_from_bcp': True}
2020-08-10 20:03:16,931 : INFO : EventManager : Event: ======'slide_last_game_score_slide1_removed'====== Args={'_from_bcp': True}
2020-08-10 20:03:16,947 : INFO : EventManager : Event: ======'slide_last_game_score_slide1_created'====== Args={'_from_bcp': True}
2020-08-10 20:03:16,955 : INFO : EventManager : Event: ======'slide_last_game_score_slide1_active'====== Args={'_from_bcp': True}
2020-08-10 20:03:24,917 : INFO : EventManager : Event: ======'slide_show_high_scores_removed'====== Args={'_from_bcp': True}
2020-08-10 20:03:24,929 : INFO : EventManager : Event: ======'slide_show_high_scores_created'====== Args={'_from_bcp': True}
2020-08-10 20:03:24,938 : INFO : EventManager : Event: ======'slide_show_high_scores_active'====== Args={'_from_bcp': True}
2020-08-10 20:03:25,921 : INFO : EventManager : Event: ======'slide_awesome_slide_removed'====== Args={'_from_bcp': True}
2020-08-10 20:03:25,925 : INFO : EventManager : Event: ======'slide_awesome_slide_created'====== Args={'_from_bcp': True}
2020-08-10 20:03:25,928 : INFO : EventManager : Event: ======'slide_awesome_slide_active'====== Args={'_from_bcp': True}
2020-08-10 20:03:28,930 : INFO : EventManager : Event: ======'slide_press_start_removed'====== Args={'_from_bcp': True}
2020-08-10 20:03:28,931 : INFO : EventManager : Event: ======'slide_press_start_created'====== Args={'_from_bcp': True}
2020-08-10 20:03:28,932 : INFO : EventManager : Event: ======'slide_press_start_active'====== Args={'_from_bcp': True}
2020-08-10 20:03:31,926 : INFO : EventManager : Event: ======'slide_mission_pinball_removed'====== Args={'_from_bcp': True}
2020-08-10 20:03:31,936 : INFO : EventManager : Event: ======'slide_mission_pinball_created'====== Args={'_from_bcp': True}
2020-08-10 20:03:31,939 : INFO : EventManager : Event: ======'slide_mission_pinball_active'====== Args={'_from_bcp': True}
2020-08-10 20:03:37,926 : INFO : EventManager : Event: ======'slide_GameCard_removed'====== Args={'_from_bcp': True}
2020-08-10 20:03:37,930 : INFO : EventManager : Event: ======'slide_GameCard_created'====== Args={'_from_bcp': True}
2020-08-10 20:03:37,932 : INFO : EventManager : Event: ======'slide_GameCard_active'====== Args={'_from_bcp': True}
2020-08-10 20:03:40,908 : INFO : EventManager : Event: ======'slide_HowTo_removed'====== Args={'_from_bcp': True}
2020-08-10 20:03:40,932 : INFO : EventManager : Event: ======'slide_HowTo_created'====== Args={'_from_bcp': True}
2020-08-10 20:03:40,940 : INFO : EventManager : Event: ======'slide_HowTo_active'====== Args={'_from_bcp': True}
2020-08-10 20:03:48,919 : INFO : EventManager : Event: ======'slide_last_game_score_slide1_removed'====== Args={'_from_bcp': True}
2020-08-10 20:03:49,002 : INFO : EventManager : Event: ======'slide_last_game_score_slide1_created'====== Args={'_from_bcp': True}
2020-08-10 20:03:49,010 : INFO : EventManager : Event: ======'slide_last_game_score_slide1_active'====== Args={'_from_bcp': True}
2020-08-10 20:03:56,932 : INFO : EventManager : Event: ======'slide_show_high_scores_removed'====== Args={'_from_bcp': True}
2020-08-10 20:03:56,950 : INFO : EventManager : Event: ======'slide_show_high_scores_created'====== Args={'_from_bcp': True}
2020-08-10 20:03:56,960 : INFO : EventManager : Event: ======'slide_show_high_scores_active'====== Args={'_from_bcp': True}
2020-08-10 20:03:57,923 : INFO : EventManager : Event: ======'slide_awesome_slide_removed'====== Args={'_from_bcp': True}
2020-08-10 20:03:57,925 : INFO : EventManager : Event: ======'slide_awesome_slide_created'====== Args={'_from_bcp': True}
2020-08-10 20:03:57,927 : INFO : EventManager : Event: ======'slide_awesome_slide_active'====== Args={'_from_bcp': True}
2020-08-10 20:04:00,907 : INFO : EventManager : Event: ======'slide_press_start_removed'====== Args={'_from_bcp': True}
2020-08-10 20:04:00,910 : INFO : EventManager : Event: ======'slide_press_start_created'====== Args={'_from_bcp': True}
2020-08-10 20:04:00,915 : INFO : EventManager : Event: ======'slide_press_start_active'====== Args={'_from_bcp': True}
2020-08-10 20:04:03,934 : INFO : EventManager : Event: ======'slide_mission_pinball_removed'====== Args={'_from_bcp': True}
2020-08-10 20:04:03,944 : INFO : EventManager : Event: ======'slide_mission_pinball_created'====== Args={'_from_bcp': True}
2020-08-10 20:04:03,947 : INFO : EventManager : Event: ======'slide_mission_pinball_active'====== Args={'_from_bcp': True}
2020-08-10 20:04:09,909 : INFO : EventManager : Event: ======'slide_GameCard_removed'====== Args={'_from_bcp': True}
2020-08-10 20:04:09,911 : INFO : EventManager : Event: ======'slide_GameCard_created'====== Args={'_from_bcp': True}
2020-08-10 20:04:09,911 : INFO : EventManager : Event: ======'slide_GameCard_active'====== Args={'_from_bcp': True}
2020-08-10 20:04:12,928 : INFO : EventManager : Event: ======'slide_HowTo_removed'====== Args={'_from_bcp': True}
2020-08-10 20:04:12,950 : INFO : EventManager : Event: ======'slide_HowTo_created'====== Args={'_from_bcp': True}
2020-08-10 20:04:12,956 : INFO : EventManager : Event: ======'slide_HowTo_active'====== Args={'_from_bcp': True}
2020-08-10 20:04:20,911 : INFO : EventManager : Event: ======'slide_last_game_score_slide1_removed'====== Args={'_from_bcp': True}
2020-08-10 20:04:20,940 : INFO : EventManager : Event: ======'slide_last_game_score_slide1_created'====== Args={'_from_bcp': True}
2020-08-10 20:04:20,940 : INFO : EventManager : Event: ======'slide_last_game_score_slide1_active'====== Args={'_from_bcp': True}
2020-08-10 20:04:28,925 : INFO : EventManager : Event: ======'slide_show_high_scores_removed'====== Args={'_from_bcp': True}
2020-08-10 20:04:28,935 : INFO : EventManager : Event: ======'slide_show_high_scores_created'====== Args={'_from_bcp': True}
2020-08-10 20:04:28,945 : INFO : EventManager : Event: ======'slide_show_high_scores_active'====== Args={'_from_bcp': True}
2020-08-10 20:04:29,900 : INFO : EventManager : Event: ======'slide_awesome_slide_removed'====== Args={'_from_bcp': True}
2020-08-10 20:04:29,904 : INFO : EventManager : Event: ======'slide_awesome_slide_created'====== Args={'_from_bcp': True}
2020-08-10 20:04:29,906 : INFO : EventManager : Event: ======'slide_awesome_slide_active'====== Args={'_from_bcp': True}
2020-08-10 20:04:32,931 : INFO : EventManager : Event: ======'slide_press_start_removed'====== Args={'_from_bcp': True}
2020-08-10 20:04:32,947 : INFO : EventManager : Event: ======'slide_press_start_created'====== Args={'_from_bcp': True}
2020-08-10 20:04:32,948 : INFO : EventManager : Event: ======'slide_press_start_active'====== Args={'_from_bcp': True}
2020-08-10 20:04:35,910 : INFO : EventManager : Event: ======'slide_mission_pinball_removed'====== Args={'_from_bcp': True}
2020-08-10 20:04:35,918 : INFO : EventManager : Event: ======'slide_mission_pinball_created'====== Args={'_from_bcp': True}
2020-08-10 20:04:35,923 : INFO : EventManager : Event: ======'slide_mission_pinball_active'====== Args={'_from_bcp': True}
2020-08-10 20:04:41,915 : INFO : EventManager : Event: ======'slide_GameCard_removed'====== Args={'_from_bcp': True}
2020-08-10 20:04:41,919 : INFO : EventManager : Event: ======'slide_GameCard_created'====== Args={'_from_bcp': True}
2020-08-10 20:04:41,921 : INFO : EventManager : Event: ======'slide_GameCard_active'====== Args={'_from_bcp': True}
2020-08-10 20:04:44,925 : INFO : EventManager : Event: ======'slide_HowTo_removed'====== Args={'_from_bcp': True}
2020-08-10 20:04:44,950 : INFO : EventManager : Event: ======'slide_HowTo_created'====== Args={'_from_bcp': True}
2020-08-10 20:04:44,958 : INFO : EventManager : Event: ======'slide_HowTo_active'====== Args={'_from_bcp': True}
2020-08-10 20:04:52,916 : INFO : EventManager : Event: ======'slide_last_game_score_slide1_removed'====== Args={'_from_bcp': True}
2020-08-10 20:04:52,936 : INFO : EventManager : Event: ======'slide_last_game_score_slide1_created'====== Args={'_from_bcp': True}
2020-08-10 20:04:52,945 : INFO : EventManager : Event: ======'slide_last_game_score_slide1_active'====== Args={'_from_bcp': True}
2020-08-10 20:05:00,942 : INFO : EventManager : Event: ======'slide_show_high_scores_removed'====== Args={'_from_bcp': True}
2020-08-10 20:05:00,942 : INFO : EventManager : Event: ======'slide_show_high_scores_created'====== Args={'_from_bcp': True}
2020-08-10 20:05:00,951 : INFO : EventManager : Event: ======'slide_show_high_scores_active'====== Args={'_from_bcp': True}
2020-08-10 20:05:01,914 : INFO : EventManager : Event: ======'slide_awesome_slide_removed'====== Args={'_from_bcp': True}
2020-08-10 20:05:01,917 : INFO : EventManager : Event: ======'slide_awesome_slide_created'====== Args={'_from_bcp': True}
2020-08-10 20:05:01,920 : INFO : EventManager : Event: ======'slide_awesome_slide_active'====== Args={'_from_bcp': True}
2020-08-10 20:05:04,935 : INFO : EventManager : Event: ======'slide_press_start_removed'====== Args={'_from_bcp': True}
2020-08-10 20:05:04,936 : INFO : EventManager : Event: ======'slide_press_start_created'====== Args={'_from_bcp': True}
2020-08-10 20:05:04,936 : INFO : EventManager : Event: ======'slide_press_start_active'====== Args={'_from_bcp': True}
2020-08-10 20:05:07,933 : INFO : EventManager : Event: ======'slide_mission_pinball_removed'====== Args={'_from_bcp': True}
2020-08-10 20:05:07,934 : INFO : EventManager : Event: ======'slide_mission_pinball_created'====== Args={'_from_bcp': True}
2020-08-10 20:05:07,936 : INFO : EventManager : Event: ======'slide_mission_pinball_active'====== Args={'_from_bcp': True}
2020-08-10 20:05:13,915 : INFO : EventManager : Event: ======'slide_GameCard_removed'====== Args={'_from_bcp': True}
2020-08-10 20:05:13,918 : INFO : EventManager : Event: ======'slide_GameCard_created'====== Args={'_from_bcp': True}
2020-08-10 20:05:13,920 : INFO : EventManager : Event: ======'slide_GameCard_active'====== Args={'_from_bcp': True}
2020-08-10 20:05:16,908 : INFO : EventManager : Event: ======'slide_HowTo_removed'====== Args={'_from_bcp': True}
2020-08-10 20:05:16,931 : INFO : EventManager : Event: ======'slide_HowTo_created'====== Args={'_from_bcp': True}
2020-08-10 20:05:16,939 : INFO : EventManager : Event: ======'slide_HowTo_active'====== Args={'_from_bcp': True}
2020-08-10 20:05:24,908 : INFO : EventManager : Event: ======'slide_last_game_score_slide1_removed'====== Args={'_from_bcp': True}
2020-08-10 20:05:24,945 : INFO : EventManager : Event: ======'slide_last_game_score_slide1_created'====== Args={'_from_bcp': True}
2020-08-10 20:05:24,945 : INFO : EventManager : Event: ======'slide_last_game_score_slide1_active'====== Args={'_from_bcp': True}
2020-08-10 20:05:32,928 : INFO : EventManager : Event: ======'slide_show_high_scores_removed'====== Args={'_from_bcp': True}
2020-08-10 20:05:32,939 : INFO : EventManager : Event: ======'slide_show_high_scores_created'====== Args={'_from_bcp': True}
2020-08-10 20:05:32,947 : INFO : EventManager : Event: ======'slide_show_high_scores_active'====== Args={'_from_bcp': True}
2020-08-10 20:05:33,921 : INFO : EventManager : Event: ======'slide_awesome_slide_removed'====== Args={'_from_bcp': True}
2020-08-10 20:05:33,924 : INFO : EventManager : Event: ======'slide_awesome_slide_created'====== Args={'_from_bcp': True}
2020-08-10 20:05:33,926 : INFO : EventManager : Event: ======'slide_awesome_slide_active'====== Args={'_from_bcp': True}
2020-08-10 20:05:36,908 : INFO : EventManager : Event: ======'slide_press_start_removed'====== Args={'_from_bcp': True}
2020-08-10 20:05:36,912 : INFO : EventManager : Event: ======'slide_press_start_created'====== Args={'_from_bcp': True}
2020-08-10 20:05:36,915 : INFO : EventManager : Event: ======'slide_press_start_active'====== Args={'_from_bcp': True}
2020-08-10 20:05:39,935 : INFO : EventManager : Event: ======'slide_mission_pinball_removed'====== Args={'_from_bcp': True}
2020-08-10 20:05:39,936 : INFO : EventManager : Event: ======'slide_mission_pinball_created'====== Args={'_from_bcp': True}
2020-08-10 20:05:39,936 : INFO : EventManager : Event: ======'slide_mission_pinball_active'====== Args={'_from_bcp': True}
2020-08-10 20:05:45,921 : INFO : EventManager : Event: ======'slide_GameCard_removed'====== Args={'_from_bcp': True}
2020-08-10 20:05:45,924 : INFO : EventManager : Event: ======'slide_GameCard_created'====== Args={'_from_bcp': True}
2020-08-10 20:05:45,928 : INFO : EventManager : Event: ======'slide_GameCard_active'====== Args={'_from_bcp': True}
2020-08-10 20:05:48,968 : INFO : EventManager : Event: ======'slide_HowTo_removed'====== Args={'_from_bcp': True}
2020-08-10 20:05:49,021 : INFO : EventManager : Event: ======'slide_HowTo_created'====== Args={'_from_bcp': True}
2020-08-10 20:05:49,029 : INFO : EventManager : Event: ======'slide_HowTo_active'====== Args={'_from_bcp': True}
2020-08-10 20:05:56,915 : INFO : EventManager : Event: ======'slide_last_game_score_slide1_removed'====== Args={'_from_bcp': True}
2020-08-10 20:05:56,933 : INFO : EventManager : Event: ======'slide_last_game_score_slide1_created'====== Args={'_from_bcp': True}
2020-08-10 20:05:56,941 : INFO : EventManager : Event: ======'slide_last_game_score_slide1_active'====== Args={'_from_bcp': True}
2020-08-10 20:06:04,933 : INFO : EventManager : Event: ======'slide_show_high_scores_removed'====== Args={'_from_bcp': True}
2020-08-10 20:06:04,949 : INFO : EventManager : Event: ======'slide_show_high_scores_created'====== Args={'_from_bcp': True}
2020-08-10 20:06:04,962 : INFO : EventManager : Event: ======'slide_show_high_scores_active'====== Args={'_from_bcp': True}
2020-08-10 20:06:05,921 : INFO : EventManager : Event: ======'slide_awesome_slide_removed'====== Args={'_from_bcp': True}
2020-08-10 20:06:05,924 : INFO : EventManager : Event: ======'slide_awesome_slide_created'====== Args={'_from_bcp': True}
2020-08-10 20:06:05,927 : INFO : EventManager : Event: ======'slide_awesome_slide_active'====== Args={'_from_bcp': True}
2020-08-10 20:06:08,924 : INFO : EventManager : Event: ======'slide_press_start_removed'====== Args={'_from_bcp': True}
2020-08-10 20:06:08,925 : INFO : EventManager : Event: ======'slide_press_start_created'====== Args={'_from_bcp': True}
2020-08-10 20:06:08,925 : INFO : EventManager : Event: ======'slide_press_start_active'====== Args={'_from_bcp': True}
2020-08-10 20:06:11,932 : INFO : EventManager : Event: ======'slide_mission_pinball_removed'====== Args={'_from_bcp': True}
2020-08-10 20:06:11,946 : INFO : EventManager : Event: ======'slide_mission_pinball_created'====== Args={'_from_bcp': True}
2020-08-10 20:06:11,946 : INFO : EventManager : Event: ======'slide_mission_pinball_active'====== Args={'_from_bcp': True}
2020-08-10 20:06:17,913 : INFO : EventManager : Event: ======'slide_GameCard_removed'====== Args={'_from_bcp': True}
2020-08-10 20:06:17,916 : INFO : EventManager : Event: ======'slide_GameCard_created'====== Args={'_from_bcp': True}
2020-08-10 20:06:17,918 : INFO : EventManager : Event: ======'slide_GameCard_active'====== Args={'_from_bcp': True}
2020-08-10 20:06:20,927 : INFO : EventManager : Event: ======'slide_HowTo_removed'====== Args={'_from_bcp': True}
2020-08-10 20:06:20,945 : INFO : EventManager : Event: ======'slide_HowTo_created'====== Args={'_from_bcp': True}
2020-08-10 20:06:20,951 : INFO : EventManager : Event: ======'slide_HowTo_active'====== Args={'_from_bcp': True}
2020-08-10 20:06:28,920 : INFO : EventManager : Event: ======'slide_last_game_score_slide1_removed'====== Args={'_from_bcp': True}
2020-08-10 20:06:28,941 : INFO : EventManager : Event: ======'slide_last_game_score_slide1_created'====== Args={'_from_bcp': True}
2020-08-10 20:06:28,953 : INFO : EventManager : Event: ======'slide_last_game_score_slide1_active'====== Args={'_from_bcp': True}
2020-08-10 20:06:36,922 : INFO : EventManager : Event: ======'slide_show_high_scores_removed'====== Args={'_from_bcp': True}
2020-08-10 20:06:36,941 : INFO : EventManager : Event: ======'slide_show_high_scores_created'====== Args={'_from_bcp': True}
2020-08-10 20:06:36,951 : INFO : EventManager : Event: ======'slide_show_high_scores_active'====== Args={'_from_bcp': True}
2020-08-10 20:06:37,906 : INFO : EventManager : Event: ======'slide_awesome_slide_removed'====== Args={'_from_bcp': True}
2020-08-10 20:06:37,910 : INFO : EventManager : Event: ======'slide_awesome_slide_created'====== Args={'_from_bcp': True}
2020-08-10 20:06:37,913 : INFO : EventManager : Event: ======'slide_awesome_slide_active'====== Args={'_from_bcp': True}
2020-08-10 20:06:40,916 : INFO : EventManager : Event: ======'slide_press_start_removed'====== Args={'_from_bcp': True}
2020-08-10 20:06:40,930 : INFO : EventManager : Event: ======'slide_press_start_created'====== Args={'_from_bcp': True}
2020-08-10 20:06:40,930 : INFO : EventManager : Event: ======'slide_press_start_active'====== Args={'_from_bcp': True}
2020-08-10 20:06:43,924 : INFO : EventManager : Event: ======'slide_mission_pinball_removed'====== Args={'_from_bcp': True}
2020-08-10 20:06:43,933 : INFO : EventManager : Event: ======'slide_mission_pinball_created'====== Args={'_from_bcp': True}
2020-08-10 20:06:43,937 : INFO : EventManager : Event: ======'slide_mission_pinball_active'====== Args={'_from_bcp': True}
2020-08-10 20:06:49,932 : INFO : EventManager : Event: ======'slide_GameCard_removed'====== Args={'_from_bcp': True}
2020-08-10 20:06:49,936 : INFO : EventManager : Event: ======'slide_GameCard_created'====== Args={'_from_bcp': True}
2020-08-10 20:06:49,938 : INFO : EventManager : Event: ======'slide_GameCard_active'====== Args={'_from_bcp': True}
2020-08-10 20:06:52,918 : INFO : EventManager : Event: ======'slide_HowTo_removed'====== Args={'_from_bcp': True}
2020-08-10 20:06:52,941 : INFO : EventManager : Event: ======'slide_HowTo_created'====== Args={'_from_bcp': True}
2020-08-10 20:06:52,947 : INFO : EventManager : Event: ======'slide_HowTo_active'====== Args={'_from_bcp': True}
2020-08-10 20:07:00,923 : INFO : EventManager : Event: ======'slide_last_game_score_slide1_removed'====== Args={'_from_bcp': True}
2020-08-10 20:07:00,939 : INFO : EventManager : Event: ======'slide_last_game_score_slide1_created'====== Args={'_from_bcp': True}
2020-08-10 20:07:00,946 : INFO : EventManager : Event: ======'slide_last_game_score_slide1_active'====== Args={'_from_bcp': True}
2020-08-10 20:07:08,930 : INFO : EventManager : Event: ======'slide_show_high_scores_removed'====== Args={'_from_bcp': True}
2020-08-10 20:07:08,948 : INFO : EventManager : Event: ======'slide_show_high_scores_created'====== Args={'_from_bcp': True}
2020-08-10 20:07:08,959 : INFO : EventManager : Event: ======'slide_show_high_scores_active'====== Args={'_from_bcp': True}
2020-08-10 20:07:09,930 : INFO : EventManager : Event: ======'slide_awesome_slide_removed'====== Args={'_from_bcp': True}
2020-08-10 20:07:09,934 : INFO : EventManager : Event: ======'slide_awesome_slide_created'====== Args={'_from_bcp': True}
2020-08-10 20:07:09,936 : INFO : EventManager : Event: ======'slide_awesome_slide_active'====== Args={'_from_bcp': True}
2020-08-10 20:07:12,915 : INFO : EventManager : Event: ======'slide_press_start_removed'====== Args={'_from_bcp': True}
2020-08-10 20:07:12,922 : INFO : EventManager : Event: ======'slide_press_start_created'====== Args={'_from_bcp': True}
2020-08-10 20:07:12,926 : INFO : EventManager : Event: ======'slide_press_start_active'====== Args={'_from_bcp': True}
2020-08-10 20:07:15,915 : INFO : EventManager : Event: ======'slide_mission_pinball_removed'====== Args={'_from_bcp': True}
2020-08-10 20:07:15,922 : INFO : EventManager : Event: ======'slide_mission_pinball_created'====== Args={'_from_bcp': True}
2020-08-10 20:07:15,925 : INFO : EventManager : Event: ======'slide_mission_pinball_active'====== Args={'_from_bcp': True}
2020-08-10 20:07:21,916 : INFO : EventManager : Event: ======'slide_GameCard_removed'====== Args={'_from_bcp': True}
2020-08-10 20:07:21,917 : INFO : EventManager : Event: ======'slide_GameCard_created'====== Args={'_from_bcp': True}
2020-08-10 20:07:21,918 : INFO : EventManager : Event: ======'slide_GameCard_active'====== Args={'_from_bcp': True}
2020-08-10 20:07:24,918 : INFO : EventManager : Event: ======'slide_HowTo_removed'====== Args={'_from_bcp': True}
2020-08-10 20:07:24,935 : INFO : EventManager : Event: ======'slide_HowTo_created'====== Args={'_from_bcp': True}
2020-08-10 20:07:24,940 : INFO : EventManager : Event: ======'slide_HowTo_active'====== Args={'_from_bcp': True}
2020-08-10 20:07:32,907 : INFO : EventManager : Event: ======'slide_last_game_score_slide1_removed'====== Args={'_from_bcp': True}
2020-08-10 20:07:32,926 : INFO : EventManager : Event: ======'slide_last_game_score_slide1_created'====== Args={'_from_bcp': True}
2020-08-10 20:07:32,933 : INFO : EventManager : Event: ======'slide_last_game_score_slide1_active'====== Args={'_from_bcp': True}
2020-08-10 20:07:40,916 : INFO : EventManager : Event: ======'slide_show_high_scores_removed'====== Args={'_from_bcp': True}
2020-08-10 20:07:40,995 : INFO : EventManager : Event: ======'slide_show_high_scores_created'====== Args={'_from_bcp': True}
2020-08-10 20:07:41,004 : INFO : EventManager : Event: ======'slide_show_high_scores_active'====== Args={'_from_bcp': True}
2020-08-10 20:07:41,930 : INFO : EventManager : Event: ======'slide_awesome_slide_removed'====== Args={'_from_bcp': True}
2020-08-10 20:07:41,934 : INFO : EventManager : Event: ======'slide_awesome_slide_created'====== Args={'_from_bcp': True}
2020-08-10 20:07:41,937 : INFO : EventManager : Event: ======'slide_awesome_slide_active'====== Args={'_from_bcp': True}
2020-08-10 20:07:44,924 : INFO : EventManager : Event: ======'slide_press_start_removed'====== Args={'_from_bcp': True}
2020-08-10 20:07:44,932 : INFO : EventManager : Event: ======'slide_press_start_created'====== Args={'_from_bcp': True}
2020-08-10 20:07:44,936 : INFO : EventManager : Event: ======'slide_press_start_active'====== Args={'_from_bcp': True}
2020-08-10 20:07:47,924 : INFO : EventManager : Event: ======'slide_mission_pinball_removed'====== Args={'_from_bcp': True}
2020-08-10 20:07:47,932 : INFO : EventManager : Event: ======'slide_mission_pinball_created'====== Args={'_from_bcp': True}
2020-08-10 20:07:47,935 : INFO : EventManager : Event: ======'slide_mission_pinball_active'====== Args={'_from_bcp': True}
2020-08-10 20:07:53,904 : INFO : EventManager : Event: ======'slide_GameCard_removed'====== Args={'_from_bcp': True}
2020-08-10 20:07:53,905 : INFO : EventManager : Event: ======'slide_GameCard_created'====== Args={'_from_bcp': True}
2020-08-10 20:07:53,906 : INFO : EventManager : Event: ======'slide_GameCard_active'====== Args={'_from_bcp': True}
2020-08-10 20:07:56,914 : INFO : EventManager : Event: ======'slide_HowTo_removed'====== Args={'_from_bcp': True}
2020-08-10 20:07:56,947 : INFO : EventManager : Event: ======'slide_HowTo_created'====== Args={'_from_bcp': True}
2020-08-10 20:07:56,947 : INFO : EventManager : Event: ======'slide_HowTo_active'====== Args={'_from_bcp': True}
2020-08-10 20:08:04,925 : INFO : EventManager : Event: ======'slide_last_game_score_slide1_removed'====== Args={'_from_bcp': True}
2020-08-10 20:08:04,929 : INFO : EventManager : Event: ======'slide_last_game_score_slide1_created'====== Args={'_from_bcp': True}
2020-08-10 20:08:04,936 : INFO : EventManager : Event: ======'slide_last_game_score_slide1_active'====== Args={'_from_bcp': True}
2020-08-10 20:08:12,915 : INFO : EventManager : Event: ======'slide_show_high_scores_removed'====== Args={'_from_bcp': True}
2020-08-10 20:08:12,935 : INFO : EventManager : Event: ======'slide_show_high_scores_created'====== Args={'_from_bcp': True}
2020-08-10 20:08:12,947 : INFO : EventManager : Event: ======'slide_show_high_scores_active'====== Args={'_from_bcp': True}
2020-08-10 20:08:13,913 : INFO : EventManager : Event: ======'slide_awesome_slide_removed'====== Args={'_from_bcp': True}
2020-08-10 20:08:13,917 : INFO : EventManager : Event: ======'slide_awesome_slide_created'====== Args={'_from_bcp': True}
2020-08-10 20:08:13,920 : INFO : EventManager : Event: ======'slide_awesome_slide_active'====== Args={'_from_bcp': True}
2020-08-10 20:08:16,939 : INFO : EventManager : Event: ======'slide_press_start_removed'====== Args={'_from_bcp': True}
2020-08-10 20:08:16,940 : INFO : EventManager : Event: ======'slide_press_start_created'====== Args={'_from_bcp': True}
2020-08-10 20:08:16,940 : INFO : EventManager : Event: ======'slide_press_start_active'====== Args={'_from_bcp': True}
2020-08-10 20:08:19,933 : INFO : EventManager : Event: ======'slide_mission_pinball_removed'====== Args={'_from_bcp': True}
2020-08-10 20:08:19,944 : INFO : EventManager : Event: ======'slide_mission_pinball_created'====== Args={'_from_bcp': True}
2020-08-10 20:08:19,945 : INFO : EventManager : Event: ======'slide_mission_pinball_active'====== Args={'_from_bcp': True}
2020-08-10 20:08:25,922 : INFO : EventManager : Event: ======'slide_GameCard_removed'====== Args={'_from_bcp': True}
2020-08-10 20:08:25,923 : INFO : EventManager : Event: ======'slide_GameCard_created'====== Args={'_from_bcp': True}
2020-08-10 20:08:25,924 : INFO : EventManager : Event: ======'slide_GameCard_active'====== Args={'_from_bcp': True}
2020-08-10 20:08:28,930 : INFO : EventManager : Event: ======'slide_HowTo_removed'====== Args={'_from_bcp': True}
2020-08-10 20:08:28,947 : INFO : EventManager : Event: ======'slide_HowTo_created'====== Args={'_from_bcp': True}
2020-08-10 20:08:28,954 : INFO : EventManager : Event: ======'slide_HowTo_active'====== Args={'_from_bcp': True}
2020-08-10 20:08:36,926 : INFO : EventManager : Event: ======'slide_last_game_score_slide1_removed'====== Args={'_from_bcp': True}
2020-08-10 20:08:36,947 : INFO : EventManager : Event: ======'slide_last_game_score_slide1_created'====== Args={'_from_bcp': True}
2020-08-10 20:08:36,955 : INFO : EventManager : Event: ======'slide_last_game_score_slide1_active'====== Args={'_from_bcp': True}
2020-08-10 20:08:44,907 : INFO : EventManager : Event: ======'slide_show_high_scores_removed'====== Args={'_from_bcp': True}
2020-08-10 20:08:44,925 : INFO : EventManager : Event: ======'slide_show_high_scores_created'====== Args={'_from_bcp': True}
2020-08-10 20:08:44,936 : INFO : EventManager : Event: ======'slide_show_high_scores_active'====== Args={'_from_bcp': True}
2020-08-10 20:08:45,916 : INFO : EventManager : Event: ======'slide_awesome_slide_removed'====== Args={'_from_bcp': True}
2020-08-10 20:08:45,921 : INFO : EventManager : Event: ======'slide_awesome_slide_created'====== Args={'_from_bcp': True}
2020-08-10 20:08:45,923 : INFO : EventManager : Event: ======'slide_awesome_slide_active'====== Args={'_from_bcp': True}
2020-08-10 20:08:48,927 : INFO : EventManager : Event: ======'slide_press_start_removed'====== Args={'_from_bcp': True}
2020-08-10 20:08:48,932 : INFO : EventManager : Event: ======'slide_press_start_created'====== Args={'_from_bcp': True}
2020-08-10 20:08:48,936 : INFO : EventManager : Event: ======'slide_press_start_active'====== Args={'_from_bcp': True}
2020-08-10 20:08:51,907 : INFO : EventManager : Event: ======'slide_mission_pinball_removed'====== Args={'_from_bcp': True}
2020-08-10 20:08:51,933 : INFO : EventManager : Event: ======'slide_mission_pinball_created'====== Args={'_from_bcp': True}
2020-08-10 20:08:51,934 : INFO : EventManager : Event: ======'slide_mission_pinball_active'====== Args={'_from_bcp': True}
2020-08-10 20:08:57,917 : INFO : EventManager : Event: ======'slide_GameCard_removed'====== Args={'_from_bcp': True}
2020-08-10 20:08:57,918 : INFO : EventManager : Event: ======'slide_GameCard_created'====== Args={'_from_bcp': True}
2020-08-10 20:08:57,920 : INFO : EventManager : Event: ======'slide_GameCard_active'====== Args={'_from_bcp': True}
2020-08-10 20:09:00,915 : INFO : EventManager : Event: ======'slide_HowTo_removed'====== Args={'_from_bcp': True}
2020-08-10 20:09:00,939 : INFO : EventManager : Event: ======'slide_HowTo_created'====== Args={'_from_bcp': True}
2020-08-10 20:09:00,949 : INFO : EventManager : Event: ======'slide_HowTo_active'====== Args={'_from_bcp': True}
2020-08-10 20:09:08,912 : INFO : EventManager : Event: ======'slide_last_game_score_slide1_removed'====== Args={'_from_bcp': True}
2020-08-10 20:09:08,942 : INFO : EventManager : Event: ======'slide_last_game_score_slide1_created'====== Args={'_from_bcp': True}
2020-08-10 20:09:08,942 : INFO : EventManager : Event: ======'slide_last_game_score_slide1_active'====== Args={'_from_bcp': True}
2020-08-10 20:09:16,930 : INFO : EventManager : Event: ======'slide_show_high_scores_removed'====== Args={'_from_bcp': True}
2020-08-10 20:09:16,947 : INFO : EventManager : Event: ======'slide_show_high_scores_created'====== Args={'_from_bcp': True}
2020-08-10 20:09:16,959 : INFO : EventManager : Event: ======'slide_show_high_scores_active'====== Args={'_from_bcp': True}
2020-08-10 20:09:17,920 : INFO : EventManager : Event: ======'slide_awesome_slide_removed'====== Args={'_from_bcp': True}
2020-08-10 20:09:17,924 : INFO : EventManager : Event: ======'slide_awesome_slide_created'====== Args={'_from_bcp': True}
2020-08-10 20:09:17,927 : INFO : EventManager : Event: ======'slide_awesome_slide_active'====== Args={'_from_bcp': True}
2020-08-10 20:09:20,918 : INFO : EventManager : Event: ======'slide_press_start_removed'====== Args={'_from_bcp': True}
2020-08-10 20:09:20,927 : INFO : EventManager : Event: ======'slide_press_start_created'====== Args={'_from_bcp': True}
2020-08-10 20:09:20,931 : INFO : EventManager : Event: ======'slide_press_start_active'====== Args={'_from_bcp': True}
2020-08-10 20:09:23,941 : INFO : EventManager : Event: ======'slide_mission_pinball_removed'====== Args={'_from_bcp': True}
2020-08-10 20:09:23,942 : INFO : EventManager : Event: ======'slide_mission_pinball_created'====== Args={'_from_bcp': True}
2020-08-10 20:09:23,943 : INFO : EventManager : Event: ======'slide_mission_pinball_active'====== Args={'_from_bcp': True}
2020-08-10 20:09:29,919 : INFO : EventManager : Event: ======'slide_GameCard_removed'====== Args={'_from_bcp': True}
2020-08-10 20:09:29,926 : INFO : EventManager : Event: ======'slide_GameCard_created'====== Args={'_from_bcp': True}
2020-08-10 20:09:29,927 : INFO : EventManager : Event: ======'slide_GameCard_active'====== Args={'_from_bcp': True}
2020-08-10 20:09:32,930 : INFO : EventManager : Event: ======'slide_HowTo_removed'====== Args={'_from_bcp': True}
2020-08-10 20:09:32,999 : INFO : EventManager : Event: ======'slide_HowTo_created'====== Args={'_from_bcp': True}
2020-08-10 20:09:33,012 : INFO : EventManager : Event: ======'slide_HowTo_active'====== Args={'_from_bcp': True}
2020-08-10 20:09:40,914 : INFO : EventManager : Event: ======'slide_last_game_score_slide1_removed'====== Args={'_from_bcp': True}
2020-08-10 20:09:40,935 : INFO : EventManager : Event: ======'slide_last_game_score_slide1_created'====== Args={'_from_bcp': True}
2020-08-10 20:09:40,944 : INFO : EventManager : Event: ======'slide_last_game_score_slide1_active'====== Args={'_from_bcp': True}
2020-08-10 20:09:48,934 : INFO : EventManager : Event: ======'slide_show_high_scores_removed'====== Args={'_from_bcp': True}
2020-08-10 20:09:48,949 : INFO : EventManager : Event: ======'slide_show_high_scores_created'====== Args={'_from_bcp': True}
2020-08-10 20:09:48,958 : INFO : EventManager : Event: ======'slide_show_high_scores_active'====== Args={'_from_bcp': True}
2020-08-10 20:09:49,930 : INFO : EventManager : Event: ======'slide_awesome_slide_removed'====== Args={'_from_bcp': True}
2020-08-10 20:09:49,931 : INFO : EventManager : Event: ======'slide_awesome_slide_created'====== Args={'_from_bcp': True}
2020-08-10 20:09:49,931 : INFO : EventManager : Event: ======'slide_awesome_slide_active'====== Args={'_from_bcp': True}
2020-08-10 20:09:52,900 : INFO : EventManager : Event: ======'slide_press_start_removed'====== Args={'_from_bcp': True}
2020-08-10 20:09:52,907 : INFO : EventManager : Event: ======'slide_press_start_created'====== Args={'_from_bcp': True}
2020-08-10 20:09:52,912 : INFO : EventManager : Event: ======'slide_press_start_active'====== Args={'_from_bcp': True}
2020-08-10 20:09:55,925 : INFO : EventManager : Event: ======'slide_mission_pinball_removed'====== Args={'_from_bcp': True}
2020-08-10 20:09:55,933 : INFO : EventManager : Event: ======'slide_mission_pinball_created'====== Args={'_from_bcp': True}
2020-08-10 20:09:55,951 : INFO : EventManager : Event: ======'slide_mission_pinball_active'====== Args={'_from_bcp': True}
2020-08-10 20:10:01,910 : INFO : EventManager : Event: ======'slide_GameCard_removed'====== Args={'_from_bcp': True}
2020-08-10 20:10:01,914 : INFO : EventManager : Event: ======'slide_GameCard_created'====== Args={'_from_bcp': True}
2020-08-10 20:10:01,916 : INFO : EventManager : Event: ======'slide_GameCard_active'====== Args={'_from_bcp': True}
2020-08-10 20:10:04,914 : INFO : EventManager : Event: ======'slide_HowTo_removed'====== Args={'_from_bcp': True}
2020-08-10 20:10:04,938 : INFO : EventManager : Event: ======'slide_HowTo_created'====== Args={'_from_bcp': True}
2020-08-10 20:10:04,944 : INFO : EventManager : Event: ======'slide_HowTo_active'====== Args={'_from_bcp': True}
2020-08-10 20:10:12,918 : INFO : EventManager : Event: ======'slide_last_game_score_slide1_removed'====== Args={'_from_bcp': True}
2020-08-10 20:10:12,940 : INFO : EventManager : Event: ======'slide_last_game_score_slide1_created'====== Args={'_from_bcp': True}
2020-08-10 20:10:12,957 : INFO : EventManager : Event: ======'slide_last_game_score_slide1_active'====== Args={'_from_bcp': True}
2020-08-10 20:10:20,911 : INFO : EventManager : Event: ======'slide_show_high_scores_removed'====== Args={'_from_bcp': True}
2020-08-10 20:10:20,938 : INFO : EventManager : Event: ======'slide_show_high_scores_created'====== Args={'_from_bcp': True}
2020-08-10 20:10:20,938 : INFO : EventManager : Event: ======'slide_show_high_scores_active'====== Args={'_from_bcp': True}
2020-08-10 20:10:21,922 : INFO : EventManager : Event: ======'slide_awesome_slide_removed'====== Args={'_from_bcp': True}
2020-08-10 20:10:21,926 : INFO : EventManager : Event: ======'slide_awesome_slide_created'====== Args={'_from_bcp': True}
2020-08-10 20:10:21,928 : INFO : EventManager : Event: ======'slide_awesome_slide_active'====== Args={'_from_bcp': True}
2020-08-10 20:10:24,925 : INFO : EventManager : Event: ======'slide_press_start_removed'====== Args={'_from_bcp': True}
2020-08-10 20:10:24,933 : INFO : EventManager : Event: ======'slide_press_start_created'====== Args={'_from_bcp': True}
2020-08-10 20:10:24,938 : INFO : EventManager : Event: ======'slide_press_start_active'====== Args={'_from_bcp': True}
2020-08-10 20:10:27,935 : INFO : EventManager : Event: ======'slide_mission_pinball_removed'====== Args={'_from_bcp': True}
2020-08-10 20:10:27,946 : INFO : EventManager : Event: ======'slide_mission_pinball_created'====== Args={'_from_bcp': True}
2020-08-10 20:10:27,947 : INFO : EventManager : Event: ======'slide_mission_pinball_active'====== Args={'_from_bcp': True}
2020-08-10 20:10:33,931 : INFO : EventManager : Event: ======'slide_GameCard_removed'====== Args={'_from_bcp': True}
2020-08-10 20:10:33,935 : INFO : EventManager : Event: ======'slide_GameCard_created'====== Args={'_from_bcp': True}
2020-08-10 20:10:33,937 : INFO : EventManager : Event: ======'slide_GameCard_active'====== Args={'_from_bcp': True}
2020-08-10 20:10:36,922 : INFO : EventManager : Event: ======'slide_HowTo_removed'====== Args={'_from_bcp': True}
2020-08-10 20:10:36,947 : INFO : EventManager : Event: ======'slide_HowTo_created'====== Args={'_from_bcp': True}
2020-08-10 20:10:36,953 : INFO : EventManager : Event: ======'slide_HowTo_active'====== Args={'_from_bcp': True}
2020-08-10 20:10:44,917 : INFO : EventManager : Event: ======'slide_last_game_score_slide1_removed'====== Args={'_from_bcp': True}
2020-08-10 20:10:44,938 : INFO : EventManager : Event: ======'slide_last_game_score_slide1_created'====== Args={'_from_bcp': True}
2020-08-10 20:10:44,950 : INFO : EventManager : Event: ======'slide_last_game_score_slide1_active'====== Args={'_from_bcp': True}
2020-08-10 20:10:52,904 : INFO : EventManager : Event: ======'slide_show_high_scores_removed'====== Args={'_from_bcp': True}
2020-08-10 20:10:52,918 : INFO : EventManager : Event: ======'slide_show_high_scores_created'====== Args={'_from_bcp': True}
2020-08-10 20:10:52,930 : INFO : EventManager : Event: ======'slide_show_high_scores_active'====== Args={'_from_bcp': True}
2020-08-10 20:10:53,919 : INFO : EventManager : Event: ======'slide_awesome_slide_removed'====== Args={'_from_bcp': True}
2020-08-10 20:10:53,923 : INFO : EventManager : Event: ======'slide_awesome_slide_created'====== Args={'_from_bcp': True}
2020-08-10 20:10:53,924 : INFO : EventManager : Event: ======'slide_awesome_slide_active'====== Args={'_from_bcp': True}
2020-08-10 20:10:56,920 : INFO : EventManager : Event: ======'slide_press_start_removed'====== Args={'_from_bcp': True}
2020-08-10 20:10:56,927 : INFO : EventManager : Event: ======'slide_press_start_created'====== Args={'_from_bcp': True}
2020-08-10 20:10:56,932 : INFO : EventManager : Event: ======'slide_press_start_active'====== Args={'_from_bcp': True}
2020-08-10 20:10:59,923 : INFO : EventManager : Event: ======'slide_mission_pinball_removed'====== Args={'_from_bcp': True}
2020-08-10 20:10:59,938 : INFO : EventManager : Event: ======'slide_mission_pinball_created'====== Args={'_from_bcp': True}
2020-08-10 20:10:59,938 : INFO : EventManager : Event: ======'slide_mission_pinball_active'====== Args={'_from_bcp': True}
2020-08-10 20:11:05,921 : INFO : EventManager : Event: ======'slide_GameCard_removed'====== Args={'_from_bcp': True}
2020-08-10 20:11:05,925 : INFO : EventManager : Event: ======'slide_GameCard_created'====== Args={'_from_bcp': True}
2020-08-10 20:11:05,927 : INFO : EventManager : Event: ======'slide_GameCard_active'====== Args={'_from_bcp': True}
2020-08-10 20:11:08,931 : INFO : EventManager : Event: ======'slide_HowTo_removed'====== Args={'_from_bcp': True}
2020-08-10 20:11:08,951 : INFO : EventManager : Event: ======'slide_HowTo_created'====== Args={'_from_bcp': True}
2020-08-10 20:11:08,952 : INFO : EventManager : Event: ======'slide_HowTo_active'====== Args={'_from_bcp': True}
2020-08-10 20:11:16,930 : INFO : EventManager : Event: ======'slide_last_game_score_slide1_removed'====== Args={'_from_bcp': True}
2020-08-10 20:11:16,952 : INFO : EventManager : Event: ======'slide_last_game_score_slide1_created'====== Args={'_from_bcp': True}
2020-08-10 20:11:16,963 : INFO : EventManager : Event: ======'slide_last_game_score_slide1_active'====== Args={'_from_bcp': True}
2020-08-10 20:11:24,941 : INFO : EventManager : Event: ======'slide_show_high_scores_removed'====== Args={'_from_bcp': True}
2020-08-10 20:11:25,005 : INFO : EventManager : Event: ======'slide_show_high_scores_created'====== Args={'_from_bcp': True}
2020-08-10 20:11:25,021 : INFO : EventManager : Event: ======'slide_show_high_scores_active'====== Args={'_from_bcp': True}
2020-08-10 20:11:25,932 : INFO : EventManager : Event: ======'slide_awesome_slide_removed'====== Args={'_from_bcp': True}
2020-08-10 20:11:25,933 : INFO : EventManager : Event: ======'slide_awesome_slide_created'====== Args={'_from_bcp': True}
2020-08-10 20:11:25,934 : INFO : EventManager : Event: ======'slide_awesome_slide_active'====== Args={'_from_bcp': True}
2020-08-10 20:11:28,930 : INFO : EventManager : Event: ======'slide_press_start_removed'====== Args={'_from_bcp': True}
2020-08-10 20:11:28,930 : INFO : EventManager : Event: ======'slide_press_start_created'====== Args={'_from_bcp': True}
2020-08-10 20:11:28,931 : INFO : EventManager : Event: ======'slide_press_start_active'====== Args={'_from_bcp': True}
2020-08-10 20:11:31,916 : INFO : EventManager : Event: ======'slide_mission_pinball_removed'====== Args={'_from_bcp': True}
2020-08-10 20:11:31,924 : INFO : EventManager : Event: ======'slide_mission_pinball_created'====== Args={'_from_bcp': True}
2020-08-10 20:11:31,929 : INFO : EventManager : Event: ======'slide_mission_pinball_active'====== Args={'_from_bcp': True}
2020-08-10 20:11:37,905 : INFO : EventManager : Event: ======'slide_GameCard_removed'====== Args={'_from_bcp': True}
2020-08-10 20:11:37,908 : INFO : EventManager : Event: ======'slide_GameCard_created'====== Args={'_from_bcp': True}
2020-08-10 20:11:37,910 : INFO : EventManager : Event: ======'slide_GameCard_active'====== Args={'_from_bcp': True}
2020-08-10 20:11:40,926 : INFO : EventManager : Event: ======'slide_HowTo_removed'====== Args={'_from_bcp': True}
2020-08-10 20:11:40,946 : INFO : EventManager : Event: ======'slide_HowTo_created'====== Args={'_from_bcp': True}
2020-08-10 20:11:40,952 : INFO : EventManager : Event: ======'slide_HowTo_active'====== Args={'_from_bcp': True}
2020-08-10 20:11:48,917 : INFO : EventManager : Event: ======'slide_last_game_score_slide1_removed'====== Args={'_from_bcp': True}
2020-08-10 20:11:48,932 : INFO : EventManager : Event: ======'slide_last_game_score_slide1_created'====== Args={'_from_bcp': True}
2020-08-10 20:11:48,939 : INFO : EventManager : Event: ======'slide_last_game_score_slide1_active'====== Args={'_from_bcp': True}
2020-08-10 20:11:56,910 : INFO : EventManager : Event: ======'slide_show_high_scores_removed'====== Args={'_from_bcp': True}
2020-08-10 20:11:56,927 : INFO : EventManager : Event: ======'slide_show_high_scores_created'====== Args={'_from_bcp': True}
2020-08-10 20:11:56,935 : INFO : EventManager : Event: ======'slide_show_high_scores_active'====== Args={'_from_bcp': True}
2020-08-10 20:11:57,923 : INFO : EventManager : Event: ======'slide_awesome_slide_removed'====== Args={'_from_bcp': True}
2020-08-10 20:11:57,927 : INFO : EventManager : Event: ======'slide_awesome_slide_created'====== Args={'_from_bcp': True}
2020-08-10 20:11:57,932 : INFO : EventManager : Event: ======'slide_awesome_slide_active'====== Args={'_from_bcp': True}
2020-08-10 20:12:00,915 : INFO : EventManager : Event: ======'slide_press_start_removed'====== Args={'_from_bcp': True}
2020-08-10 20:12:00,918 : INFO : EventManager : Event: ======'slide_press_start_created'====== Args={'_from_bcp': True}
2020-08-10 20:12:00,920 : INFO : EventManager : Event: ======'slide_press_start_active'====== Args={'_from_bcp': True}
2020-08-10 20:12:03,939 : INFO : EventManager : Event: ======'slide_mission_pinball_removed'====== Args={'_from_bcp': True}
2020-08-10 20:12:03,947 : INFO : EventManager : Event: ======'slide_mission_pinball_created'====== Args={'_from_bcp': True}
2020-08-10 20:12:03,954 : INFO : EventManager : Event: ======'slide_mission_pinball_active'====== Args={'_from_bcp': True}
2020-08-10 20:12:09,924 : INFO : EventManager : Event: ======'slide_GameCard_removed'====== Args={'_from_bcp': True}
2020-08-10 20:12:09,925 : INFO : EventManager : Event: ======'slide_GameCard_created'====== Args={'_from_bcp': True}
2020-08-10 20:12:09,926 : INFO : EventManager : Event: ======'slide_GameCard_active'====== Args={'_from_bcp': True}
2020-08-10 20:12:12,930 : INFO : EventManager : Event: ======'slide_HowTo_removed'====== Args={'_from_bcp': True}
2020-08-10 20:12:12,952 : INFO : EventManager : Event: ======'slide_HowTo_created'====== Args={'_from_bcp': True}
2020-08-10 20:12:12,958 : INFO : EventManager : Event: ======'slide_HowTo_active'====== Args={'_from_bcp': True}
2020-08-10 20:12:20,901 : INFO : EventManager : Event: ======'slide_last_game_score_slide1_removed'====== Args={'_from_bcp': True}
2020-08-10 20:12:20,921 : INFO : EventManager : Event: ======'slide_last_game_score_slide1_created'====== Args={'_from_bcp': True}
2020-08-10 20:12:20,930 : INFO : EventManager : Event: ======'slide_last_game_score_slide1_active'====== Args={'_from_bcp': True}
2020-08-10 20:12:28,916 : INFO : EventManager : Event: ======'slide_show_high_scores_removed'====== Args={'_from_bcp': True}
2020-08-10 20:12:28,926 : INFO : EventManager : Event: ======'slide_show_high_scores_created'====== Args={'_from_bcp': True}
2020-08-10 20:12:28,937 : INFO : EventManager : Event: ======'slide_show_high_scores_active'====== Args={'_from_bcp': True}
2020-08-10 20:12:29,919 : INFO : EventManager : Event: ======'slide_awesome_slide_removed'====== Args={'_from_bcp': True}
2020-08-10 20:12:29,920 : INFO : EventManager : Event: ======'slide_awesome_slide_created'====== Args={'_from_bcp': True}
2020-08-10 20:12:29,923 : INFO : EventManager : Event: ======'slide_awesome_slide_active'====== Args={'_from_bcp': True}
2020-08-10 20:12:32,918 : INFO : EventManager : Event: ======'slide_press_start_removed'====== Args={'_from_bcp': True}
2020-08-10 20:12:32,926 : INFO : EventManager : Event: ======'slide_press_start_created'====== Args={'_from_bcp': True}
2020-08-10 20:12:32,930 : INFO : EventManager : Event: ======'slide_press_start_active'====== Args={'_from_bcp': True}
2020-08-10 20:12:35,914 : INFO : EventManager : Event: ======'slide_mission_pinball_removed'====== Args={'_from_bcp': True}
2020-08-10 20:12:35,922 : INFO : EventManager : Event: ======'slide_mission_pinball_created'====== Args={'_from_bcp': True}
2020-08-10 20:12:35,927 : INFO : EventManager : Event: ======'slide_mission_pinball_active'====== Args={'_from_bcp': True}
2020-08-10 20:12:41,916 : INFO : EventManager : Event: ======'slide_GameCard_removed'====== Args={'_from_bcp': True}
2020-08-10 20:12:41,919 : INFO : EventManager : Event: ======'slide_GameCard_created'====== Args={'_from_bcp': True}
2020-08-10 20:12:41,920 : INFO : EventManager : Event: ======'slide_GameCard_active'====== Args={'_from_bcp': True}
2020-08-10 20:12:44,931 : INFO : EventManager : Event: ======'slide_HowTo_removed'====== Args={'_from_bcp': True}
2020-08-10 20:12:44,952 : INFO : EventManager : Event: ======'slide_HowTo_created'====== Args={'_from_bcp': True}
2020-08-10 20:12:44,960 : INFO : EventManager : Event: ======'slide_HowTo_active'====== Args={'_from_bcp': True}
2020-08-10 20:12:52,914 : INFO : EventManager : Event: ======'slide_last_game_score_slide1_removed'====== Args={'_from_bcp': True}
2020-08-10 20:12:52,933 : INFO : EventManager : Event: ======'slide_last_game_score_slide1_created'====== Args={'_from_bcp': True}
2020-08-10 20:12:52,941 : INFO : EventManager : Event: ======'slide_last_game_score_slide1_active'====== Args={'_from_bcp': True}
2020-08-10 20:13:00,919 : INFO : EventManager : Event: ======'slide_show_high_scores_removed'====== Args={'_from_bcp': True}
2020-08-10 20:13:00,934 : INFO : EventManager : Event: ======'slide_show_high_scores_created'====== Args={'_from_bcp': True}
2020-08-10 20:13:00,962 : INFO : EventManager : Event: ======'slide_show_high_scores_active'====== Args={'_from_bcp': True}
2020-08-10 20:13:01,923 : INFO : EventManager : Event: ======'slide_awesome_slide_removed'====== Args={'_from_bcp': True}
2020-08-10 20:13:01,927 : INFO : EventManager : Event: ======'slide_awesome_slide_created'====== Args={'_from_bcp': True}
2020-08-10 20:13:01,930 : INFO : EventManager : Event: ======'slide_awesome_slide_active'====== Args={'_from_bcp': True}
2020-08-10 20:13:04,909 : INFO : EventManager : Event: ======'slide_press_start_removed'====== Args={'_from_bcp': True}
2020-08-10 20:13:04,916 : INFO : EventManager : Event: ======'slide_press_start_created'====== Args={'_from_bcp': True}
2020-08-10 20:13:04,923 : INFO : EventManager : Event: ======'slide_press_start_active'====== Args={'_from_bcp': True}
2020-08-10 20:13:07,905 : INFO : EventManager : Event: ======'slide_mission_pinball_removed'====== Args={'_from_bcp': True}
2020-08-10 20:13:07,912 : INFO : EventManager : Event: ======'slide_mission_pinball_created'====== Args={'_from_bcp': True}
2020-08-10 20:13:07,919 : INFO : EventManager : Event: ======'slide_mission_pinball_active'====== Args={'_from_bcp': True}
2020-08-10 20:13:13,925 : INFO : EventManager : Event: ======'slide_GameCard_removed'====== Args={'_from_bcp': True}
2020-08-10 20:13:13,927 : INFO : EventManager : Event: ======'slide_GameCard_created'====== Args={'_from_bcp': True}
2020-08-10 20:13:13,929 : INFO : EventManager : Event: ======'slide_GameCard_active'====== Args={'_from_bcp': True}
2020-08-10 20:13:16,907 : INFO : EventManager : Event: ======'slide_HowTo_removed'====== Args={'_from_bcp': True}
2020-08-10 20:13:16,997 : INFO : EventManager : Event: ======'slide_HowTo_created'====== Args={'_from_bcp': True}
2020-08-10 20:13:17,004 : INFO : EventManager : Event: ======'slide_HowTo_active'====== Args={'_from_bcp': True}
2020-08-10 20:13:24,915 : INFO : EventManager : Event: ======'slide_last_game_score_slide1_removed'====== Args={'_from_bcp': True}
2020-08-10 20:13:24,930 : INFO : EventManager : Event: ======'slide_last_game_score_slide1_created'====== Args={'_from_bcp': True}
2020-08-10 20:13:24,938 : INFO : EventManager : Event: ======'slide_last_game_score_slide1_active'====== Args={'_from_bcp': True}
2020-08-10 20:13:32,925 : INFO : EventManager : Event: ======'slide_show_high_scores_removed'====== Args={'_from_bcp': True}
2020-08-10 20:13:32,936 : INFO : EventManager : Event: ======'slide_show_high_scores_created'====== Args={'_from_bcp': True}
2020-08-10 20:13:32,945 : INFO : EventManager : Event: ======'slide_show_high_scores_active'====== Args={'_from_bcp': True}
2020-08-10 20:13:33,924 : INFO : EventManager : Event: ======'slide_awesome_slide_removed'====== Args={'_from_bcp': True}
2020-08-10 20:13:33,925 : INFO : EventManager : Event: ======'slide_awesome_slide_created'====== Args={'_from_bcp': True}
2020-08-10 20:13:33,927 : INFO : EventManager : Event: ======'slide_awesome_slide_active'====== Args={'_from_bcp': True}
2020-08-10 20:13:36,921 : INFO : EventManager : Event: ======'slide_press_start_removed'====== Args={'_from_bcp': True}
2020-08-10 20:13:36,929 : INFO : EventManager : Event: ======'slide_press_start_created'====== Args={'_from_bcp': True}
2020-08-10 20:13:36,933 : INFO : EventManager : Event: ======'slide_press_start_active'====== Args={'_from_bcp': True}
2020-08-10 20:13:39,945 : INFO : EventManager : Event: ======'slide_mission_pinball_removed'====== Args={'_from_bcp': True}
2020-08-10 20:13:39,946 : INFO : EventManager : Event: ======'slide_mission_pinball_created'====== Args={'_from_bcp': True}
2020-08-10 20:13:39,947 : INFO : EventManager : Event: ======'slide_mission_pinball_active'====== Args={'_from_bcp': True}
2020-08-10 20:13:45,920 : INFO : EventManager : Event: ======'slide_GameCard_removed'====== Args={'_from_bcp': True}
2020-08-10 20:13:45,924 : INFO : EventManager : Event: ======'slide_GameCard_created'====== Args={'_from_bcp': True}
2020-08-10 20:13:45,926 : INFO : EventManager : Event: ======'slide_GameCard_active'====== Args={'_from_bcp': True}
2020-08-10 20:13:48,925 : INFO : EventManager : Event: ======'slide_HowTo_removed'====== Args={'_from_bcp': True}
2020-08-10 20:13:48,935 : INFO : EventManager : Event: ======'slide_HowTo_created'====== Args={'_from_bcp': True}
2020-08-10 20:13:48,941 : INFO : EventManager : Event: ======'slide_HowTo_active'====== Args={'_from_bcp': True}
2020-08-10 20:13:56,907 : INFO : EventManager : Event: ======'slide_last_game_score_slide1_removed'====== Args={'_from_bcp': True}
2020-08-10 20:13:56,926 : INFO : EventManager : Event: ======'slide_last_game_score_slide1_created'====== Args={'_from_bcp': True}
2020-08-10 20:13:56,933 : INFO : EventManager : Event: ======'slide_last_game_score_slide1_active'====== Args={'_from_bcp': True}
2020-08-10 20:14:04,919 : INFO : EventManager : Event: ======'slide_show_high_scores_removed'====== Args={'_from_bcp': True}
2020-08-10 20:14:04,937 : INFO : EventManager : Event: ======'slide_show_high_scores_created'====== Args={'_from_bcp': True}
2020-08-10 20:14:04,945 : INFO : EventManager : Event: ======'slide_show_high_scores_active'====== Args={'_from_bcp': True}
2020-08-10 20:14:05,915 : INFO : EventManager : Event: ======'slide_awesome_slide_removed'====== Args={'_from_bcp': True}
2020-08-10 20:14:05,925 : INFO : EventManager : Event: ======'slide_awesome_slide_created'====== Args={'_from_bcp': True}
2020-08-10 20:14:05,926 : INFO : EventManager : Event: ======'slide_awesome_slide_active'====== Args={'_from_bcp': True}
2020-08-10 20:14:08,907 : INFO : EventManager : Event: ======'slide_press_start_removed'====== Args={'_from_bcp': True}
2020-08-10 20:14:08,915 : INFO : EventManager : Event: ======'slide_press_start_created'====== Args={'_from_bcp': True}
2020-08-10 20:14:08,919 : INFO : EventManager : Event: ======'slide_press_start_active'====== Args={'_from_bcp': True}
2020-08-10 20:14:11,927 : INFO : EventManager : Event: ======'slide_mission_pinball_removed'====== Args={'_from_bcp': True}
2020-08-10 20:14:11,931 : INFO : EventManager : Event: ======'slide_mission_pinball_created'====== Args={'_from_bcp': True}
2020-08-10 20:14:11,934 : INFO : EventManager : Event: ======'slide_mission_pinball_active'====== Args={'_from_bcp': True}
2020-08-10 20:14:17,907 : INFO : EventManager : Event: ======'slide_GameCard_removed'====== Args={'_from_bcp': True}
2020-08-10 20:14:17,911 : INFO : EventManager : Event: ======'slide_GameCard_created'====== Args={'_from_bcp': True}
2020-08-10 20:14:17,913 : INFO : EventManager : Event: ======'slide_GameCard_active'====== Args={'_from_bcp': True}
2020-08-10 20:14:20,932 : INFO : EventManager : Event: ======'slide_HowTo_removed'====== Args={'_from_bcp': True}
2020-08-10 20:14:20,956 : INFO : EventManager : Event: ======'slide_HowTo_created'====== Args={'_from_bcp': True}
2020-08-10 20:14:20,962 : INFO : EventManager : Event: ======'slide_HowTo_active'====== Args={'_from_bcp': True}
2020-08-10 20:14:28,934 : INFO : EventManager : Event: ======'slide_last_game_score_slide1_removed'====== Args={'_from_bcp': True}
2020-08-10 20:14:28,976 : INFO : EventManager : Event: ======'slide_last_game_score_slide1_created'====== Args={'_from_bcp': True}
2020-08-10 20:14:28,977 : INFO : EventManager : Event: ======'slide_last_game_score_slide1_active'====== Args={'_from_bcp': True}
2020-08-10 20:14:36,917 : INFO : EventManager : Event: ======'slide_show_high_scores_removed'====== Args={'_from_bcp': True}
2020-08-10 20:14:36,929 : INFO : EventManager : Event: ======'slide_show_high_scores_created'====== Args={'_from_bcp': True}
2020-08-10 20:14:36,937 : INFO : EventManager : Event: ======'slide_show_high_scores_active'====== Args={'_from_bcp': True}
2020-08-10 20:14:37,904 : INFO : EventManager : Event: ======'slide_awesome_slide_removed'====== Args={'_from_bcp': True}
2020-08-10 20:14:37,908 : INFO : EventManager : Event: ======'slide_awesome_slide_created'====== Args={'_from_bcp': True}
2020-08-10 20:14:37,911 : INFO : EventManager : Event: ======'slide_awesome_slide_active'====== Args={'_from_bcp': True}
2020-08-10 20:14:40,936 : INFO : EventManager : Event: ======'slide_press_start_removed'====== Args={'_from_bcp': True}
2020-08-10 20:14:40,938 : INFO : EventManager : Event: ======'slide_press_start_created'====== Args={'_from_bcp': True}
2020-08-10 20:14:40,938 : INFO : EventManager : Event: ======'slide_press_start_active'====== Args={'_from_bcp': True}
2020-08-10 20:14:43,913 : INFO : EventManager : Event: ======'slide_mission_pinball_removed'====== Args={'_from_bcp': True}
2020-08-10 20:14:43,926 : INFO : EventManager : Event: ======'slide_mission_pinball_created'====== Args={'_from_bcp': True}
2020-08-10 20:14:43,926 : INFO : EventManager : Event: ======'slide_mission_pinball_active'====== Args={'_from_bcp': True}
2020-08-10 20:14:49,920 : INFO : EventManager : Event: ======'slide_GameCard_removed'====== Args={'_from_bcp': True}
2020-08-10 20:14:49,923 : INFO : EventManager : Event: ======'slide_GameCard_created'====== Args={'_from_bcp': True}
2020-08-10 20:14:49,924 : INFO : EventManager : Event: ======'slide_GameCard_active'====== Args={'_from_bcp': True}
2020-08-10 20:14:52,915 : INFO : EventManager : Event: ======'slide_HowTo_removed'====== Args={'_from_bcp': True}
2020-08-10 20:14:52,938 : INFO : EventManager : Event: ======'slide_HowTo_created'====== Args={'_from_bcp': True}
2020-08-10 20:14:52,944 : INFO : EventManager : Event: ======'slide_HowTo_active'====== Args={'_from_bcp': True}
2020-08-10 20:15:00,917 : INFO : EventManager : Event: ======'slide_last_game_score_slide1_removed'====== Args={'_from_bcp': True}
2020-08-10 20:15:00,931 : INFO : EventManager : Event: ======'slide_last_game_score_slide1_created'====== Args={'_from_bcp': True}
2020-08-10 20:15:00,940 : INFO : EventManager : Event: ======'slide_last_game_score_slide1_active'====== Args={'_from_bcp': True}
2020-08-10 20:15:08,923 : INFO : EventManager : Event: ======'slide_show_high_scores_removed'====== Args={'_from_bcp': True}
2020-08-10 20:15:08,934 : INFO : EventManager : Event: ======'slide_show_high_scores_created'====== Args={'_from_bcp': True}
2020-08-10 20:15:08,942 : INFO : EventManager : Event: ======'slide_show_high_scores_active'====== Args={'_from_bcp': True}
2020-08-10 20:15:09,929 : INFO : EventManager : Event: ======'slide_awesome_slide_removed'====== Args={'_from_bcp': True}
2020-08-10 20:15:09,933 : INFO : EventManager : Event: ======'slide_awesome_slide_created'====== Args={'_from_bcp': True}
2020-08-10 20:15:09,936 : INFO : EventManager : Event: ======'slide_awesome_slide_active'====== Args={'_from_bcp': True}
2020-08-10 20:15:12,919 : INFO : EventManager : Event: ======'slide_press_start_removed'====== Args={'_from_bcp': True}
2020-08-10 20:15:12,996 : INFO : EventManager : Event: ======'slide_press_start_created'====== Args={'_from_bcp': True}
2020-08-10 20:15:13,000 : INFO : EventManager : Event: ======'slide_press_start_active'====== Args={'_from_bcp': True}
2020-08-10 20:15:15,905 : INFO : EventManager : Event: ======'slide_mission_pinball_removed'====== Args={'_from_bcp': True}
2020-08-10 20:15:15,913 : INFO : EventManager : Event: ======'slide_mission_pinball_created'====== Args={'_from_bcp': True}
2020-08-10 20:15:15,917 : INFO : EventManager : Event: ======'slide_mission_pinball_active'====== Args={'_from_bcp': True}
2020-08-10 20:15:21,911 : INFO : EventManager : Event: ======'slide_GameCard_removed'====== Args={'_from_bcp': True}
2020-08-10 20:15:21,912 : INFO : EventManager : Event: ======'slide_GameCard_created'====== Args={'_from_bcp': True}
2020-08-10 20:15:21,914 : INFO : EventManager : Event: ======'slide_GameCard_active'====== Args={'_from_bcp': True}
2020-08-10 20:15:24,919 : INFO : EventManager : Event: ======'slide_HowTo_removed'====== Args={'_from_bcp': True}
2020-08-10 20:15:24,936 : INFO : EventManager : Event: ======'slide_HowTo_created'====== Args={'_from_bcp': True}
2020-08-10 20:15:24,942 : INFO : EventManager : Event: ======'slide_HowTo_active'====== Args={'_from_bcp': True}
2020-08-10 20:15:32,911 : INFO : EventManager : Event: ======'slide_last_game_score_slide1_removed'====== Args={'_from_bcp': True}
2020-08-10 20:15:32,941 : INFO : EventManager : Event: ======'slide_last_game_score_slide1_created'====== Args={'_from_bcp': True}
2020-08-10 20:15:32,950 : INFO : EventManager : Event: ======'slide_last_game_score_slide1_active'====== Args={'_from_bcp': True}
2020-08-10 20:15:40,935 : INFO : EventManager : Event: ======'slide_show_high_scores_removed'====== Args={'_from_bcp': True}
2020-08-10 20:15:40,938 : INFO : EventManager : Event: ======'slide_show_high_scores_created'====== Args={'_from_bcp': True}
2020-08-10 20:15:40,946 : INFO : EventManager : Event: ======'slide_show_high_scores_active'====== Args={'_from_bcp': True}
2020-08-10 20:15:41,927 : INFO : EventManager : Event: ======'slide_awesome_slide_removed'====== Args={'_from_bcp': True}
2020-08-10 20:15:41,928 : INFO : EventManager : Event: ======'slide_awesome_slide_created'====== Args={'_from_bcp': True}
2020-08-10 20:15:41,930 : INFO : EventManager : Event: ======'slide_awesome_slide_active'====== Args={'_from_bcp': True}
2020-08-10 20:15:44,929 : INFO : EventManager : Event: ======'slide_press_start_removed'====== Args={'_from_bcp': True}
2020-08-10 20:15:44,931 : INFO : EventManager : Event: ======'slide_press_start_created'====== Args={'_from_bcp': True}
2020-08-10 20:15:44,933 : INFO : EventManager : Event: ======'slide_press_start_active'====== Args={'_from_bcp': True}
2020-08-10 20:15:47,929 : INFO : EventManager : Event: ======'slide_mission_pinball_removed'====== Args={'_from_bcp': True}
2020-08-10 20:15:47,938 : INFO : EventManager : Event: ======'slide_mission_pinball_created'====== Args={'_from_bcp': True}
2020-08-10 20:15:47,942 : INFO : EventManager : Event: ======'slide_mission_pinball_active'====== Args={'_from_bcp': True}
2020-08-10 20:15:53,905 : INFO : EventManager : Event: ======'slide_GameCard_removed'====== Args={'_from_bcp': True}
2020-08-10 20:15:53,908 : INFO : EventManager : Event: ======'slide_GameCard_created'====== Args={'_from_bcp': True}
2020-08-10 20:15:53,909 : INFO : EventManager : Event: ======'slide_GameCard_active'====== Args={'_from_bcp': True}
2020-08-10 20:15:56,923 : INFO : EventManager : Event: ======'slide_HowTo_removed'====== Args={'_from_bcp': True}
2020-08-10 20:15:56,941 : INFO : EventManager : Event: ======'slide_HowTo_created'====== Args={'_from_bcp': True}
2020-08-10 20:15:56,947 : INFO : EventManager : Event: ======'slide_HowTo_active'====== Args={'_from_bcp': True}
2020-08-10 20:16:04,918 : INFO : EventManager : Event: ======'slide_last_game_score_slide1_removed'====== Args={'_from_bcp': True}
2020-08-10 20:16:04,938 : INFO : EventManager : Event: ======'slide_last_game_score_slide1_created'====== Args={'_from_bcp': True}
2020-08-10 20:16:04,945 : INFO : EventManager : Event: ======'slide_last_game_score_slide1_active'====== Args={'_from_bcp': True}
2020-08-10 20:16:12,915 : INFO : EventManager : Event: ======'slide_show_high_scores_removed'====== Args={'_from_bcp': True}
2020-08-10 20:16:12,927 : INFO : EventManager : Event: ======'slide_show_high_scores_created'====== Args={'_from_bcp': True}
2020-08-10 20:16:12,939 : INFO : EventManager : Event: ======'slide_show_high_scores_active'====== Args={'_from_bcp': True}
2020-08-10 20:16:13,906 : INFO : EventManager : Event: ======'slide_awesome_slide_removed'====== Args={'_from_bcp': True}
2020-08-10 20:16:13,910 : INFO : EventManager : Event: ======'slide_awesome_slide_created'====== Args={'_from_bcp': True}
2020-08-10 20:16:13,912 : INFO : EventManager : Event: ======'slide_awesome_slide_active'====== Args={'_from_bcp': True}
2020-08-10 20:16:16,938 : INFO : EventManager : Event: ======'slide_press_start_removed'====== Args={'_from_bcp': True}
2020-08-10 20:16:16,938 : INFO : EventManager : Event: ======'slide_press_start_created'====== Args={'_from_bcp': True}
2020-08-10 20:16:16,939 : INFO : EventManager : Event: ======'slide_press_start_active'====== Args={'_from_bcp': True}
2020-08-10 20:16:19,933 : INFO : EventManager : Event: ======'slide_mission_pinball_removed'====== Args={'_from_bcp': True}
2020-08-10 20:16:19,933 : INFO : EventManager : Event: ======'slide_mission_pinball_created'====== Args={'_from_bcp': True}
2020-08-10 20:16:19,935 : INFO : EventManager : Event: ======'slide_mission_pinball_active'====== Args={'_from_bcp': True}
2020-08-10 20:16:25,913 : INFO : EventManager : Event: ======'slide_GameCard_removed'====== Args={'_from_bcp': True}
2020-08-10 20:16:25,917 : INFO : EventManager : Event: ======'slide_GameCard_created'====== Args={'_from_bcp': True}
2020-08-10 20:16:25,919 : INFO : EventManager : Event: ======'slide_GameCard_active'====== Args={'_from_bcp': True}
2020-08-10 20:16:28,935 : INFO : EventManager : Event: ======'slide_HowTo_removed'====== Args={'_from_bcp': True}
2020-08-10 20:16:28,960 : INFO : EventManager : Event: ======'slide_HowTo_created'====== Args={'_from_bcp': True}
2020-08-10 20:16:28,968 : INFO : EventManager : Event: ======'slide_HowTo_active'====== Args={'_from_bcp': True}
2020-08-10 20:16:36,931 : INFO : EventManager : Event: ======'slide_last_game_score_slide1_removed'====== Args={'_from_bcp': True}
2020-08-10 20:16:36,951 : INFO : EventManager : Event: ======'slide_last_game_score_slide1_created'====== Args={'_from_bcp': True}
2020-08-10 20:16:36,960 : INFO : EventManager : Event: ======'slide_last_game_score_slide1_active'====== Args={'_from_bcp': True}
2020-08-10 20:16:44,916 : INFO : EventManager : Event: ======'slide_show_high_scores_removed'====== Args={'_from_bcp': True}
2020-08-10 20:16:44,932 : INFO : EventManager : Event: ======'slide_show_high_scores_created'====== Args={'_from_bcp': True}
2020-08-10 20:16:44,939 : INFO : EventManager : Event: ======'slide_show_high_scores_active'====== Args={'_from_bcp': True}
2020-08-10 20:16:45,924 : INFO : EventManager : Event: ======'slide_awesome_slide_removed'====== Args={'_from_bcp': True}
2020-08-10 20:16:45,928 : INFO : EventManager : Event: ======'slide_awesome_slide_created'====== Args={'_from_bcp': True}
2020-08-10 20:16:45,931 : INFO : EventManager : Event: ======'slide_awesome_slide_active'====== Args={'_from_bcp': True}
2020-08-10 20:16:48,916 : INFO : EventManager : Event: ======'slide_press_start_removed'====== Args={'_from_bcp': True}
2020-08-10 20:16:48,923 : INFO : EventManager : Event: ======'slide_press_start_created'====== Args={'_from_bcp': True}
2020-08-10 20:16:48,928 : INFO : EventManager : Event: ======'slide_press_start_active'====== Args={'_from_bcp': True}
2020-08-10 20:16:51,914 : INFO : EventManager : Event: ======'slide_mission_pinball_removed'====== Args={'_from_bcp': True}
2020-08-10 20:16:51,923 : INFO : EventManager : Event: ======'slide_mission_pinball_created'====== Args={'_from_bcp': True}
2020-08-10 20:16:51,927 : INFO : EventManager : Event: ======'slide_mission_pinball_active'====== Args={'_from_bcp': True}
2020-08-10 20:16:57,915 : INFO : EventManager : Event: ======'slide_GameCard_removed'====== Args={'_from_bcp': True}
2020-08-10 20:16:57,918 : INFO : EventManager : Event: ======'slide_GameCard_created'====== Args={'_from_bcp': True}
2020-08-10 20:16:57,920 : INFO : EventManager : Event: ======'slide_GameCard_active'====== Args={'_from_bcp': True}
2020-08-10 20:17:00,910 : INFO : EventManager : Event: ======'slide_HowTo_removed'====== Args={'_from_bcp': True}
2020-08-10 20:17:00,950 : INFO : EventManager : Event: ======'slide_HowTo_created'====== Args={'_from_bcp': True}
2020-08-10 20:17:00,951 : INFO : EventManager : Event: ======'slide_HowTo_active'====== Args={'_from_bcp': True}
2020-08-10 20:17:08,912 : INFO : EventManager : Event: ======'slide_last_game_score_slide1_removed'====== Args={'_from_bcp': True}
2020-08-10 20:17:08,996 : INFO : EventManager : Event: ======'slide_last_game_score_slide1_created'====== Args={'_from_bcp': True}
2020-08-10 20:17:09,006 : INFO : EventManager : Event: ======'slide_last_game_score_slide1_active'====== Args={'_from_bcp': True}
2020-08-10 20:17:16,924 : INFO : EventManager : Event: ======'slide_show_high_scores_removed'====== Args={'_from_bcp': True}
2020-08-10 20:17:16,941 : INFO : EventManager : Event: ======'slide_show_high_scores_created'====== Args={'_from_bcp': True}
2020-08-10 20:17:16,949 : INFO : EventManager : Event: ======'slide_show_high_scores_active'====== Args={'_from_bcp': True}
2020-08-10 20:17:17,910 : INFO : EventManager : Event: ======'slide_awesome_slide_removed'====== Args={'_from_bcp': True}
2020-08-10 20:17:17,914 : INFO : EventManager : Event: ======'slide_awesome_slide_created'====== Args={'_from_bcp': True}
2020-08-10 20:17:17,917 : INFO : EventManager : Event: ======'slide_awesome_slide_active'====== Args={'_from_bcp': True}
2020-08-10 20:17:20,907 : INFO : EventManager : Event: ======'slide_press_start_removed'====== Args={'_from_bcp': True}
2020-08-10 20:17:20,921 : INFO : EventManager : Event: ======'slide_press_start_created'====== Args={'_from_bcp': True}
2020-08-10 20:17:20,923 : INFO : EventManager : Event: ======'slide_press_start_active'====== Args={'_from_bcp': True}
2020-08-10 20:17:23,903 : INFO : EventManager : Event: ======'slide_mission_pinball_removed'====== Args={'_from_bcp': True}
2020-08-10 20:17:23,916 : INFO : EventManager : Event: ======'slide_mission_pinball_created'====== Args={'_from_bcp': True}
2020-08-10 20:17:23,916 : INFO : EventManager : Event: ======'slide_mission_pinball_active'====== Args={'_from_bcp': True}
2020-08-10 20:17:29,916 : INFO : EventManager : Event: ======'slide_GameCard_removed'====== Args={'_from_bcp': True}
2020-08-10 20:17:29,918 : INFO : EventManager : Event: ======'slide_GameCard_created'====== Args={'_from_bcp': True}
2020-08-10 20:17:29,919 : INFO : EventManager : Event: ======'slide_GameCard_active'====== Args={'_from_bcp': True}
2020-08-10 20:17:32,919 : INFO : EventManager : Event: ======'slide_HowTo_removed'====== Args={'_from_bcp': True}
2020-08-10 20:17:32,943 : INFO : EventManager : Event: ======'slide_HowTo_created'====== Args={'_from_bcp': True}
2020-08-10 20:17:32,952 : INFO : EventManager : Event: ======'slide_HowTo_active'====== Args={'_from_bcp': True}
2020-08-10 20:17:40,935 : INFO : EventManager : Event: ======'slide_last_game_score_slide1_removed'====== Args={'_from_bcp': True}
2020-08-10 20:17:40,940 : INFO : EventManager : Event: ======'slide_last_game_score_slide1_created'====== Args={'_from_bcp': True}
2020-08-10 20:17:40,948 : INFO : EventManager : Event: ======'slide_last_game_score_slide1_active'====== Args={'_from_bcp': True}
2020-08-10 20:17:48,927 : INFO : EventManager : Event: ======'slide_show_high_scores_removed'====== Args={'_from_bcp': True}
2020-08-10 20:17:48,945 : INFO : EventManager : Event: ======'slide_show_high_scores_created'====== Args={'_from_bcp': True}
2020-08-10 20:17:48,954 : INFO : EventManager : Event: ======'slide_show_high_scores_active'====== Args={'_from_bcp': True}
2020-08-10 20:17:49,912 : INFO : EventManager : Event: ======'slide_awesome_slide_removed'====== Args={'_from_bcp': True}
2020-08-10 20:17:49,915 : INFO : EventManager : Event: ======'slide_awesome_slide_created'====== Args={'_from_bcp': True}
2020-08-10 20:17:49,918 : INFO : EventManager : Event: ======'slide_awesome_slide_active'====== Args={'_from_bcp': True}
2020-08-10 20:17:52,913 : INFO : EventManager : Event: ======'slide_press_start_removed'====== Args={'_from_bcp': True}
2020-08-10 20:17:52,920 : INFO : EventManager : Event: ======'slide_press_start_created'====== Args={'_from_bcp': True}
2020-08-10 20:17:52,924 : INFO : EventManager : Event: ======'slide_press_start_active'====== Args={'_from_bcp': True}
2020-08-10 20:17:55,929 : INFO : EventManager : Event: ======'slide_mission_pinball_removed'====== Args={'_from_bcp': True}
2020-08-10 20:17:55,938 : INFO : EventManager : Event: ======'slide_mission_pinball_created'====== Args={'_from_bcp': True}
2020-08-10 20:17:55,942 : INFO : EventManager : Event: ======'slide_mission_pinball_active'====== Args={'_from_bcp': True}
2020-08-10 20:18:01,920 : INFO : EventManager : Event: ======'slide_GameCard_removed'====== Args={'_from_bcp': True}
2020-08-10 20:18:01,925 : INFO : EventManager : Event: ======'slide_GameCard_created'====== Args={'_from_bcp': True}
2020-08-10 20:18:01,927 : INFO : EventManager : Event: ======'slide_GameCard_active'====== Args={'_from_bcp': True}
2020-08-10 20:18:04,933 : INFO : EventManager : Event: ======'slide_HowTo_removed'====== Args={'_from_bcp': True}
2020-08-10 20:18:04,949 : INFO : EventManager : Event: ======'slide_HowTo_created'====== Args={'_from_bcp': True}
2020-08-10 20:18:04,956 : INFO : EventManager : Event: ======'slide_HowTo_active'====== Args={'_from_bcp': True}
2020-08-10 20:18:12,901 : INFO : EventManager : Event: ======'slide_last_game_score_slide1_removed'====== Args={'_from_bcp': True}
2020-08-10 20:18:12,919 : INFO : EventManager : Event: ======'slide_last_game_score_slide1_created'====== Args={'_from_bcp': True}
2020-08-10 20:18:12,927 : INFO : EventManager : Event: ======'slide_last_game_score_slide1_active'====== Args={'_from_bcp': True}
2020-08-10 20:18:20,916 : INFO : EventManager : Event: ======'slide_show_high_scores_removed'====== Args={'_from_bcp': True}
2020-08-10 20:18:20,932 : INFO : EventManager : Event: ======'slide_show_high_scores_created'====== Args={'_from_bcp': True}
2020-08-10 20:18:20,940 : INFO : EventManager : Event: ======'slide_show_high_scores_active'====== Args={'_from_bcp': True}
2020-08-10 20:18:21,922 : INFO : EventManager : Event: ======'slide_awesome_slide_removed'====== Args={'_from_bcp': True}
2020-08-10 20:18:21,926 : INFO : EventManager : Event: ======'slide_awesome_slide_created'====== Args={'_from_bcp': True}
2020-08-10 20:18:21,929 : INFO : EventManager : Event: ======'slide_awesome_slide_active'====== Args={'_from_bcp': True}
2020-08-10 20:18:24,917 : INFO : EventManager : Event: ======'slide_press_start_removed'====== Args={'_from_bcp': True}
2020-08-10 20:18:24,925 : INFO : EventManager : Event: ======'slide_press_start_created'====== Args={'_from_bcp': True}
2020-08-10 20:18:24,929 : INFO : EventManager : Event: ======'slide_press_start_active'====== Args={'_from_bcp': True}
2020-08-10 20:18:27,924 : INFO : EventManager : Event: ======'slide_mission_pinball_removed'====== Args={'_from_bcp': True}
2020-08-10 20:18:27,942 : INFO : EventManager : Event: ======'slide_mission_pinball_created'====== Args={'_from_bcp': True}
2020-08-10 20:18:27,943 : INFO : EventManager : Event: ======'slide_mission_pinball_active'====== Args={'_from_bcp': True}
2020-08-10 20:18:33,930 : INFO : EventManager : Event: ======'slide_GameCard_removed'====== Args={'_from_bcp': True}
2020-08-10 20:18:33,934 : INFO : EventManager : Event: ======'slide_GameCard_created'====== Args={'_from_bcp': True}
2020-08-10 20:18:33,936 : INFO : EventManager : Event: ======'slide_GameCard_active'====== Args={'_from_bcp': True}
2020-08-10 20:18:36,925 : INFO : EventManager : Event: ======'slide_HowTo_removed'====== Args={'_from_bcp': True}
2020-08-10 20:18:36,942 : INFO : EventManager : Event: ======'slide_HowTo_created'====== Args={'_from_bcp': True}
2020-08-10 20:18:36,947 : INFO : EventManager : Event: ======'slide_HowTo_active'====== Args={'_from_bcp': True}
2020-08-10 20:18:44,915 : INFO : EventManager : Event: ======'slide_last_game_score_slide1_removed'====== Args={'_from_bcp': True}
2020-08-10 20:18:44,932 : INFO : EventManager : Event: ======'slide_last_game_score_slide1_created'====== Args={'_from_bcp': True}
2020-08-10 20:18:44,939 : INFO : EventManager : Event: ======'slide_last_game_score_slide1_active'====== Args={'_from_bcp': True}
2020-08-10 20:18:52,919 : INFO : EventManager : Event: ======'slide_show_high_scores_removed'====== Args={'_from_bcp': True}
2020-08-10 20:18:52,938 : INFO : EventManager : Event: ======'slide_show_high_scores_created'====== Args={'_from_bcp': True}
2020-08-10 20:18:52,946 : INFO : EventManager : Event: ======'slide_show_high_scores_active'====== Args={'_from_bcp': True}
2020-08-10 20:18:53,920 : INFO : EventManager : Event: ======'slide_awesome_slide_removed'====== Args={'_from_bcp': True}
2020-08-10 20:18:53,924 : INFO : EventManager : Event: ======'slide_awesome_slide_created'====== Args={'_from_bcp': True}
2020-08-10 20:18:53,927 : INFO : EventManager : Event: ======'slide_awesome_slide_active'====== Args={'_from_bcp': True}
2020-08-10 20:18:56,926 : INFO : EventManager : Event: ======'slide_press_start_removed'====== Args={'_from_bcp': True}
2020-08-10 20:18:56,930 : INFO : EventManager : Event: ======'slide_press_start_created'====== Args={'_from_bcp': True}
2020-08-10 20:18:56,933 : INFO : EventManager : Event: ======'slide_press_start_active'====== Args={'_from_bcp': True}
2020-08-10 20:18:59,961 : INFO : EventManager : Event: ======'slide_mission_pinball_removed'====== Args={'_from_bcp': True}
2020-08-10 20:18:59,983 : INFO : EventManager : Event: ======'slide_mission_pinball_created'====== Args={'_from_bcp': True}
2020-08-10 20:18:59,988 : INFO : EventManager : Event: ======'slide_mission_pinball_active'====== Args={'_from_bcp': True}
2020-08-10 20:19:05,918 : INFO : EventManager : Event: ======'slide_GameCard_removed'====== Args={'_from_bcp': True}
2020-08-10 20:19:05,922 : INFO : EventManager : Event: ======'slide_GameCard_created'====== Args={'_from_bcp': True}
2020-08-10 20:19:05,924 : INFO : EventManager : Event: ======'slide_GameCard_active'====== Args={'_from_bcp': True}
2020-08-10 20:19:08,920 : INFO : EventManager : Event: ======'slide_HowTo_removed'====== Args={'_from_bcp': True}
2020-08-10 20:19:08,944 : INFO : EventManager : Event: ======'slide_HowTo_created'====== Args={'_from_bcp': True}
2020-08-10 20:19:08,953 : INFO : EventManager : Event: ======'slide_HowTo_active'====== Args={'_from_bcp': True}
2020-08-10 20:19:16,911 : INFO : EventManager : Event: ======'slide_last_game_score_slide1_removed'====== Args={'_from_bcp': True}
2020-08-10 20:19:16,931 : INFO : EventManager : Event: ======'slide_last_game_score_slide1_created'====== Args={'_from_bcp': True}
2020-08-10 20:19:16,940 : INFO : EventManager : Event: ======'slide_last_game_score_slide1_active'====== Args={'_from_bcp': True}
2020-08-10 20:19:24,917 : INFO : EventManager : Event: ======'slide_show_high_scores_removed'====== Args={'_from_bcp': True}
2020-08-10 20:19:24,930 : INFO : EventManager : Event: ======'slide_show_high_scores_created'====== Args={'_from_bcp': True}
2020-08-10 20:19:24,945 : INFO : EventManager : Event: ======'slide_show_high_scores_active'====== Args={'_from_bcp': True}
2020-08-10 20:19:25,932 : INFO : EventManager : Event: ======'slide_awesome_slide_removed'====== Args={'_from_bcp': True}
2020-08-10 20:19:25,937 : INFO : EventManager : Event: ======'slide_awesome_slide_created'====== Args={'_from_bcp': True}
2020-08-10 20:19:25,939 : INFO : EventManager : Event: ======'slide_awesome_slide_active'====== Args={'_from_bcp': True}
2020-08-10 20:19:28,925 : INFO : EventManager : Event: ======'slide_press_start_removed'====== Args={'_from_bcp': True}
2020-08-10 20:19:28,941 : INFO : EventManager : Event: ======'slide_press_start_created'====== Args={'_from_bcp': True}
2020-08-10 20:19:28,948 : INFO : EventManager : Event: ======'slide_press_start_active'====== Args={'_from_bcp': True}
2020-08-10 20:19:31,907 : INFO : EventManager : Event: ======'slide_mission_pinball_removed'====== Args={'_from_bcp': True}
2020-08-10 20:19:31,909 : INFO : EventManager : Event: ======'slide_mission_pinball_created'====== Args={'_from_bcp': True}
2020-08-10 20:19:31,911 : INFO : EventManager : Event: ======'slide_mission_pinball_active'====== Args={'_from_bcp': True}
2020-08-10 20:19:37,909 : INFO : EventManager : Event: ======'slide_GameCard_removed'====== Args={'_from_bcp': True}
2020-08-10 20:19:37,912 : INFO : EventManager : Event: ======'slide_GameCard_created'====== Args={'_from_bcp': True}
2020-08-10 20:19:37,916 : INFO : EventManager : Event: ======'slide_GameCard_active'====== Args={'_from_bcp': True}
2020-08-10 20:19:40,924 : INFO : EventManager : Event: ======'slide_HowTo_removed'====== Args={'_from_bcp': True}
2020-08-10 20:19:40,953 : INFO : EventManager : Event: ======'slide_HowTo_created'====== Args={'_from_bcp': True}
2020-08-10 20:19:40,953 : INFO : EventManager : Event: ======'slide_HowTo_active'====== Args={'_from_bcp': True}
2020-08-10 20:19:48,916 : INFO : EventManager : Event: ======'slide_last_game_score_slide1_removed'====== Args={'_from_bcp': True}
2020-08-10 20:19:48,930 : INFO : EventManager : Event: ======'slide_last_game_score_slide1_created'====== Args={'_from_bcp': True}
2020-08-10 20:19:48,937 : INFO : EventManager : Event: ======'slide_last_game_score_slide1_active'====== Args={'_from_bcp': True}
2020-08-10 20:19:56,915 : INFO : EventManager : Event: ======'slide_show_high_scores_removed'====== Args={'_from_bcp': True}
2020-08-10 20:19:56,930 : INFO : EventManager : Event: ======'slide_show_high_scores_created'====== Args={'_from_bcp': True}
2020-08-10 20:19:56,938 : INFO : EventManager : Event: ======'slide_show_high_scores_active'====== Args={'_from_bcp': True}
2020-08-10 20:19:57,925 : INFO : EventManager : Event: ======'slide_awesome_slide_removed'====== Args={'_from_bcp': True}
2020-08-10 20:19:57,926 : INFO : EventManager : Event: ======'slide_awesome_slide_created'====== Args={'_from_bcp': True}
2020-08-10 20:19:57,927 : INFO : EventManager : Event: ======'slide_awesome_slide_active'====== Args={'_from_bcp': True}
2020-08-10 20:20:00,922 : INFO : EventManager : Event: ======'slide_press_start_removed'====== Args={'_from_bcp': True}
2020-08-10 20:20:00,925 : INFO : EventManager : Event: ======'slide_press_start_created'====== Args={'_from_bcp': True}
2020-08-10 20:20:00,929 : INFO : EventManager : Event: ======'slide_press_start_active'====== Args={'_from_bcp': True}
2020-08-10 20:20:03,928 : INFO : EventManager : Event: ======'slide_mission_pinball_removed'====== Args={'_from_bcp': True}
2020-08-10 20:20:03,937 : INFO : EventManager : Event: ======'slide_mission_pinball_created'====== Args={'_from_bcp': True}
2020-08-10 20:20:03,942 : INFO : EventManager : Event: ======'slide_mission_pinball_active'====== Args={'_from_bcp': True}
2020-08-10 20:20:09,918 : INFO : EventManager : Event: ======'slide_GameCard_removed'====== Args={'_from_bcp': True}
2020-08-10 20:20:09,922 : INFO : EventManager : Event: ======'slide_GameCard_created'====== Args={'_from_bcp': True}
2020-08-10 20:20:09,924 : INFO : EventManager : Event: ======'slide_GameCard_active'====== Args={'_from_bcp': True}
2020-08-10 20:20:12,935 : INFO : EventManager : Event: ======'slide_HowTo_removed'====== Args={'_from_bcp': True}
2020-08-10 20:20:12,959 : INFO : EventManager : Event: ======'slide_HowTo_created'====== Args={'_from_bcp': True}
2020-08-10 20:20:12,968 : INFO : EventManager : Event: ======'slide_HowTo_active'====== Args={'_from_bcp': True}
2020-08-10 20:20:20,916 : INFO : EventManager : Event: ======'slide_last_game_score_slide1_removed'====== Args={'_from_bcp': True}
2020-08-10 20:20:20,934 : INFO : EventManager : Event: ======'slide_last_game_score_slide1_created'====== Args={'_from_bcp': True}
2020-08-10 20:20:20,952 : INFO : EventManager : Event: ======'slide_last_game_score_slide1_active'====== Args={'_from_bcp': True}
2020-08-10 20:20:28,925 : INFO : EventManager : Event: ======'slide_show_high_scores_removed'====== Args={'_from_bcp': True}
2020-08-10 20:20:28,940 : INFO : EventManager : Event: ======'slide_show_high_scores_created'====== Args={'_from_bcp': True}
2020-08-10 20:20:28,948 : INFO : EventManager : Event: ======'slide_show_high_scores_active'====== Args={'_from_bcp': True}
2020-08-10 20:20:29,917 : INFO : EventManager : Event: ======'slide_awesome_slide_removed'====== Args={'_from_bcp': True}
2020-08-10 20:20:29,921 : INFO : EventManager : Event: ======'slide_awesome_slide_created'====== Args={'_from_bcp': True}
2020-08-10 20:20:29,924 : INFO : EventManager : Event: ======'slide_awesome_slide_active'====== Args={'_from_bcp': True}
2020-08-10 20:20:32,918 : INFO : EventManager : Event: ======'slide_press_start_removed'====== Args={'_from_bcp': True}
2020-08-10 20:20:32,931 : INFO : EventManager : Event: ======'slide_press_start_created'====== Args={'_from_bcp': True}
2020-08-10 20:20:32,932 : INFO : EventManager : Event: ======'slide_press_start_active'====== Args={'_from_bcp': True}
2020-08-10 20:20:35,933 : INFO : EventManager : Event: ======'slide_mission_pinball_removed'====== Args={'_from_bcp': True}
2020-08-10 20:20:35,934 : INFO : EventManager : Event: ======'slide_mission_pinball_created'====== Args={'_from_bcp': True}
2020-08-10 20:20:35,938 : INFO : EventManager : Event: ======'slide_mission_pinball_active'====== Args={'_from_bcp': True}
2020-08-10 20:20:41,918 : INFO : EventManager : Event: ======'slide_GameCard_removed'====== Args={'_from_bcp': True}
2020-08-10 20:20:41,920 : INFO : EventManager : Event: ======'slide_GameCard_created'====== Args={'_from_bcp': True}
2020-08-10 20:20:41,922 : INFO : EventManager : Event: ======'slide_GameCard_active'====== Args={'_from_bcp': True}
2020-08-10 20:20:44,932 : INFO : EventManager : Event: ======'slide_HowTo_removed'====== Args={'_from_bcp': True}
2020-08-10 20:20:44,956 : INFO : EventManager : Event: ======'slide_HowTo_created'====== Args={'_from_bcp': True}
2020-08-10 20:20:44,962 : INFO : EventManager : Event: ======'slide_HowTo_active'====== Args={'_from_bcp': True}
2020-08-10 20:20:52,928 : INFO : EventManager : Event: ======'slide_last_game_score_slide1_removed'====== Args={'_from_bcp': True}
2020-08-10 20:20:53,014 : INFO : EventManager : Event: ======'slide_last_game_score_slide1_created'====== Args={'_from_bcp': True}
2020-08-10 20:20:53,022 : INFO : EventManager : Event: ======'slide_last_game_score_slide1_active'====== Args={'_from_bcp': True}
2020-08-10 20:21:00,928 : INFO : EventManager : Event: ======'slide_show_high_scores_removed'====== Args={'_from_bcp': True}
2020-08-10 20:21:00,945 : INFO : EventManager : Event: ======'slide_show_high_scores_created'====== Args={'_from_bcp': True}
2020-08-10 20:21:00,954 : INFO : EventManager : Event: ======'slide_show_high_scores_active'====== Args={'_from_bcp': True}
2020-08-10 20:21:01,926 : INFO : EventManager : Event: ======'slide_awesome_slide_removed'====== Args={'_from_bcp': True}
2020-08-10 20:21:01,930 : INFO : EventManager : Event: ======'slide_awesome_slide_created'====== Args={'_from_bcp': True}
2020-08-10 20:21:01,933 : INFO : EventManager : Event: ======'slide_awesome_slide_active'====== Args={'_from_bcp': True}
2020-08-10 20:21:04,911 : INFO : EventManager : Event: ======'slide_press_start_removed'====== Args={'_from_bcp': True}
2020-08-10 20:21:04,914 : INFO : EventManager : Event: ======'slide_press_start_created'====== Args={'_from_bcp': True}
2020-08-10 20:21:04,918 : INFO : EventManager : Event: ======'slide_press_start_active'====== Args={'_from_bcp': True}
2020-08-10 20:21:07,943 : INFO : EventManager : Event: ======'slide_mission_pinball_removed'====== Args={'_from_bcp': True}
2020-08-10 20:21:07,944 : INFO : EventManager : Event: ======'slide_mission_pinball_created'====== Args={'_from_bcp': True}
2020-08-10 20:21:07,944 : INFO : EventManager : Event: ======'slide_mission_pinball_active'====== Args={'_from_bcp': True}
2020-08-10 20:21:13,931 : INFO : EventManager : Event: ======'slide_GameCard_removed'====== Args={'_from_bcp': True}
2020-08-10 20:21:13,936 : INFO : EventManager : Event: ======'slide_GameCard_created'====== Args={'_from_bcp': True}
2020-08-10 20:21:13,937 : INFO : EventManager : Event: ======'slide_GameCard_active'====== Args={'_from_bcp': True}
2020-08-10 20:21:16,926 : INFO : EventManager : Event: ======'slide_HowTo_removed'====== Args={'_from_bcp': True}
2020-08-10 20:21:16,950 : INFO : EventManager : Event: ======'slide_HowTo_created'====== Args={'_from_bcp': True}
2020-08-10 20:21:16,960 : INFO : EventManager : Event: ======'slide_HowTo_active'====== Args={'_from_bcp': True}
2020-08-10 20:21:24,916 : INFO : EventManager : Event: ======'slide_last_game_score_slide1_removed'====== Args={'_from_bcp': True}
2020-08-10 20:21:24,941 : INFO : EventManager : Event: ======'slide_last_game_score_slide1_created'====== Args={'_from_bcp': True}
2020-08-10 20:21:24,941 : INFO : EventManager : Event: ======'slide_last_game_score_slide1_active'====== Args={'_from_bcp': True}
2020-08-10 20:21:32,927 : INFO : EventManager : Event: ======'slide_show_high_scores_removed'====== Args={'_from_bcp': True}
2020-08-10 20:21:32,944 : INFO : EventManager : Event: ======'slide_show_high_scores_created'====== Args={'_from_bcp': True}
2020-08-10 20:21:32,955 : INFO : EventManager : Event: ======'slide_show_high_scores_active'====== Args={'_from_bcp': True}
2020-08-10 20:21:33,918 : INFO : EventManager : Event: ======'slide_awesome_slide_removed'====== Args={'_from_bcp': True}
2020-08-10 20:21:33,924 : INFO : EventManager : Event: ======'slide_awesome_slide_created'====== Args={'_from_bcp': True}
2020-08-10 20:21:33,927 : INFO : EventManager : Event: ======'slide_awesome_slide_active'====== Args={'_from_bcp': True}
2020-08-10 20:21:36,913 : INFO : EventManager : Event: ======'slide_press_start_removed'====== Args={'_from_bcp': True}
2020-08-10 20:21:36,928 : INFO : EventManager : Event: ======'slide_press_start_created'====== Args={'_from_bcp': True}
2020-08-10 20:21:36,929 : INFO : EventManager : Event: ======'slide_press_start_active'====== Args={'_from_bcp': True}
2020-08-10 20:21:39,918 : INFO : EventManager : Event: ======'slide_mission_pinball_removed'====== Args={'_from_bcp': True}
2020-08-10 20:21:39,924 : INFO : EventManager : Event: ======'slide_mission_pinball_created'====== Args={'_from_bcp': True}
2020-08-10 20:21:39,927 : INFO : EventManager : Event: ======'slide_mission_pinball_active'====== Args={'_from_bcp': True}
2020-08-10 20:21:45,908 : INFO : EventManager : Event: ======'slide_GameCard_removed'====== Args={'_from_bcp': True}
2020-08-10 20:21:45,912 : INFO : EventManager : Event: ======'slide_GameCard_created'====== Args={'_from_bcp': True}
2020-08-10 20:21:45,914 : INFO : EventManager : Event: ======'slide_GameCard_active'====== Args={'_from_bcp': True}
2020-08-10 20:21:48,911 : INFO : EventManager : Event: ======'slide_HowTo_removed'====== Args={'_from_bcp': True}
2020-08-10 20:21:48,941 : INFO : EventManager : Event: ======'slide_HowTo_created'====== Args={'_from_bcp': True}
2020-08-10 20:21:48,942 : INFO : EventManager : Event: ======'slide_HowTo_active'====== Args={'_from_bcp': True}
2020-08-10 20:21:56,929 : INFO : EventManager : Event: ======'slide_last_game_score_slide1_removed'====== Args={'_from_bcp': True}
2020-08-10 20:21:56,935 : INFO : EventManager : Event: ======'slide_last_game_score_slide1_created'====== Args={'_from_bcp': True}
2020-08-10 20:21:56,943 : INFO : EventManager : Event: ======'slide_last_game_score_slide1_active'====== Args={'_from_bcp': True}
2020-08-10 20:22:04,928 : INFO : EventManager : Event: ======'slide_show_high_scores_removed'====== Args={'_from_bcp': True}
2020-08-10 20:22:04,943 : INFO : EventManager : Event: ======'slide_show_high_scores_created'====== Args={'_from_bcp': True}
2020-08-10 20:22:04,953 : INFO : EventManager : Event: ======'slide_show_high_scores_active'====== Args={'_from_bcp': True}
2020-08-10 20:22:05,907 : INFO : EventManager : Event: ======'slide_awesome_slide_removed'====== Args={'_from_bcp': True}
2020-08-10 20:22:05,911 : INFO : EventManager : Event: ======'slide_awesome_slide_created'====== Args={'_from_bcp': True}
2020-08-10 20:22:05,914 : INFO : EventManager : Event: ======'slide_awesome_slide_active'====== Args={'_from_bcp': True}
2020-08-10 20:22:08,917 : INFO : EventManager : Event: ======'slide_press_start_removed'====== Args={'_from_bcp': True}
2020-08-10 20:22:08,920 : INFO : EventManager : Event: ======'slide_press_start_created'====== Args={'_from_bcp': True}
2020-08-10 20:22:08,927 : INFO : EventManager : Event: ======'slide_press_start_active'====== Args={'_from_bcp': True}
2020-08-10 20:22:11,936 : INFO : EventManager : Event: ======'slide_mission_pinball_removed'====== Args={'_from_bcp': True}
2020-08-10 20:22:11,937 : INFO : EventManager : Event: ======'slide_mission_pinball_created'====== Args={'_from_bcp': True}
2020-08-10 20:22:11,938 : INFO : EventManager : Event: ======'slide_mission_pinball_active'====== Args={'_from_bcp': True}
2020-08-10 20:22:17,917 : INFO : EventManager : Event: ======'slide_GameCard_removed'====== Args={'_from_bcp': True}
2020-08-10 20:22:17,920 : INFO : EventManager : Event: ======'slide_GameCard_created'====== Args={'_from_bcp': True}
2020-08-10 20:22:17,921 : INFO : EventManager : Event: ======'slide_GameCard_active'====== Args={'_from_bcp': True}
2020-08-10 20:22:20,926 : INFO : EventManager : Event: ======'slide_HowTo_removed'====== Args={'_from_bcp': True}
2020-08-10 20:22:20,950 : INFO : EventManager : Event: ======'slide_HowTo_created'====== Args={'_from_bcp': True}
2020-08-10 20:22:20,959 : INFO : EventManager : Event: ======'slide_HowTo_active'====== Args={'_from_bcp': True}
2020-08-10 20:22:28,915 : INFO : EventManager : Event: ======'slide_last_game_score_slide1_removed'====== Args={'_from_bcp': True}
2020-08-10 20:22:28,933 : INFO : EventManager : Event: ======'slide_last_game_score_slide1_created'====== Args={'_from_bcp': True}
2020-08-10 20:22:28,942 : INFO : EventManager : Event: ======'slide_last_game_score_slide1_active'====== Args={'_from_bcp': True}
2020-08-10 20:22:36,915 : INFO : EventManager : Event: ======'slide_show_high_scores_removed'====== Args={'_from_bcp': True}
2020-08-10 20:22:36,935 : INFO : EventManager : Event: ======'slide_show_high_scores_created'====== Args={'_from_bcp': True}
2020-08-10 20:22:36,946 : INFO : EventManager : Event: ======'slide_show_high_scores_active'====== Args={'_from_bcp': True}
2020-08-10 20:22:37,921 : INFO : EventManager : Event: ======'slide_awesome_slide_removed'====== Args={'_from_bcp': True}
2020-08-10 20:22:37,922 : INFO : EventManager : Event: ======'slide_awesome_slide_created'====== Args={'_from_bcp': True}
2020-08-10 20:22:37,925 : INFO : EventManager : Event: ======'slide_awesome_slide_active'====== Args={'_from_bcp': True}
2020-08-10 20:22:40,919 : INFO : EventManager : Event: ======'slide_press_start_removed'====== Args={'_from_bcp': True}
2020-08-10 20:22:40,926 : INFO : EventManager : Event: ======'slide_press_start_created'====== Args={'_from_bcp': True}
2020-08-10 20:22:40,930 : INFO : EventManager : Event: ======'slide_press_start_active'====== Args={'_from_bcp': True}
2020-08-10 20:22:43,921 : INFO : EventManager : Event: ======'slide_mission_pinball_removed'====== Args={'_from_bcp': True}
2020-08-10 20:22:43,929 : INFO : EventManager : Event: ======'slide_mission_pinball_created'====== Args={'_from_bcp': True}
2020-08-10 20:22:43,938 : INFO : EventManager : Event: ======'slide_mission_pinball_active'====== Args={'_from_bcp': True}
2020-08-10 20:22:49,923 : INFO : EventManager : Event: ======'slide_GameCard_removed'====== Args={'_from_bcp': True}
2020-08-10 20:22:49,927 : INFO : EventManager : Event: ======'slide_GameCard_created'====== Args={'_from_bcp': True}
2020-08-10 20:22:49,929 : INFO : EventManager : Event: ======'slide_GameCard_active'====== Args={'_from_bcp': True}
2020-08-10 20:22:52,970 : INFO : EventManager : Event: ======'slide_HowTo_removed'====== Args={'_from_bcp': True}
2020-08-10 20:22:53,007 : INFO : EventManager : Event: ======'slide_HowTo_created'====== Args={'_from_bcp': True}
2020-08-10 20:22:53,054 : INFO : EventManager : Event: ======'slide_HowTo_active'====== Args={'_from_bcp': True}
2020-08-10 20:23:00,924 : INFO : EventManager : Event: ======'slide_last_game_score_slide1_removed'====== Args={'_from_bcp': True}
2020-08-10 20:23:00,958 : INFO : EventManager : Event: ======'slide_last_game_score_slide1_created'====== Args={'_from_bcp': True}
2020-08-10 20:23:00,958 : INFO : EventManager : Event: ======'slide_last_game_score_slide1_active'====== Args={'_from_bcp': True}
2020-08-10 20:23:08,914 : INFO : EventManager : Event: ======'slide_show_high_scores_removed'====== Args={'_from_bcp': True}
2020-08-10 20:23:08,930 : INFO : EventManager : Event: ======'slide_show_high_scores_created'====== Args={'_from_bcp': True}
2020-08-10 20:23:08,939 : INFO : EventManager : Event: ======'slide_show_high_scores_active'====== Args={'_from_bcp': True}
2020-08-10 20:23:09,915 : INFO : EventManager : Event: ======'slide_awesome_slide_removed'====== Args={'_from_bcp': True}
2020-08-10 20:23:09,924 : INFO : EventManager : Event: ======'slide_awesome_slide_created'====== Args={'_from_bcp': True}
2020-08-10 20:23:09,924 : INFO : EventManager : Event: ======'slide_awesome_slide_active'====== Args={'_from_bcp': True}
2020-08-10 20:23:12,931 : INFO : EventManager : Event: ======'slide_press_start_removed'====== Args={'_from_bcp': True}
2020-08-10 20:23:12,931 : INFO : EventManager : Event: ======'slide_press_start_created'====== Args={'_from_bcp': True}
2020-08-10 20:23:12,932 : INFO : EventManager : Event: ======'slide_press_start_active'====== Args={'_from_bcp': True}
2020-08-10 20:23:15,926 : INFO : EventManager : Event: ======'slide_mission_pinball_removed'====== Args={'_from_bcp': True}
2020-08-10 20:23:15,927 : INFO : EventManager : Event: ======'slide_mission_pinball_created'====== Args={'_from_bcp': True}
2020-08-10 20:23:15,927 : INFO : EventManager : Event: ======'slide_mission_pinball_active'====== Args={'_from_bcp': True}
2020-08-10 20:23:21,916 : INFO : EventManager : Event: ======'slide_GameCard_removed'====== Args={'_from_bcp': True}
2020-08-10 20:23:21,916 : INFO : EventManager : Event: ======'slide_GameCard_created'====== Args={'_from_bcp': True}
2020-08-10 20:23:21,917 : INFO : EventManager : Event: ======'slide_GameCard_active'====== Args={'_from_bcp': True}
2020-08-10 20:23:24,912 : INFO : EventManager : Event: ======'slide_HowTo_removed'====== Args={'_from_bcp': True}
2020-08-10 20:23:24,935 : INFO : EventManager : Event: ======'slide_HowTo_created'====== Args={'_from_bcp': True}
2020-08-10 20:23:24,945 : INFO : EventManager : Event: ======'slide_HowTo_active'====== Args={'_from_bcp': True}
2020-08-10 20:23:32,919 : INFO : EventManager : Event: ======'slide_last_game_score_slide1_removed'====== Args={'_from_bcp': True}
2020-08-10 20:23:32,937 : INFO : EventManager : Event: ======'slide_last_game_score_slide1_created'====== Args={'_from_bcp': True}
2020-08-10 20:23:32,944 : INFO : EventManager : Event: ======'slide_last_game_score_slide1_active'====== Args={'_from_bcp': True}
2020-08-10 20:23:40,908 : INFO : EventManager : Event: ======'slide_show_high_scores_removed'====== Args={'_from_bcp': True}
2020-08-10 20:23:40,926 : INFO : EventManager : Event: ======'slide_show_high_scores_created'====== Args={'_from_bcp': True}
2020-08-10 20:23:40,940 : INFO : EventManager : Event: ======'slide_show_high_scores_active'====== Args={'_from_bcp': True}
2020-08-10 20:23:41,928 : INFO : EventManager : Event: ======'slide_awesome_slide_removed'====== Args={'_from_bcp': True}
2020-08-10 20:23:41,929 : INFO : EventManager : Event: ======'slide_awesome_slide_created'====== Args={'_from_bcp': True}
2020-08-10 20:23:41,934 : INFO : EventManager : Event: ======'slide_awesome_slide_active'====== Args={'_from_bcp': True}
2020-08-10 20:23:44,904 : INFO : EventManager : Event: ======'slide_press_start_removed'====== Args={'_from_bcp': True}
2020-08-10 20:23:44,912 : INFO : EventManager : Event: ======'slide_press_start_created'====== Args={'_from_bcp': True}
2020-08-10 20:23:44,916 : INFO : EventManager : Event: ======'slide_press_start_active'====== Args={'_from_bcp': True}
2020-08-10 20:23:47,919 : INFO : EventManager : Event: ======'slide_mission_pinball_removed'====== Args={'_from_bcp': True}
2020-08-10 20:23:47,936 : INFO : EventManager : Event: ======'slide_mission_pinball_created'====== Args={'_from_bcp': True}
2020-08-10 20:23:47,936 : INFO : EventManager : Event: ======'slide_mission_pinball_active'====== Args={'_from_bcp': True}
2020-08-10 20:23:53,929 : INFO : EventManager : Event: ======'slide_GameCard_removed'====== Args={'_from_bcp': True}
2020-08-10 20:23:53,930 : INFO : EventManager : Event: ======'slide_GameCard_created'====== Args={'_from_bcp': True}
2020-08-10 20:23:53,931 : INFO : EventManager : Event: ======'slide_GameCard_active'====== Args={'_from_bcp': True}
2020-08-10 20:23:56,917 : INFO : EventManager : Event: ======'slide_HowTo_removed'====== Args={'_from_bcp': True}
2020-08-10 20:23:56,941 : INFO : EventManager : Event: ======'slide_HowTo_created'====== Args={'_from_bcp': True}
2020-08-10 20:23:56,951 : INFO : EventManager : Event: ======'slide_HowTo_active'====== Args={'_from_bcp': True}
2020-08-10 20:24:04,905 : INFO : EventManager : Event: ======'slide_last_game_score_slide1_removed'====== Args={'_from_bcp': True}
2020-08-10 20:24:04,924 : INFO : EventManager : Event: ======'slide_last_game_score_slide1_created'====== Args={'_from_bcp': True}
2020-08-10 20:24:04,935 : INFO : EventManager : Event: ======'slide_last_game_score_slide1_active'====== Args={'_from_bcp': True}
2020-08-10 20:24:12,914 : INFO : EventManager : Event: ======'slide_show_high_scores_removed'====== Args={'_from_bcp': True}
2020-08-10 20:24:12,928 : INFO : EventManager : Event: ======'slide_show_high_scores_created'====== Args={'_from_bcp': True}
2020-08-10 20:24:12,936 : INFO : EventManager : Event: ======'slide_show_high_scores_active'====== Args={'_from_bcp': True}
2020-08-10 20:24:13,921 : INFO : EventManager : Event: ======'slide_awesome_slide_removed'====== Args={'_from_bcp': True}
2020-08-10 20:24:13,925 : INFO : EventManager : Event: ======'slide_awesome_slide_created'====== Args={'_from_bcp': True}
2020-08-10 20:24:13,928 : INFO : EventManager : Event: ======'slide_awesome_slide_active'====== Args={'_from_bcp': True}
2020-08-10 20:24:16,933 : INFO : EventManager : Event: ======'slide_press_start_removed'====== Args={'_from_bcp': True}
2020-08-10 20:24:16,944 : INFO : EventManager : Event: ======'slide_press_start_created'====== Args={'_from_bcp': True}
2020-08-10 20:24:16,944 : INFO : EventManager : Event: ======'slide_press_start_active'====== Args={'_from_bcp': True}
2020-08-10 20:24:19,916 : INFO : EventManager : Event: ======'slide_mission_pinball_removed'====== Args={'_from_bcp': True}
2020-08-10 20:24:19,920 : INFO : EventManager : Event: ======'slide_mission_pinball_created'====== Args={'_from_bcp': True}
2020-08-10 20:24:19,924 : INFO : EventManager : Event: ======'slide_mission_pinball_active'====== Args={'_from_bcp': True}
2020-08-10 20:24:25,934 : INFO : EventManager : Event: ======'slide_GameCard_removed'====== Args={'_from_bcp': True}
2020-08-10 20:24:25,935 : INFO : EventManager : Event: ======'slide_GameCard_created'====== Args={'_from_bcp': True}
2020-08-10 20:24:25,936 : INFO : EventManager : Event: ======'slide_GameCard_active'====== Args={'_from_bcp': True}
2020-08-10 20:24:28,923 : INFO : EventManager : Event: ======'slide_HowTo_removed'====== Args={'_from_bcp': True}
2020-08-10 20:24:28,944 : INFO : EventManager : Event: ======'slide_HowTo_created'====== Args={'_from_bcp': True}
2020-08-10 20:24:28,949 : INFO : EventManager : Event: ======'slide_HowTo_active'====== Args={'_from_bcp': True}
2020-08-10 20:24:36,925 : INFO : EventManager : Event: ======'slide_last_game_score_slide1_removed'====== Args={'_from_bcp': True}
2020-08-10 20:24:36,945 : INFO : EventManager : Event: ======'slide_last_game_score_slide1_created'====== Args={'_from_bcp': True}
2020-08-10 20:24:36,953 : INFO : EventManager : Event: ======'slide_last_game_score_slide1_active'====== Args={'_from_bcp': True}
2020-08-10 20:24:44,909 : INFO : EventManager : Event: ======'slide_show_high_scores_removed'====== Args={'_from_bcp': True}
2020-08-10 20:24:44,988 : INFO : EventManager : Event: ======'slide_show_high_scores_created'====== Args={'_from_bcp': True}
2020-08-10 20:24:45,000 : INFO : EventManager : Event: ======'slide_show_high_scores_active'====== Args={'_from_bcp': True}
2020-08-10 20:24:45,922 : INFO : EventManager : Event: ======'slide_awesome_slide_removed'====== Args={'_from_bcp': True}
2020-08-10 20:24:45,931 : INFO : EventManager : Event: ======'slide_awesome_slide_created'====== Args={'_from_bcp': True}
2020-08-10 20:24:45,932 : INFO : EventManager : Event: ======'slide_awesome_slide_active'====== Args={'_from_bcp': True}
2020-08-10 20:24:48,935 : INFO : EventManager : Event: ======'slide_press_start_removed'====== Args={'_from_bcp': True}
2020-08-10 20:24:48,937 : INFO : EventManager : Event: ======'slide_press_start_created'====== Args={'_from_bcp': True}
2020-08-10 20:24:48,938 : INFO : EventManager : Event: ======'slide_press_start_active'====== Args={'_from_bcp': True}
2020-08-10 20:24:51,932 : INFO : EventManager : Event: ======'slide_mission_pinball_removed'====== Args={'_from_bcp': True}
2020-08-10 20:24:51,934 : INFO : EventManager : Event: ======'slide_mission_pinball_created'====== Args={'_from_bcp': True}
2020-08-10 20:24:51,935 : INFO : EventManager : Event: ======'slide_mission_pinball_active'====== Args={'_from_bcp': True}
2020-08-10 20:24:57,920 : INFO : EventManager : Event: ======'slide_GameCard_removed'====== Args={'_from_bcp': True}
2020-08-10 20:24:57,924 : INFO : EventManager : Event: ======'slide_GameCard_created'====== Args={'_from_bcp': True}
2020-08-10 20:24:57,926 : INFO : EventManager : Event: ======'slide_GameCard_active'====== Args={'_from_bcp': True}
2020-08-10 20:25:00,916 : INFO : EventManager : Event: ======'slide_HowTo_removed'====== Args={'_from_bcp': True}
2020-08-10 20:25:00,941 : INFO : EventManager : Event: ======'slide_HowTo_created'====== Args={'_from_bcp': True}
2020-08-10 20:25:00,949 : INFO : EventManager : Event: ======'slide_HowTo_active'====== Args={'_from_bcp': True}
2020-08-10 20:25:08,918 : INFO : EventManager : Event: ======'slide_last_game_score_slide1_removed'====== Args={'_from_bcp': True}
2020-08-10 20:25:08,934 : INFO : EventManager : Event: ======'slide_last_game_score_slide1_created'====== Args={'_from_bcp': True}
2020-08-10 20:25:08,943 : INFO : EventManager : Event: ======'slide_last_game_score_slide1_active'====== Args={'_from_bcp': True}
2020-08-10 20:25:16,912 : INFO : EventManager : Event: ======'slide_show_high_scores_removed'====== Args={'_from_bcp': True}
2020-08-10 20:25:16,928 : INFO : EventManager : Event: ======'slide_show_high_scores_created'====== Args={'_from_bcp': True}
2020-08-10 20:25:16,939 : INFO : EventManager : Event: ======'slide_show_high_scores_active'====== Args={'_from_bcp': True}
2020-08-10 20:25:17,921 : INFO : EventManager : Event: ======'slide_awesome_slide_removed'====== Args={'_from_bcp': True}
2020-08-10 20:25:17,922 : INFO : EventManager : Event: ======'slide_awesome_slide_created'====== Args={'_from_bcp': True}
2020-08-10 20:25:17,924 : INFO : EventManager : Event: ======'slide_awesome_slide_active'====== Args={'_from_bcp': True}
2020-08-10 20:25:20,915 : INFO : EventManager : Event: ======'slide_press_start_removed'====== Args={'_from_bcp': True}
2020-08-10 20:25:20,922 : INFO : EventManager : Event: ======'slide_press_start_created'====== Args={'_from_bcp': True}
2020-08-10 20:25:20,926 : INFO : EventManager : Event: ======'slide_press_start_active'====== Args={'_from_bcp': True}
2020-08-10 20:25:23,910 : INFO : EventManager : Event: ======'slide_mission_pinball_removed'====== Args={'_from_bcp': True}
2020-08-10 20:25:23,919 : INFO : EventManager : Event: ======'slide_mission_pinball_created'====== Args={'_from_bcp': True}
2020-08-10 20:25:23,924 : INFO : EventManager : Event: ======'slide_mission_pinball_active'====== Args={'_from_bcp': True}
2020-08-10 20:25:29,918 : INFO : EventManager : Event: ======'slide_GameCard_removed'====== Args={'_from_bcp': True}
2020-08-10 20:25:29,922 : INFO : EventManager : Event: ======'slide_GameCard_created'====== Args={'_from_bcp': True}
2020-08-10 20:25:29,924 : INFO : EventManager : Event: ======'slide_GameCard_active'====== Args={'_from_bcp': True}
2020-08-10 20:25:32,921 : INFO : EventManager : Event: ======'slide_HowTo_removed'====== Args={'_from_bcp': True}
2020-08-10 20:25:32,940 : INFO : EventManager : Event: ======'slide_HowTo_created'====== Args={'_from_bcp': True}
2020-08-10 20:25:32,961 : INFO : EventManager : Event: ======'slide_HowTo_active'====== Args={'_from_bcp': True}
2020-08-10 20:25:40,907 : INFO : EventManager : Event: ======'slide_last_game_score_slide1_removed'====== Args={'_from_bcp': True}
2020-08-10 20:25:40,921 : INFO : EventManager : Event: ======'slide_last_game_score_slide1_created'====== Args={'_from_bcp': True}
2020-08-10 20:25:40,928 : INFO : EventManager : Event: ======'slide_last_game_score_slide1_active'====== Args={'_from_bcp': True}
2020-08-10 20:25:48,919 : INFO : EventManager : Event: ======'slide_show_high_scores_removed'====== Args={'_from_bcp': True}
2020-08-10 20:25:48,936 : INFO : EventManager : Event: ======'slide_show_high_scores_created'====== Args={'_from_bcp': True}
2020-08-10 20:25:48,948 : INFO : EventManager : Event: ======'slide_show_high_scores_active'====== Args={'_from_bcp': True}
2020-08-10 20:25:49,928 : INFO : EventManager : Event: ======'slide_awesome_slide_removed'====== Args={'_from_bcp': True}
2020-08-10 20:25:49,929 : INFO : EventManager : Event: ======'slide_awesome_slide_created'====== Args={'_from_bcp': True}
2020-08-10 20:25:49,929 : INFO : EventManager : Event: ======'slide_awesome_slide_active'====== Args={'_from_bcp': True}
2020-08-10 20:25:52,905 : INFO : EventManager : Event: ======'slide_press_start_removed'====== Args={'_from_bcp': True}
2020-08-10 20:25:52,929 : INFO : EventManager : Event: ======'slide_press_start_created'====== Args={'_from_bcp': True}
2020-08-10 20:25:52,930 : INFO : EventManager : Event: ======'slide_press_start_active'====== Args={'_from_bcp': True}
2020-08-10 20:25:55,924 : INFO : EventManager : Event: ======'slide_mission_pinball_removed'====== Args={'_from_bcp': True}
2020-08-10 20:25:55,927 : INFO : EventManager : Event: ======'slide_mission_pinball_created'====== Args={'_from_bcp': True}
2020-08-10 20:25:55,933 : INFO : EventManager : Event: ======'slide_mission_pinball_active'====== Args={'_from_bcp': True}
2020-08-10 20:26:01,924 : INFO : EventManager : Event: ======'slide_GameCard_removed'====== Args={'_from_bcp': True}
2020-08-10 20:26:01,928 : INFO : EventManager : Event: ======'slide_GameCard_created'====== Args={'_from_bcp': True}
2020-08-10 20:26:01,930 : INFO : EventManager : Event: ======'slide_GameCard_active'====== Args={'_from_bcp': True}
2020-08-10 20:26:04,916 : INFO : EventManager : Event: ======'slide_HowTo_removed'====== Args={'_from_bcp': True}
2020-08-10 20:26:04,960 : INFO : EventManager : Event: ======'slide_HowTo_created'====== Args={'_from_bcp': True}
2020-08-10 20:26:04,961 : INFO : EventManager : Event: ======'slide_HowTo_active'====== Args={'_from_bcp': True}
2020-08-10 20:26:12,917 : INFO : EventManager : Event: ======'slide_last_game_score_slide1_removed'====== Args={'_from_bcp': True}
2020-08-10 20:26:12,931 : INFO : EventManager : Event: ======'slide_last_game_score_slide1_created'====== Args={'_from_bcp': True}
2020-08-10 20:26:12,938 : INFO : EventManager : Event: ======'slide_last_game_score_slide1_active'====== Args={'_from_bcp': True}
2020-08-10 20:26:20,914 : INFO : EventManager : Event: ======'slide_show_high_scores_removed'====== Args={'_from_bcp': True}
2020-08-10 20:26:20,930 : INFO : EventManager : Event: ======'slide_show_high_scores_created'====== Args={'_from_bcp': True}
2020-08-10 20:26:20,943 : INFO : EventManager : Event: ======'slide_show_high_scores_active'====== Args={'_from_bcp': True}
2020-08-10 20:26:21,920 : INFO : EventManager : Event: ======'slide_awesome_slide_removed'====== Args={'_from_bcp': True}
2020-08-10 20:26:21,923 : INFO : EventManager : Event: ======'slide_awesome_slide_created'====== Args={'_from_bcp': True}
2020-08-10 20:26:21,925 : INFO : EventManager : Event: ======'slide_awesome_slide_active'====== Args={'_from_bcp': True}
2020-08-10 20:26:24,933 : INFO : EventManager : Event: ======'slide_press_start_removed'====== Args={'_from_bcp': True}
2020-08-10 20:26:24,934 : INFO : EventManager : Event: ======'slide_press_start_created'====== Args={'_from_bcp': True}
2020-08-10 20:26:24,938 : INFO : EventManager : Event: ======'slide_press_start_active'====== Args={'_from_bcp': True}
2020-08-10 20:26:27,911 : INFO : EventManager : Event: ======'slide_mission_pinball_removed'====== Args={'_from_bcp': True}
2020-08-10 20:26:27,927 : INFO : EventManager : Event: ======'slide_mission_pinball_created'====== Args={'_from_bcp': True}
2020-08-10 20:26:27,928 : INFO : EventManager : Event: ======'slide_mission_pinball_active'====== Args={'_from_bcp': True}
2020-08-10 20:26:33,923 : INFO : EventManager : Event: ======'slide_GameCard_removed'====== Args={'_from_bcp': True}
2020-08-10 20:26:33,927 : INFO : EventManager : Event: ======'slide_GameCard_created'====== Args={'_from_bcp': True}
2020-08-10 20:26:33,929 : INFO : EventManager : Event: ======'slide_GameCard_active'====== Args={'_from_bcp': True}
2020-08-10 20:26:36,920 : INFO : EventManager : Event: ======'slide_HowTo_removed'====== Args={'_from_bcp': True}
2020-08-10 20:26:37,008 : INFO : EventManager : Event: ======'slide_HowTo_created'====== Args={'_from_bcp': True}
2020-08-10 20:26:37,016 : INFO : EventManager : Event: ======'slide_HowTo_active'====== Args={'_from_bcp': True}
2020-08-10 20:26:44,920 : INFO : EventManager : Event: ======'slide_last_game_score_slide1_removed'====== Args={'_from_bcp': True}
2020-08-10 20:26:44,952 : INFO : EventManager : Event: ======'slide_last_game_score_slide1_created'====== Args={'_from_bcp': True}
2020-08-10 20:26:44,953 : INFO : EventManager : Event: ======'slide_last_game_score_slide1_active'====== Args={'_from_bcp': True}
2020-08-10 20:26:52,927 : INFO : EventManager : Event: ======'slide_show_high_scores_removed'====== Args={'_from_bcp': True}
2020-08-10 20:26:52,943 : INFO : EventManager : Event: ======'slide_show_high_scores_created'====== Args={'_from_bcp': True}
2020-08-10 20:26:52,955 : INFO : EventManager : Event: ======'slide_show_high_scores_active'====== Args={'_from_bcp': True}
2020-08-10 20:26:53,927 : INFO : EventManager : Event: ======'slide_awesome_slide_removed'====== Args={'_from_bcp': True}
2020-08-10 20:26:53,931 : INFO : EventManager : Event: ======'slide_awesome_slide_created'====== Args={'_from_bcp': True}
2020-08-10 20:26:53,934 : INFO : EventManager : Event: ======'slide_awesome_slide_active'====== Args={'_from_bcp': True}
2020-08-10 20:26:56,928 : INFO : EventManager : Event: ======'slide_press_start_removed'====== Args={'_from_bcp': True}
2020-08-10 20:26:56,942 : INFO : EventManager : Event: ======'slide_press_start_created'====== Args={'_from_bcp': True}
2020-08-10 20:26:56,943 : INFO : EventManager : Event: ======'slide_press_start_active'====== Args={'_from_bcp': True}
2020-08-10 20:26:59,918 : INFO : EventManager : Event: ======'slide_mission_pinball_removed'====== Args={'_from_bcp': True}
2020-08-10 20:26:59,926 : INFO : EventManager : Event: ======'slide_mission_pinball_created'====== Args={'_from_bcp': True}
2020-08-10 20:26:59,929 : INFO : EventManager : Event: ======'slide_mission_pinball_active'====== Args={'_from_bcp': True}
2020-08-10 20:27:05,911 : INFO : EventManager : Event: ======'slide_GameCard_removed'====== Args={'_from_bcp': True}
2020-08-10 20:27:05,915 : INFO : EventManager : Event: ======'slide_GameCard_created'====== Args={'_from_bcp': True}
2020-08-10 20:27:05,917 : INFO : EventManager : Event: ======'slide_GameCard_active'====== Args={'_from_bcp': True}
2020-08-10 20:27:08,909 : INFO : EventManager : Event: ======'slide_HowTo_removed'====== Args={'_from_bcp': True}
2020-08-10 20:27:08,931 : INFO : EventManager : Event: ======'slide_HowTo_created'====== Args={'_from_bcp': True}
2020-08-10 20:27:08,937 : INFO : EventManager : Event: ======'slide_HowTo_active'====== Args={'_from_bcp': True}
2020-08-10 20:27:16,910 : INFO : EventManager : Event: ======'slide_last_game_score_slide1_removed'====== Args={'_from_bcp': True}
2020-08-10 20:27:16,930 : INFO : EventManager : Event: ======'slide_last_game_score_slide1_created'====== Args={'_from_bcp': True}
2020-08-10 20:27:16,940 : INFO : EventManager : Event: ======'slide_last_game_score_slide1_active'====== Args={'_from_bcp': True}
2020-08-10 20:27:24,927 : INFO : EventManager : Event: ======'slide_show_high_scores_removed'====== Args={'_from_bcp': True}
2020-08-10 20:27:24,938 : INFO : EventManager : Event: ======'slide_show_high_scores_created'====== Args={'_from_bcp': True}
2020-08-10 20:27:24,950 : INFO : EventManager : Event: ======'slide_show_high_scores_active'====== Args={'_from_bcp': True}
2020-08-10 20:27:25,929 : INFO : EventManager : Event: ======'slide_awesome_slide_removed'====== Args={'_from_bcp': True}
2020-08-10 20:27:25,930 : INFO : EventManager : Event: ======'slide_awesome_slide_created'====== Args={'_from_bcp': True}
2020-08-10 20:27:25,930 : INFO : EventManager : Event: ======'slide_awesome_slide_active'====== Args={'_from_bcp': True}
2020-08-10 20:27:28,919 : INFO : EventManager : Event: ======'slide_press_start_removed'====== Args={'_from_bcp': True}
2020-08-10 20:27:28,926 : INFO : EventManager : Event: ======'slide_press_start_created'====== Args={'_from_bcp': True}
2020-08-10 20:27:28,931 : INFO : EventManager : Event: ======'slide_press_start_active'====== Args={'_from_bcp': True}
2020-08-10 20:27:31,926 : INFO : EventManager : Event: ======'slide_mission_pinball_removed'====== Args={'_from_bcp': True}
2020-08-10 20:27:31,934 : INFO : EventManager : Event: ======'slide_mission_pinball_created'====== Args={'_from_bcp': True}
2020-08-10 20:27:31,953 : INFO : EventManager : Event: ======'slide_mission_pinball_active'====== Args={'_from_bcp': True}
2020-08-10 20:27:37,907 : INFO : EventManager : Event: ======'slide_GameCard_removed'====== Args={'_from_bcp': True}
2020-08-10 20:27:37,911 : INFO : EventManager : Event: ======'slide_GameCard_created'====== Args={'_from_bcp': True}
2020-08-10 20:27:37,913 : INFO : EventManager : Event: ======'slide_GameCard_active'====== Args={'_from_bcp': True}
2020-08-10 20:27:40,914 : INFO : EventManager : Event: ======'slide_HowTo_removed'====== Args={'_from_bcp': True}
2020-08-10 20:27:40,938 : INFO : EventManager : Event: ======'slide_HowTo_created'====== Args={'_from_bcp': True}
2020-08-10 20:27:40,945 : INFO : EventManager : Event: ======'slide_HowTo_active'====== Args={'_from_bcp': True}
2020-08-10 20:27:48,918 : INFO : EventManager : Event: ======'slide_last_game_score_slide1_removed'====== Args={'_from_bcp': True}
2020-08-10 20:27:48,932 : INFO : EventManager : Event: ======'slide_last_game_score_slide1_created'====== Args={'_from_bcp': True}
2020-08-10 20:27:48,940 : INFO : EventManager : Event: ======'slide_last_game_score_slide1_active'====== Args={'_from_bcp': True}
2020-08-10 20:27:56,907 : INFO : EventManager : Event: ======'slide_show_high_scores_removed'====== Args={'_from_bcp': True}
2020-08-10 20:27:56,925 : INFO : EventManager : Event: ======'slide_show_high_scores_created'====== Args={'_from_bcp': True}
2020-08-10 20:27:56,933 : INFO : EventManager : Event: ======'slide_show_high_scores_active'====== Args={'_from_bcp': True}
2020-08-10 20:27:57,921 : INFO : EventManager : Event: ======'slide_awesome_slide_removed'====== Args={'_from_bcp': True}
2020-08-10 20:27:57,925 : INFO : EventManager : Event: ======'slide_awesome_slide_created'====== Args={'_from_bcp': True}
2020-08-10 20:27:57,931 : INFO : EventManager : Event: ======'slide_awesome_slide_active'====== Args={'_from_bcp': True}
2020-08-10 20:28:00,922 : INFO : EventManager : Event: ======'slide_press_start_removed'====== Args={'_from_bcp': True}
2020-08-10 20:28:00,931 : INFO : EventManager : Event: ======'slide_press_start_created'====== Args={'_from_bcp': True}
2020-08-10 20:28:00,932 : INFO : EventManager : Event: ======'slide_press_start_active'====== Args={'_from_bcp': True}
2020-08-10 20:28:03,916 : INFO : EventManager : Event: ======'slide_mission_pinball_removed'====== Args={'_from_bcp': True}
2020-08-10 20:28:03,932 : INFO : EventManager : Event: ======'slide_mission_pinball_created'====== Args={'_from_bcp': True}
2020-08-10 20:28:03,932 : INFO : EventManager : Event: ======'slide_mission_pinball_active'====== Args={'_from_bcp': True}
2020-08-10 20:28:09,918 : INFO : EventManager : Event: ======'slide_GameCard_removed'====== Args={'_from_bcp': True}
2020-08-10 20:28:09,922 : INFO : EventManager : Event: ======'slide_GameCard_created'====== Args={'_from_bcp': True}
2020-08-10 20:28:09,923 : INFO : EventManager : Event: ======'slide_GameCard_active'====== Args={'_from_bcp': True}
2020-08-10 20:28:12,915 : INFO : EventManager : Event: ======'slide_HowTo_removed'====== Args={'_from_bcp': True}
2020-08-10 20:28:12,940 : INFO : EventManager : Event: ======'slide_HowTo_created'====== Args={'_from_bcp': True}
2020-08-10 20:28:12,949 : INFO : EventManager : Event: ======'slide_HowTo_active'====== Args={'_from_bcp': True}
2020-08-10 20:28:20,946 : INFO : EventManager : Event: ======'slide_last_game_score_slide1_removed'====== Args={'_from_bcp': True}
2020-08-10 20:28:20,953 : INFO : EventManager : Event: ======'slide_last_game_score_slide1_created'====== Args={'_from_bcp': True}
2020-08-10 20:28:20,961 : INFO : EventManager : Event: ======'slide_last_game_score_slide1_active'====== Args={'_from_bcp': True}
2020-08-10 20:28:28,923 : INFO : EventManager : Event: ======'slide_show_high_scores_removed'====== Args={'_from_bcp': True}
2020-08-10 20:28:29,003 : INFO : EventManager : Event: ======'slide_show_high_scores_created'====== Args={'_from_bcp': True}
2020-08-10 20:28:29,013 : INFO : EventManager : Event: ======'slide_show_high_scores_active'====== Args={'_from_bcp': True}
2020-08-10 20:28:29,927 : INFO : EventManager : Event: ======'slide_awesome_slide_removed'====== Args={'_from_bcp': True}
2020-08-10 20:28:29,928 : INFO : EventManager : Event: ======'slide_awesome_slide_created'====== Args={'_from_bcp': True}
2020-08-10 20:28:29,929 : INFO : EventManager : Event: ======'slide_awesome_slide_active'====== Args={'_from_bcp': True}
2020-08-10 20:28:32,922 : INFO : EventManager : Event: ======'slide_press_start_removed'====== Args={'_from_bcp': True}
2020-08-10 20:28:32,928 : INFO : EventManager : Event: ======'slide_press_start_created'====== Args={'_from_bcp': True}
2020-08-10 20:28:32,931 : INFO : EventManager : Event: ======'slide_press_start_active'====== Args={'_from_bcp': True}
2020-08-10 20:28:35,916 : INFO : EventManager : Event: ======'slide_mission_pinball_removed'====== Args={'_from_bcp': True}
2020-08-10 20:28:35,918 : INFO : EventManager : Event: ======'slide_mission_pinball_created'====== Args={'_from_bcp': True}
2020-08-10 20:28:35,922 : INFO : EventManager : Event: ======'slide_mission_pinball_active'====== Args={'_from_bcp': True}
2020-08-10 20:28:41,930 : INFO : EventManager : Event: ======'slide_GameCard_removed'====== Args={'_from_bcp': True}
2020-08-10 20:28:41,931 : INFO : EventManager : Event: ======'slide_GameCard_created'====== Args={'_from_bcp': True}
2020-08-10 20:28:41,933 : INFO : EventManager : Event: ======'slide_GameCard_active'====== Args={'_from_bcp': True}
2020-08-10 20:28:44,936 : INFO : EventManager : Event: ======'slide_HowTo_removed'====== Args={'_from_bcp': True}
2020-08-10 20:28:44,951 : INFO : EventManager : Event: ======'slide_HowTo_created'====== Args={'_from_bcp': True}
2020-08-10 20:28:44,959 : INFO : EventManager : Event: ======'slide_HowTo_active'====== Args={'_from_bcp': True}
2020-08-10 20:28:52,914 : INFO : EventManager : Event: ======'slide_last_game_score_slide1_removed'====== Args={'_from_bcp': True}
2020-08-10 20:28:52,935 : INFO : EventManager : Event: ======'slide_last_game_score_slide1_created'====== Args={'_from_bcp': True}
2020-08-10 20:28:52,943 : INFO : EventManager : Event: ======'slide_last_game_score_slide1_active'====== Args={'_from_bcp': True}
2020-08-10 20:29:00,929 : INFO : EventManager : Event: ======'slide_show_high_scores_removed'====== Args={'_from_bcp': True}
2020-08-10 20:29:00,948 : INFO : EventManager : Event: ======'slide_show_high_scores_created'====== Args={'_from_bcp': True}
2020-08-10 20:29:00,956 : INFO : EventManager : Event: ======'slide_show_high_scores_active'====== Args={'_from_bcp': True}
2020-08-10 20:29:01,934 : INFO : EventManager : Event: ======'slide_awesome_slide_removed'====== Args={'_from_bcp': True}
2020-08-10 20:29:01,938 : INFO : EventManager : Event: ======'slide_awesome_slide_created'====== Args={'_from_bcp': True}
2020-08-10 20:29:01,940 : INFO : EventManager : Event: ======'slide_awesome_slide_active'====== Args={'_from_bcp': True}
2020-08-10 20:29:04,934 : INFO : EventManager : Event: ======'slide_press_start_removed'====== Args={'_from_bcp': True}
2020-08-10 20:29:04,935 : INFO : EventManager : Event: ======'slide_press_start_created'====== Args={'_from_bcp': True}
2020-08-10 20:29:04,935 : INFO : EventManager : Event: ======'slide_press_start_active'====== Args={'_from_bcp': True}
2020-08-10 20:29:07,926 : INFO : EventManager : Event: ======'slide_mission_pinball_removed'====== Args={'_from_bcp': True}
2020-08-10 20:29:07,927 : INFO : EventManager : Event: ======'slide_mission_pinball_created'====== Args={'_from_bcp': True}
2020-08-10 20:29:07,932 : INFO : EventManager : Event: ======'slide_mission_pinball_active'====== Args={'_from_bcp': True}
2020-08-10 20:29:13,915 : INFO : EventManager : Event: ======'slide_GameCard_removed'====== Args={'_from_bcp': True}
2020-08-10 20:29:13,919 : INFO : EventManager : Event: ======'slide_GameCard_created'====== Args={'_from_bcp': True}
2020-08-10 20:29:13,921 : INFO : EventManager : Event: ======'slide_GameCard_active'====== Args={'_from_bcp': True}
2020-08-10 20:29:16,916 : INFO : EventManager : Event: ======'slide_HowTo_removed'====== Args={'_from_bcp': True}
2020-08-10 20:29:16,939 : INFO : EventManager : Event: ======'slide_HowTo_created'====== Args={'_from_bcp': True}
2020-08-10 20:29:16,945 : INFO : EventManager : Event: ======'slide_HowTo_active'====== Args={'_from_bcp': True}
2020-08-10 20:29:24,916 : INFO : EventManager : Event: ======'slide_last_game_score_slide1_removed'====== Args={'_from_bcp': True}
2020-08-10 20:29:24,930 : INFO : EventManager : Event: ======'slide_last_game_score_slide1_created'====== Args={'_from_bcp': True}
2020-08-10 20:29:24,938 : INFO : EventManager : Event: ======'slide_last_game_score_slide1_active'====== Args={'_from_bcp': True}
2020-08-10 20:29:32,931 : INFO : EventManager : Event: ======'slide_show_high_scores_removed'====== Args={'_from_bcp': True}
2020-08-10 20:29:32,949 : INFO : EventManager : Event: ======'slide_show_high_scores_created'====== Args={'_from_bcp': True}
2020-08-10 20:29:32,960 : INFO : EventManager : Event: ======'slide_show_high_scores_active'====== Args={'_from_bcp': True}
2020-08-10 20:29:33,929 : INFO : EventManager : Event: ======'slide_awesome_slide_removed'====== Args={'_from_bcp': True}
2020-08-10 20:29:33,933 : INFO : EventManager : Event: ======'slide_awesome_slide_created'====== Args={'_from_bcp': True}
2020-08-10 20:29:33,936 : INFO : EventManager : Event: ======'slide_awesome_slide_active'====== Args={'_from_bcp': True}
2020-08-10 20:29:36,911 : INFO : EventManager : Event: ======'slide_press_start_removed'====== Args={'_from_bcp': True}
2020-08-10 20:29:36,918 : INFO : EventManager : Event: ======'slide_press_start_created'====== Args={'_from_bcp': True}
2020-08-10 20:29:36,923 : INFO : EventManager : Event: ======'slide_press_start_active'====== Args={'_from_bcp': True}
2020-08-10 20:29:39,942 : INFO : EventManager : Event: ======'slide_mission_pinball_removed'====== Args={'_from_bcp': True}
2020-08-10 20:29:39,945 : INFO : EventManager : Event: ======'slide_mission_pinball_created'====== Args={'_from_bcp': True}
2020-08-10 20:29:39,946 : INFO : EventManager : Event: ======'slide_mission_pinball_active'====== Args={'_from_bcp': True}
2020-08-10 20:29:45,925 : INFO : EventManager : Event: ======'slide_GameCard_removed'====== Args={'_from_bcp': True}
2020-08-10 20:29:45,929 : INFO : EventManager : Event: ======'slide_GameCard_created'====== Args={'_from_bcp': True}
2020-08-10 20:29:45,931 : INFO : EventManager : Event: ======'slide_GameCard_active'====== Args={'_from_bcp': True}
2020-08-10 20:29:48,931 : INFO : EventManager : Event: ======'slide_HowTo_removed'====== Args={'_from_bcp': True}
2020-08-10 20:29:48,953 : INFO : EventManager : Event: ======'slide_HowTo_created'====== Args={'_from_bcp': True}
2020-08-10 20:29:48,959 : INFO : EventManager : Event: ======'slide_HowTo_active'====== Args={'_from_bcp': True}
2020-08-10 20:29:56,909 : INFO : EventManager : Event: ======'slide_last_game_score_slide1_removed'====== Args={'_from_bcp': True}
2020-08-10 20:29:56,928 : INFO : EventManager : Event: ======'slide_last_game_score_slide1_created'====== Args={'_from_bcp': True}
2020-08-10 20:29:56,936 : INFO : EventManager : Event: ======'slide_last_game_score_slide1_active'====== Args={'_from_bcp': True}
2020-08-10 20:30:04,932 : INFO : EventManager : Event: ======'slide_show_high_scores_removed'====== Args={'_from_bcp': True}
2020-08-10 20:30:04,940 : INFO : EventManager : Event: ======'slide_show_high_scores_created'====== Args={'_from_bcp': True}
2020-08-10 20:30:04,949 : INFO : EventManager : Event: ======'slide_show_high_scores_active'====== Args={'_from_bcp': True}
2020-08-10 20:30:05,907 : INFO : EventManager : Event: ======'slide_awesome_slide_removed'====== Args={'_from_bcp': True}
2020-08-10 20:30:05,911 : INFO : EventManager : Event: ======'slide_awesome_slide_created'====== Args={'_from_bcp': True}
2020-08-10 20:30:05,913 : INFO : EventManager : Event: ======'slide_awesome_slide_active'====== Args={'_from_bcp': True}
2020-08-10 20:30:08,922 : INFO : EventManager : Event: ======'slide_press_start_removed'====== Args={'_from_bcp': True}
2020-08-10 20:30:08,929 : INFO : EventManager : Event: ======'slide_press_start_created'====== Args={'_from_bcp': True}
2020-08-10 20:30:08,933 : INFO : EventManager : Event: ======'slide_press_start_active'====== Args={'_from_bcp': True}
2020-08-10 20:30:11,917 : INFO : EventManager : Event: ======'slide_mission_pinball_removed'====== Args={'_from_bcp': True}
2020-08-10 20:30:11,926 : INFO : EventManager : Event: ======'slide_mission_pinball_created'====== Args={'_from_bcp': True}
2020-08-10 20:30:11,931 : INFO : EventManager : Event: ======'slide_mission_pinball_active'====== Args={'_from_bcp': True}
2020-08-10 20:30:17,907 : INFO : EventManager : Event: ======'slide_GameCard_removed'====== Args={'_from_bcp': True}
2020-08-10 20:30:17,911 : INFO : EventManager : Event: ======'slide_GameCard_created'====== Args={'_from_bcp': True}
2020-08-10 20:30:17,913 : INFO : EventManager : Event: ======'slide_GameCard_active'====== Args={'_from_bcp': True}
2020-08-10 20:30:20,915 : INFO : EventManager : Event: ======'slide_HowTo_removed'====== Args={'_from_bcp': True}
2020-08-10 20:30:20,998 : INFO : EventManager : Event: ======'slide_HowTo_created'====== Args={'_from_bcp': True}
2020-08-10 20:30:21,006 : INFO : EventManager : Event: ======'slide_HowTo_active'====== Args={'_from_bcp': True}
2020-08-10 20:30:28,917 : INFO : EventManager : Event: ======'slide_last_game_score_slide1_removed'====== Args={'_from_bcp': True}
2020-08-10 20:30:28,936 : INFO : EventManager : Event: ======'slide_last_game_score_slide1_created'====== Args={'_from_bcp': True}
2020-08-10 20:30:28,944 : INFO : EventManager : Event: ======'slide_last_game_score_slide1_active'====== Args={'_from_bcp': True}
2020-08-10 20:30:36,908 : INFO : EventManager : Event: ======'slide_show_high_scores_removed'====== Args={'_from_bcp': True}
2020-08-10 20:30:36,925 : INFO : EventManager : Event: ======'slide_show_high_scores_created'====== Args={'_from_bcp': True}
2020-08-10 20:30:36,941 : INFO : EventManager : Event: ======'slide_show_high_scores_active'====== Args={'_from_bcp': True}
2020-08-10 20:30:37,916 : INFO : EventManager : Event: ======'slide_awesome_slide_removed'====== Args={'_from_bcp': True}
2020-08-10 20:30:37,917 : INFO : EventManager : Event: ======'slide_awesome_slide_created'====== Args={'_from_bcp': True}
2020-08-10 20:30:37,920 : INFO : EventManager : Event: ======'slide_awesome_slide_active'====== Args={'_from_bcp': True}
2020-08-10 20:30:40,913 : INFO : EventManager : Event: ======'slide_press_start_removed'====== Args={'_from_bcp': True}
2020-08-10 20:30:40,927 : INFO : EventManager : Event: ======'slide_press_start_created'====== Args={'_from_bcp': True}
2020-08-10 20:30:40,929 : INFO : EventManager : Event: ======'slide_press_start_active'====== Args={'_from_bcp': True}
2020-08-10 20:30:43,908 : INFO : EventManager : Event: ======'slide_mission_pinball_removed'====== Args={'_from_bcp': True}
2020-08-10 20:30:43,929 : INFO : EventManager : Event: ======'slide_mission_pinball_created'====== Args={'_from_bcp': True}
2020-08-10 20:30:43,930 : INFO : EventManager : Event: ======'slide_mission_pinball_active'====== Args={'_from_bcp': True}
2020-08-10 20:30:49,930 : INFO : EventManager : Event: ======'slide_GameCard_removed'====== Args={'_from_bcp': True}
2020-08-10 20:30:49,944 : INFO : EventManager : Event: ======'slide_GameCard_created'====== Args={'_from_bcp': True}
2020-08-10 20:30:49,945 : INFO : EventManager : Event: ======'slide_GameCard_active'====== Args={'_from_bcp': True}
2020-08-10 20:30:52,908 : INFO : EventManager : Event: ======'slide_HowTo_removed'====== Args={'_from_bcp': True}
2020-08-10 20:30:52,931 : INFO : EventManager : Event: ======'slide_HowTo_created'====== Args={'_from_bcp': True}
2020-08-10 20:30:52,939 : INFO : EventManager : Event: ======'slide_HowTo_active'====== Args={'_from_bcp': True}
2020-08-10 20:31:00,925 : INFO : EventManager : Event: ======'slide_last_game_score_slide1_removed'====== Args={'_from_bcp': True}
2020-08-10 20:31:00,946 : INFO : EventManager : Event: ======'slide_last_game_score_slide1_created'====== Args={'_from_bcp': True}
2020-08-10 20:31:00,957 : INFO : EventManager : Event: ======'slide_last_game_score_slide1_active'====== Args={'_from_bcp': True}
2020-08-10 20:31:08,914 : INFO : EventManager : Event: ======'slide_show_high_scores_removed'====== Args={'_from_bcp': True}
2020-08-10 20:31:08,929 : INFO : EventManager : Event: ======'slide_show_high_scores_created'====== Args={'_from_bcp': True}
2020-08-10 20:31:08,938 : INFO : EventManager : Event: ======'slide_show_high_scores_active'====== Args={'_from_bcp': True}
2020-08-10 20:31:09,921 : INFO : EventManager : Event: ======'slide_awesome_slide_removed'====== Args={'_from_bcp': True}
2020-08-10 20:31:09,925 : INFO : EventManager : Event: ======'slide_awesome_slide_created'====== Args={'_from_bcp': True}
2020-08-10 20:31:09,928 : INFO : EventManager : Event: ======'slide_awesome_slide_active'====== Args={'_from_bcp': True}
2020-08-10 20:31:12,918 : INFO : EventManager : Event: ======'slide_press_start_removed'====== Args={'_from_bcp': True}
2020-08-10 20:31:12,927 : INFO : EventManager : Event: ======'slide_press_start_created'====== Args={'_from_bcp': True}
2020-08-10 20:31:12,931 : INFO : EventManager : Event: ======'slide_press_start_active'====== Args={'_from_bcp': True}
2020-08-10 20:31:15,916 : INFO : EventManager : Event: ======'slide_mission_pinball_removed'====== Args={'_from_bcp': True}
2020-08-10 20:31:15,921 : INFO : EventManager : Event: ======'slide_mission_pinball_created'====== Args={'_from_bcp': True}
2020-08-10 20:31:15,930 : INFO : EventManager : Event: ======'slide_mission_pinball_active'====== Args={'_from_bcp': True}
2020-08-10 20:31:21,918 : INFO : EventManager : Event: ======'slide_GameCard_removed'====== Args={'_from_bcp': True}
2020-08-10 20:31:21,922 : INFO : EventManager : Event: ======'slide_GameCard_created'====== Args={'_from_bcp': True}
2020-08-10 20:31:21,924 : INFO : EventManager : Event: ======'slide_GameCard_active'====== Args={'_from_bcp': True}
2020-08-10 20:31:24,908 : INFO : EventManager : Event: ======'slide_HowTo_removed'====== Args={'_from_bcp': True}
2020-08-10 20:31:24,933 : INFO : EventManager : Event: ======'slide_HowTo_created'====== Args={'_from_bcp': True}
2020-08-10 20:31:24,935 : INFO : EventManager : Event: ======'slide_HowTo_active'====== Args={'_from_bcp': True}
2020-08-10 20:31:32,914 : INFO : EventManager : Event: ======'slide_last_game_score_slide1_removed'====== Args={'_from_bcp': True}
2020-08-10 20:31:32,948 : INFO : EventManager : Event: ======'slide_last_game_score_slide1_created'====== Args={'_from_bcp': True}
2020-08-10 20:31:32,948 : INFO : EventManager : Event: ======'slide_last_game_score_slide1_active'====== Args={'_from_bcp': True}
2020-08-10 20:31:40,924 : INFO : EventManager : Event: ======'slide_show_high_scores_removed'====== Args={'_from_bcp': True}
2020-08-10 20:31:40,940 : INFO : EventManager : Event: ======'slide_show_high_scores_created'====== Args={'_from_bcp': True}
2020-08-10 20:31:40,949 : INFO : EventManager : Event: ======'slide_show_high_scores_active'====== Args={'_from_bcp': True}
2020-08-10 20:31:41,931 : INFO : EventManager : Event: ======'slide_awesome_slide_removed'====== Args={'_from_bcp': True}
2020-08-10 20:31:41,932 : INFO : EventManager : Event: ======'slide_awesome_slide_created'====== Args={'_from_bcp': True}
2020-08-10 20:31:41,933 : INFO : EventManager : Event: ======'slide_awesome_slide_active'====== Args={'_from_bcp': True}
2020-08-10 20:31:44,928 : INFO : EventManager : Event: ======'slide_press_start_removed'====== Args={'_from_bcp': True}
2020-08-10 20:31:44,929 : INFO : EventManager : Event: ======'slide_press_start_created'====== Args={'_from_bcp': True}
2020-08-10 20:31:44,929 : INFO : EventManager : Event: ======'slide_press_start_active'====== Args={'_from_bcp': True}
2020-08-10 20:31:47,924 : INFO : EventManager : Event: ======'slide_mission_pinball_removed'====== Args={'_from_bcp': True}
2020-08-10 20:31:47,933 : INFO : EventManager : Event: ======'slide_mission_pinball_created'====== Args={'_from_bcp': True}
2020-08-10 20:31:47,952 : INFO : EventManager : Event: ======'slide_mission_pinball_active'====== Args={'_from_bcp': True}
2020-08-10 20:31:53,905 : INFO : EventManager : Event: ======'slide_GameCard_removed'====== Args={'_from_bcp': True}
2020-08-10 20:31:53,909 : INFO : EventManager : Event: ======'slide_GameCard_created'====== Args={'_from_bcp': True}
2020-08-10 20:31:53,911 : INFO : EventManager : Event: ======'slide_GameCard_active'====== Args={'_from_bcp': True}
2020-08-10 20:31:56,926 : INFO : EventManager : Event: ======'slide_HowTo_removed'====== Args={'_from_bcp': True}
2020-08-10 20:31:56,951 : INFO : EventManager : Event: ======'slide_HowTo_created'====== Args={'_from_bcp': True}
2020-08-10 20:31:56,959 : INFO : EventManager : Event: ======'slide_HowTo_active'====== Args={'_from_bcp': True}
2020-08-10 20:32:04,916 : INFO : EventManager : Event: ======'slide_last_game_score_slide1_removed'====== Args={'_from_bcp': True}
2020-08-10 20:32:04,937 : INFO : EventManager : Event: ======'slide_last_game_score_slide1_created'====== Args={'_from_bcp': True}
2020-08-10 20:32:04,945 : INFO : EventManager : Event: ======'slide_last_game_score_slide1_active'====== Args={'_from_bcp': True}
2020-08-10 20:32:12,924 : INFO : EventManager : Event: ======'slide_show_high_scores_removed'====== Args={'_from_bcp': True}
2020-08-10 20:32:12,942 : INFO : EventManager : Event: ======'slide_show_high_scores_created'====== Args={'_from_bcp': True}
2020-08-10 20:32:12,952 : INFO : EventManager : Event: ======'slide_show_high_scores_active'====== Args={'_from_bcp': True}
2020-08-10 20:32:13,918 : INFO : EventManager : Event: ======'slide_awesome_slide_removed'====== Args={'_from_bcp': True}
2020-08-10 20:32:13,990 : INFO : EventManager : Event: ======'slide_awesome_slide_created'====== Args={'_from_bcp': True}
2020-08-10 20:32:13,995 : INFO : EventManager : Event: ======'slide_awesome_slide_active'====== Args={'_from_bcp': True}
2020-08-10 20:32:16,917 : INFO : EventManager : Event: ======'slide_press_start_removed'====== Args={'_from_bcp': True}
2020-08-10 20:32:16,922 : INFO : EventManager : Event: ======'slide_press_start_created'====== Args={'_from_bcp': True}
2020-08-10 20:32:16,926 : INFO : EventManager : Event: ======'slide_press_start_active'====== Args={'_from_bcp': True}
2020-08-10 20:32:19,936 : INFO : EventManager : Event: ======'slide_mission_pinball_removed'====== Args={'_from_bcp': True}
2020-08-10 20:32:19,937 : INFO : EventManager : Event: ======'slide_mission_pinball_created'====== Args={'_from_bcp': True}
2020-08-10 20:32:19,937 : INFO : EventManager : Event: ======'slide_mission_pinball_active'====== Args={'_from_bcp': True}
2020-08-10 20:32:25,923 : INFO : EventManager : Event: ======'slide_GameCard_removed'====== Args={'_from_bcp': True}
2020-08-10 20:32:25,927 : INFO : EventManager : Event: ======'slide_GameCard_created'====== Args={'_from_bcp': True}
2020-08-10 20:32:25,929 : INFO : EventManager : Event: ======'slide_GameCard_active'====== Args={'_from_bcp': True}
2020-08-10 20:32:28,923 : INFO : EventManager : Event: ======'slide_HowTo_removed'====== Args={'_from_bcp': True}
2020-08-10 20:32:28,944 : INFO : EventManager : Event: ======'slide_HowTo_created'====== Args={'_from_bcp': True}
2020-08-10 20:32:28,950 : INFO : EventManager : Event: ======'slide_HowTo_active'====== Args={'_from_bcp': True}
2020-08-10 20:32:36,930 : INFO : EventManager : Event: ======'slide_last_game_score_slide1_removed'====== Args={'_from_bcp': True}
2020-08-10 20:32:36,951 : INFO : EventManager : Event: ======'slide_last_game_score_slide1_created'====== Args={'_from_bcp': True}
2020-08-10 20:32:36,965 : INFO : EventManager : Event: ======'slide_last_game_score_slide1_active'====== Args={'_from_bcp': True}
2020-08-10 20:32:44,912 : INFO : EventManager : Event: ======'slide_show_high_scores_removed'====== Args={'_from_bcp': True}
2020-08-10 20:32:44,928 : INFO : EventManager : Event: ======'slide_show_high_scores_created'====== Args={'_from_bcp': True}
2020-08-10 20:32:44,936 : INFO : EventManager : Event: ======'slide_show_high_scores_active'====== Args={'_from_bcp': True}
2020-08-10 20:32:45,915 : INFO : EventManager : Event: ======'slide_awesome_slide_removed'====== Args={'_from_bcp': True}
2020-08-10 20:32:45,921 : INFO : EventManager : Event: ======'slide_awesome_slide_created'====== Args={'_from_bcp': True}
2020-08-10 20:32:45,924 : INFO : EventManager : Event: ======'slide_awesome_slide_active'====== Args={'_from_bcp': True}
2020-08-10 20:32:48,920 : INFO : EventManager : Event: ======'slide_press_start_removed'====== Args={'_from_bcp': True}
2020-08-10 20:32:48,927 : INFO : EventManager : Event: ======'slide_press_start_created'====== Args={'_from_bcp': True}
2020-08-10 20:32:48,934 : INFO : EventManager : Event: ======'slide_press_start_active'====== Args={'_from_bcp': True}
2020-08-10 20:32:51,909 : INFO : EventManager : Event: ======'slide_mission_pinball_removed'====== Args={'_from_bcp': True}
2020-08-10 20:32:51,918 : INFO : EventManager : Event: ======'slide_mission_pinball_created'====== Args={'_from_bcp': True}
2020-08-10 20:32:51,920 : INFO : EventManager : Event: ======'slide_mission_pinball_active'====== Args={'_from_bcp': True}
2020-08-10 20:32:57,933 : INFO : EventManager : Event: ======'slide_GameCard_removed'====== Args={'_from_bcp': True}
2020-08-10 20:32:57,934 : INFO : EventManager : Event: ======'slide_GameCard_created'====== Args={'_from_bcp': True}
2020-08-10 20:32:57,934 : INFO : EventManager : Event: ======'slide_GameCard_active'====== Args={'_from_bcp': True}
2020-08-10 20:33:00,926 : INFO : EventManager : Event: ======'slide_HowTo_removed'====== Args={'_from_bcp': True}
2020-08-10 20:33:00,962 : INFO : EventManager : Event: ======'slide_HowTo_created'====== Args={'_from_bcp': True}
2020-08-10 20:33:00,963 : INFO : EventManager : Event: ======'slide_HowTo_active'====== Args={'_from_bcp': True}
2020-08-10 20:33:08,927 : INFO : EventManager : Event: ======'slide_last_game_score_slide1_removed'====== Args={'_from_bcp': True}
2020-08-10 20:33:08,971 : INFO : EventManager : Event: ======'slide_last_game_score_slide1_created'====== Args={'_from_bcp': True}
2020-08-10 20:33:08,972 : INFO : EventManager : Event: ======'slide_last_game_score_slide1_active'====== Args={'_from_bcp': True}
2020-08-10 20:33:16,927 : INFO : EventManager : Event: ======'slide_show_high_scores_removed'====== Args={'_from_bcp': True}
2020-08-10 20:33:16,942 : INFO : EventManager : Event: ======'slide_show_high_scores_created'====== Args={'_from_bcp': True}
2020-08-10 20:33:16,950 : INFO : EventManager : Event: ======'slide_show_high_scores_active'====== Args={'_from_bcp': True}
2020-08-10 20:33:17,912 : INFO : EventManager : Event: ======'slide_awesome_slide_removed'====== Args={'_from_bcp': True}
2020-08-10 20:33:17,916 : INFO : EventManager : Event: ======'slide_awesome_slide_created'====== Args={'_from_bcp': True}
2020-08-10 20:33:17,919 : INFO : EventManager : Event: ======'slide_awesome_slide_active'====== Args={'_from_bcp': True}
2020-08-10 20:33:20,927 : INFO : EventManager : Event: ======'slide_press_start_removed'====== Args={'_from_bcp': True}
2020-08-10 20:33:20,928 : INFO : EventManager : Event: ======'slide_press_start_created'====== Args={'_from_bcp': True}
2020-08-10 20:33:20,928 : INFO : EventManager : Event: ======'slide_press_start_active'====== Args={'_from_bcp': True}
2020-08-10 20:33:23,925 : INFO : EventManager : Event: ======'slide_mission_pinball_removed'====== Args={'_from_bcp': True}
2020-08-10 20:33:23,928 : INFO : EventManager : Event: ======'slide_mission_pinball_created'====== Args={'_from_bcp': True}
2020-08-10 20:33:23,930 : INFO : EventManager : Event: ======'slide_mission_pinball_active'====== Args={'_from_bcp': True}
2020-08-10 20:33:29,916 : INFO : EventManager : Event: ======'slide_GameCard_removed'====== Args={'_from_bcp': True}
2020-08-10 20:33:29,917 : INFO : EventManager : Event: ======'slide_GameCard_created'====== Args={'_from_bcp': True}
2020-08-10 20:33:29,919 : INFO : EventManager : Event: ======'slide_GameCard_active'====== Args={'_from_bcp': True}
2020-08-10 20:33:32,937 : INFO : EventManager : Event: ======'slide_HowTo_removed'====== Args={'_from_bcp': True}
2020-08-10 20:33:32,944 : INFO : EventManager : Event: ======'slide_HowTo_created'====== Args={'_from_bcp': True}
2020-08-10 20:33:32,949 : INFO : EventManager : Event: ======'slide_HowTo_active'====== Args={'_from_bcp': True}
2020-08-10 20:33:40,904 : INFO : EventManager : Event: ======'slide_last_game_score_slide1_removed'====== Args={'_from_bcp': True}
2020-08-10 20:33:40,918 : INFO : EventManager : Event: ======'slide_last_game_score_slide1_created'====== Args={'_from_bcp': True}
2020-08-10 20:33:40,926 : INFO : EventManager : Event: ======'slide_last_game_score_slide1_active'====== Args={'_from_bcp': True}
2020-08-10 20:33:48,926 : INFO : EventManager : Event: ======'slide_show_high_scores_removed'====== Args={'_from_bcp': True}
2020-08-10 20:33:48,942 : INFO : EventManager : Event: ======'slide_show_high_scores_created'====== Args={'_from_bcp': True}
2020-08-10 20:33:48,951 : INFO : EventManager : Event: ======'slide_show_high_scores_active'====== Args={'_from_bcp': True}
2020-08-10 20:33:49,916 : INFO : EventManager : Event: ======'slide_awesome_slide_removed'====== Args={'_from_bcp': True}
2020-08-10 20:33:49,920 : INFO : EventManager : Event: ======'slide_awesome_slide_created'====== Args={'_from_bcp': True}
2020-08-10 20:33:49,922 : INFO : EventManager : Event: ======'slide_awesome_slide_active'====== Args={'_from_bcp': True}
2020-08-10 20:33:52,911 : INFO : EventManager : Event: ======'slide_press_start_removed'====== Args={'_from_bcp': True}
2020-08-10 20:33:52,918 : INFO : EventManager : Event: ======'slide_press_start_created'====== Args={'_from_bcp': True}
2020-08-10 20:33:52,923 : INFO : EventManager : Event: ======'slide_press_start_active'====== Args={'_from_bcp': True}
2020-08-10 20:33:55,910 : INFO : EventManager : Event: ======'slide_mission_pinball_removed'====== Args={'_from_bcp': True}
2020-08-10 20:33:55,913 : INFO : EventManager : Event: ======'slide_mission_pinball_created'====== Args={'_from_bcp': True}
2020-08-10 20:33:55,935 : INFO : EventManager : Event: ======'slide_mission_pinball_active'====== Args={'_from_bcp': True}
2020-08-10 20:34:01,921 : INFO : EventManager : Event: ======'slide_GameCard_removed'====== Args={'_from_bcp': True}
2020-08-10 20:34:01,925 : INFO : EventManager : Event: ======'slide_GameCard_created'====== Args={'_from_bcp': True}
2020-08-10 20:34:01,927 : INFO : EventManager : Event: ======'slide_GameCard_active'====== Args={'_from_bcp': True}
2020-08-10 20:34:04,933 : INFO : EventManager : Event: ======'slide_HowTo_removed'====== Args={'_from_bcp': True}
2020-08-10 20:34:04,958 : INFO : EventManager : Event: ======'slide_HowTo_created'====== Args={'_from_bcp': True}
2020-08-10 20:34:04,967 : INFO : EventManager : Event: ======'slide_HowTo_active'====== Args={'_from_bcp': True}
2020-08-10 20:34:12,912 : INFO : EventManager : Event: ======'slide_last_game_score_slide1_removed'====== Args={'_from_bcp': True}
2020-08-10 20:34:13,000 : INFO : EventManager : Event: ======'slide_last_game_score_slide1_created'====== Args={'_from_bcp': True}
2020-08-10 20:34:13,032 : INFO : EventManager : Event: ======'slide_last_game_score_slide1_active'====== Args={'_from_bcp': True}
2020-08-10 20:34:20,915 : INFO : EventManager : Event: ======'slide_show_high_scores_removed'====== Args={'_from_bcp': True}
2020-08-10 20:34:20,931 : INFO : EventManager : Event: ======'slide_show_high_scores_created'====== Args={'_from_bcp': True}
2020-08-10 20:34:20,939 : INFO : EventManager : Event: ======'slide_show_high_scores_active'====== Args={'_from_bcp': True}
2020-08-10 20:34:21,905 : INFO : EventManager : Event: ======'slide_awesome_slide_removed'====== Args={'_from_bcp': True}
2020-08-10 20:34:21,914 : INFO : EventManager : Event: ======'slide_awesome_slide_created'====== Args={'_from_bcp': True}
2020-08-10 20:34:21,915 : INFO : EventManager : Event: ======'slide_awesome_slide_active'====== Args={'_from_bcp': True}
2020-08-10 20:34:24,922 : INFO : EventManager : Event: ======'slide_press_start_removed'====== Args={'_from_bcp': True}
2020-08-10 20:34:24,929 : INFO : EventManager : Event: ======'slide_press_start_created'====== Args={'_from_bcp': True}
2020-08-10 20:34:24,934 : INFO : EventManager : Event: ======'slide_press_start_active'====== Args={'_from_bcp': True}
2020-08-10 20:34:27,915 : INFO : EventManager : Event: ======'slide_mission_pinball_removed'====== Args={'_from_bcp': True}
2020-08-10 20:34:27,921 : INFO : EventManager : Event: ======'slide_mission_pinball_created'====== Args={'_from_bcp': True}
2020-08-10 20:34:27,924 : INFO : EventManager : Event: ======'slide_mission_pinball_active'====== Args={'_from_bcp': True}
2020-08-10 20:34:33,919 : INFO : EventManager : Event: ======'slide_GameCard_removed'====== Args={'_from_bcp': True}
2020-08-10 20:34:33,923 : INFO : EventManager : Event: ======'slide_GameCard_created'====== Args={'_from_bcp': True}
2020-08-10 20:34:33,924 : INFO : EventManager : Event: ======'slide_GameCard_active'====== Args={'_from_bcp': True}
2020-08-10 20:34:36,935 : INFO : EventManager : Event: ======'slide_HowTo_removed'====== Args={'_from_bcp': True}
2020-08-10 20:34:36,950 : INFO : EventManager : Event: ======'slide_HowTo_created'====== Args={'_from_bcp': True}
2020-08-10 20:34:36,956 : INFO : EventManager : Event: ======'slide_HowTo_active'====== Args={'_from_bcp': True}
2020-08-10 20:34:44,925 : INFO : EventManager : Event: ======'slide_last_game_score_slide1_removed'====== Args={'_from_bcp': True}
2020-08-10 20:34:44,955 : INFO : EventManager : Event: ======'slide_last_game_score_slide1_created'====== Args={'_from_bcp': True}
2020-08-10 20:34:44,955 : INFO : EventManager : Event: ======'slide_last_game_score_slide1_active'====== Args={'_from_bcp': True}
2020-08-10 20:34:52,924 : INFO : EventManager : Event: ======'slide_show_high_scores_removed'====== Args={'_from_bcp': True}
2020-08-10 20:34:52,941 : INFO : EventManager : Event: ======'slide_show_high_scores_created'====== Args={'_from_bcp': True}
2020-08-10 20:34:52,949 : INFO : EventManager : Event: ======'slide_show_high_scores_active'====== Args={'_from_bcp': True}
2020-08-10 20:34:53,934 : INFO : EventManager : Event: ======'slide_awesome_slide_removed'====== Args={'_from_bcp': True}
2020-08-10 20:34:53,934 : INFO : EventManager : Event: ======'slide_awesome_slide_created'====== Args={'_from_bcp': True}
2020-08-10 20:34:53,935 : INFO : EventManager : Event: ======'slide_awesome_slide_active'====== Args={'_from_bcp': True}
2020-08-10 20:34:56,913 : INFO : EventManager : Event: ======'slide_press_start_removed'====== Args={'_from_bcp': True}
2020-08-10 20:34:56,925 : INFO : EventManager : Event: ======'slide_press_start_created'====== Args={'_from_bcp': True}
2020-08-10 20:34:56,925 : INFO : EventManager : Event: ======'slide_press_start_active'====== Args={'_from_bcp': True}
2020-08-10 20:34:59,907 : INFO : EventManager : Event: ======'slide_mission_pinball_removed'====== Args={'_from_bcp': True}
2020-08-10 20:34:59,927 : INFO : EventManager : Event: ======'slide_mission_pinball_created'====== Args={'_from_bcp': True}
2020-08-10 20:34:59,927 : INFO : EventManager : Event: ======'slide_mission_pinball_active'====== Args={'_from_bcp': True}
2020-08-10 20:35:05,927 : INFO : EventManager : Event: ======'slide_GameCard_removed'====== Args={'_from_bcp': True}
2020-08-10 20:35:05,930 : INFO : EventManager : Event: ======'slide_GameCard_created'====== Args={'_from_bcp': True}
2020-08-10 20:35:05,934 : INFO : EventManager : Event: ======'slide_GameCard_active'====== Args={'_from_bcp': True}
2020-08-10 20:35:08,909 : INFO : EventManager : Event: ======'slide_HowTo_removed'====== Args={'_from_bcp': True}
2020-08-10 20:35:08,931 : INFO : EventManager : Event: ======'slide_HowTo_created'====== Args={'_from_bcp': True}
2020-08-10 20:35:08,937 : INFO : EventManager : Event: ======'slide_HowTo_active'====== Args={'_from_bcp': True}
2020-08-10 20:35:16,934 : INFO : EventManager : Event: ======'slide_last_game_score_slide1_removed'====== Args={'_from_bcp': True}
2020-08-10 20:35:16,936 : INFO : EventManager : Event: ======'slide_last_game_score_slide1_created'====== Args={'_from_bcp': True}
2020-08-10 20:35:16,944 : INFO : EventManager : Event: ======'slide_last_game_score_slide1_active'====== Args={'_from_bcp': True}
2020-08-10 20:35:24,932 : INFO : EventManager : Event: ======'slide_show_high_scores_removed'====== Args={'_from_bcp': True}
2020-08-10 20:35:24,949 : INFO : EventManager : Event: ======'slide_show_high_scores_created'====== Args={'_from_bcp': True}
2020-08-10 20:35:24,958 : INFO : EventManager : Event: ======'slide_show_high_scores_active'====== Args={'_from_bcp': True}
2020-08-10 20:35:25,910 : INFO : EventManager : Event: ======'slide_awesome_slide_removed'====== Args={'_from_bcp': True}
2020-08-10 20:35:25,914 : INFO : EventManager : Event: ======'slide_awesome_slide_created'====== Args={'_from_bcp': True}
2020-08-10 20:35:25,917 : INFO : EventManager : Event: ======'slide_awesome_slide_active'====== Args={'_from_bcp': True}
2020-08-10 20:35:28,929 : INFO : EventManager : Event: ======'slide_press_start_removed'====== Args={'_from_bcp': True}
2020-08-10 20:35:28,936 : INFO : EventManager : Event: ======'slide_press_start_created'====== Args={'_from_bcp': True}
2020-08-10 20:35:28,939 : INFO : EventManager : Event: ======'slide_press_start_active'====== Args={'_from_bcp': True}
2020-08-10 20:35:31,939 : INFO : EventManager : Event: ======'slide_mission_pinball_removed'====== Args={'_from_bcp': True}
2020-08-10 20:35:31,940 : INFO : EventManager : Event: ======'slide_mission_pinball_created'====== Args={'_from_bcp': True}
2020-08-10 20:35:31,943 : INFO : EventManager : Event: ======'slide_mission_pinball_active'====== Args={'_from_bcp': True}
2020-08-10 20:35:37,914 : INFO : EventManager : Event: ======'slide_GameCard_removed'====== Args={'_from_bcp': True}
2020-08-10 20:35:37,918 : INFO : EventManager : Event: ======'slide_GameCard_created'====== Args={'_from_bcp': True}
2020-08-10 20:35:37,920 : INFO : EventManager : Event: ======'slide_GameCard_active'====== Args={'_from_bcp': True}
2020-08-10 20:35:40,914 : INFO : EventManager : Event: ======'slide_HowTo_removed'====== Args={'_from_bcp': True}
2020-08-10 20:35:40,938 : INFO : EventManager : Event: ======'slide_HowTo_created'====== Args={'_from_bcp': True}
2020-08-10 20:35:40,945 : INFO : EventManager : Event: ======'slide_HowTo_active'====== Args={'_from_bcp': True}
2020-08-10 20:35:48,916 : INFO : EventManager : Event: ======'slide_last_game_score_slide1_removed'====== Args={'_from_bcp': True}
2020-08-10 20:35:48,950 : INFO : EventManager : Event: ======'slide_last_game_score_slide1_created'====== Args={'_from_bcp': True}
2020-08-10 20:35:48,951 : INFO : EventManager : Event: ======'slide_last_game_score_slide1_active'====== Args={'_from_bcp': True}
2020-08-10 20:35:56,908 : INFO : EventManager : Event: ======'slide_show_high_scores_removed'====== Args={'_from_bcp': True}
2020-08-10 20:35:56,926 : INFO : EventManager : Event: ======'slide_show_high_scores_created'====== Args={'_from_bcp': True}
2020-08-10 20:35:56,934 : INFO : EventManager : Event: ======'slide_show_high_scores_active'====== Args={'_from_bcp': True}
2020-08-10 20:35:57,922 : INFO : EventManager : Event: ======'slide_awesome_slide_removed'====== Args={'_from_bcp': True}
2020-08-10 20:35:57,923 : INFO : EventManager : Event: ======'slide_awesome_slide_created'====== Args={'_from_bcp': True}
2020-08-10 20:35:57,923 : INFO : EventManager : Event: ======'slide_awesome_slide_active'====== Args={'_from_bcp': True}
2020-08-10 20:36:00,915 : INFO : EventManager : Event: ======'slide_press_start_removed'====== Args={'_from_bcp': True}
2020-08-10 20:36:00,924 : INFO : EventManager : Event: ======'slide_press_start_created'====== Args={'_from_bcp': True}
2020-08-10 20:36:00,928 : INFO : EventManager : Event: ======'slide_press_start_active'====== Args={'_from_bcp': True}
2020-08-10 20:36:03,910 : INFO : EventManager : Event: ======'slide_mission_pinball_removed'====== Args={'_from_bcp': True}
2020-08-10 20:36:03,990 : INFO : EventManager : Event: ======'slide_mission_pinball_created'====== Args={'_from_bcp': True}
2020-08-10 20:36:03,994 : INFO : EventManager : Event: ======'slide_mission_pinball_active'====== Args={'_from_bcp': True}
2020-08-10 20:36:09,907 : INFO : EventManager : Event: ======'slide_GameCard_removed'====== Args={'_from_bcp': True}
2020-08-10 20:36:09,911 : INFO : EventManager : Event: ======'slide_GameCard_created'====== Args={'_from_bcp': True}
2020-08-10 20:36:09,913 : INFO : EventManager : Event: ======'slide_GameCard_active'====== Args={'_from_bcp': True}
2020-08-10 20:36:12,921 : INFO : EventManager : Event: ======'slide_HowTo_removed'====== Args={'_from_bcp': True}
2020-08-10 20:36:12,946 : INFO : EventManager : Event: ======'slide_HowTo_created'====== Args={'_from_bcp': True}
2020-08-10 20:36:12,952 : INFO : EventManager : Event: ======'slide_HowTo_active'====== Args={'_from_bcp': True}
2020-08-10 20:36:20,928 : INFO : EventManager : Event: ======'slide_last_game_score_slide1_removed'====== Args={'_from_bcp': True}
2020-08-10 20:36:20,949 : INFO : EventManager : Event: ======'slide_last_game_score_slide1_created'====== Args={'_from_bcp': True}
2020-08-10 20:36:20,959 : INFO : EventManager : Event: ======'slide_last_game_score_slide1_active'====== Args={'_from_bcp': True}
2020-08-10 20:36:28,923 : INFO : EventManager : Event: ======'slide_show_high_scores_removed'====== Args={'_from_bcp': True}
2020-08-10 20:36:28,939 : INFO : EventManager : Event: ======'slide_show_high_scores_created'====== Args={'_from_bcp': True}
2020-08-10 20:36:28,953 : INFO : EventManager : Event: ======'slide_show_high_scores_active'====== Args={'_from_bcp': True}
2020-08-10 20:36:29,898 : INFO : EventManager : Event: ======'slide_awesome_slide_removed'====== Args={'_from_bcp': True}
2020-08-10 20:36:29,903 : INFO : EventManager : Event: ======'slide_awesome_slide_created'====== Args={'_from_bcp': True}
2020-08-10 20:36:29,906 : INFO : EventManager : Event: ======'slide_awesome_slide_active'====== Args={'_from_bcp': True}
2020-08-10 20:36:32,932 : INFO : EventManager : Event: ======'slide_press_start_removed'====== Args={'_from_bcp': True}
2020-08-10 20:36:32,934 : INFO : EventManager : Event: ======'slide_press_start_created'====== Args={'_from_bcp': True}
2020-08-10 20:36:32,935 : INFO : EventManager : Event: ======'slide_press_start_active'====== Args={'_from_bcp': True}
2020-08-10 20:36:35,914 : INFO : EventManager : Event: ======'slide_mission_pinball_removed'====== Args={'_from_bcp': True}
2020-08-10 20:36:35,932 : INFO : EventManager : Event: ======'slide_mission_pinball_created'====== Args={'_from_bcp': True}
2020-08-10 20:36:35,932 : INFO : EventManager : Event: ======'slide_mission_pinball_active'====== Args={'_from_bcp': True}
2020-08-10 20:36:41,929 : INFO : EventManager : Event: ======'slide_GameCard_removed'====== Args={'_from_bcp': True}
2020-08-10 20:36:41,932 : INFO : EventManager : Event: ======'slide_GameCard_created'====== Args={'_from_bcp': True}
2020-08-10 20:36:41,933 : INFO : EventManager : Event: ======'slide_GameCard_active'====== Args={'_from_bcp': True}
2020-08-10 20:36:44,909 : INFO : EventManager : Event: ======'slide_HowTo_removed'====== Args={'_from_bcp': True}
2020-08-10 20:36:44,928 : INFO : EventManager : Event: ======'slide_HowTo_created'====== Args={'_from_bcp': True}
2020-08-10 20:36:44,934 : INFO : EventManager : Event: ======'slide_HowTo_active'====== Args={'_from_bcp': True}
2020-08-10 20:36:52,926 : INFO : EventManager : Event: ======'slide_last_game_score_slide1_removed'====== Args={'_from_bcp': True}
2020-08-10 20:36:52,944 : INFO : EventManager : Event: ======'slide_last_game_score_slide1_created'====== Args={'_from_bcp': True}
2020-08-10 20:36:52,951 : INFO : EventManager : Event: ======'slide_last_game_score_slide1_active'====== Args={'_from_bcp': True}
2020-08-10 20:37:00,919 : INFO : EventManager : Event: ======'slide_show_high_scores_removed'====== Args={'_from_bcp': True}
2020-08-10 20:37:00,930 : INFO : EventManager : Event: ======'slide_show_high_scores_created'====== Args={'_from_bcp': True}
2020-08-10 20:37:00,937 : INFO : EventManager : Event: ======'slide_show_high_scores_active'====== Args={'_from_bcp': True}
2020-08-10 20:37:01,918 : INFO : EventManager : Event: ======'slide_awesome_slide_removed'====== Args={'_from_bcp': True}
2020-08-10 20:37:01,922 : INFO : EventManager : Event: ======'slide_awesome_slide_created'====== Args={'_from_bcp': True}
2020-08-10 20:37:01,924 : INFO : EventManager : Event: ======'slide_awesome_slide_active'====== Args={'_from_bcp': True}
2020-08-10 20:37:04,925 : INFO : EventManager : Event: ======'slide_press_start_removed'====== Args={'_from_bcp': True}
2020-08-10 20:37:04,940 : INFO : EventManager : Event: ======'slide_press_start_created'====== Args={'_from_bcp': True}
2020-08-10 20:37:04,941 : INFO : EventManager : Event: ======'slide_press_start_active'====== Args={'_from_bcp': True}
2020-08-10 20:37:07,905 : INFO : EventManager : Event: ======'slide_mission_pinball_removed'====== Args={'_from_bcp': True}
2020-08-10 20:37:07,911 : INFO : EventManager : Event: ======'slide_mission_pinball_created'====== Args={'_from_bcp': True}
2020-08-10 20:37:07,914 : INFO : EventManager : Event: ======'slide_mission_pinball_active'====== Args={'_from_bcp': True}
2020-08-10 20:37:13,920 : INFO : EventManager : Event: ======'slide_GameCard_removed'====== Args={'_from_bcp': True}
2020-08-10 20:37:13,924 : INFO : EventManager : Event: ======'slide_GameCard_created'====== Args={'_from_bcp': True}
2020-08-10 20:37:13,927 : INFO : EventManager : Event: ======'slide_GameCard_active'====== Args={'_from_bcp': True}
2020-08-10 20:37:16,910 : INFO : EventManager : Event: ======'slide_HowTo_removed'====== Args={'_from_bcp': True}
2020-08-10 20:37:16,936 : INFO : EventManager : Event: ======'slide_HowTo_created'====== Args={'_from_bcp': True}
2020-08-10 20:37:16,942 : INFO : EventManager : Event: ======'slide_HowTo_active'====== Args={'_from_bcp': True}
2020-08-10 20:37:24,914 : INFO : EventManager : Event: ======'slide_last_game_score_slide1_removed'====== Args={'_from_bcp': True}
2020-08-10 20:37:24,935 : INFO : EventManager : Event: ======'slide_last_game_score_slide1_created'====== Args={'_from_bcp': True}
2020-08-10 20:37:24,946 : INFO : EventManager : Event: ======'slide_last_game_score_slide1_active'====== Args={'_from_bcp': True}
2020-08-10 20:37:32,922 : INFO : EventManager : Event: ======'slide_show_high_scores_removed'====== Args={'_from_bcp': True}
2020-08-10 20:37:32,935 : INFO : EventManager : Event: ======'slide_show_high_scores_created'====== Args={'_from_bcp': True}
2020-08-10 20:37:32,942 : INFO : EventManager : Event: ======'slide_show_high_scores_active'====== Args={'_from_bcp': True}
2020-08-10 20:37:33,920 : INFO : EventManager : Event: ======'slide_awesome_slide_removed'====== Args={'_from_bcp': True}
2020-08-10 20:37:33,926 : INFO : EventManager : Event: ======'slide_awesome_slide_created'====== Args={'_from_bcp': True}
2020-08-10 20:37:33,929 : INFO : EventManager : Event: ======'slide_awesome_slide_active'====== Args={'_from_bcp': True}
2020-08-10 20:37:36,922 : INFO : EventManager : Event: ======'slide_press_start_removed'====== Args={'_from_bcp': True}
2020-08-10 20:37:36,926 : INFO : EventManager : Event: ======'slide_press_start_created'====== Args={'_from_bcp': True}
2020-08-10 20:37:36,930 : INFO : EventManager : Event: ======'slide_press_start_active'====== Args={'_from_bcp': True}
2020-08-10 20:37:39,930 : INFO : EventManager : Event: ======'slide_mission_pinball_removed'====== Args={'_from_bcp': True}
2020-08-10 20:37:39,958 : INFO : EventManager : Event: ======'slide_mission_pinball_created'====== Args={'_from_bcp': True}
2020-08-10 20:37:39,958 : INFO : EventManager : Event: ======'slide_mission_pinball_active'====== Args={'_from_bcp': True}
2020-08-10 20:37:45,914 : INFO : EventManager : Event: ======'slide_GameCard_removed'====== Args={'_from_bcp': True}
2020-08-10 20:37:45,918 : INFO : EventManager : Event: ======'slide_GameCard_created'====== Args={'_from_bcp': True}
2020-08-10 20:37:45,920 : INFO : EventManager : Event: ======'slide_GameCard_active'====== Args={'_from_bcp': True}
2020-08-10 20:37:48,940 : INFO : EventManager : Event: ======'slide_HowTo_removed'====== Args={'_from_bcp': True}
2020-08-10 20:37:48,951 : INFO : EventManager : Event: ======'slide_HowTo_created'====== Args={'_from_bcp': True}
2020-08-10 20:37:48,959 : INFO : EventManager : Event: ======'slide_HowTo_active'====== Args={'_from_bcp': True}
2020-08-10 20:37:56,965 : INFO : EventManager : Event: ======'slide_last_game_score_slide1_removed'====== Args={'_from_bcp': True}
2020-08-10 20:37:56,996 : INFO : EventManager : Event: ======'slide_last_game_score_slide1_created'====== Args={'_from_bcp': True}
2020-08-10 20:37:57,020 : INFO : EventManager : Event: ======'slide_last_game_score_slide1_active'====== Args={'_from_bcp': True}
2020-08-10 20:38:04,908 : INFO : EventManager : Event: ======'slide_show_high_scores_removed'====== Args={'_from_bcp': True}
2020-08-10 20:38:04,924 : INFO : EventManager : Event: ======'slide_show_high_scores_created'====== Args={'_from_bcp': True}
2020-08-10 20:38:04,935 : INFO : EventManager : Event: ======'slide_show_high_scores_active'====== Args={'_from_bcp': True}
2020-08-10 20:38:05,912 : INFO : EventManager : Event: ======'slide_awesome_slide_removed'====== Args={'_from_bcp': True}
2020-08-10 20:38:05,918 : INFO : EventManager : Event: ======'slide_awesome_slide_created'====== Args={'_from_bcp': True}
2020-08-10 20:38:05,920 : INFO : EventManager : Event: ======'slide_awesome_slide_active'====== Args={'_from_bcp': True}
2020-08-10 20:38:08,923 : INFO : EventManager : Event: ======'slide_press_start_removed'====== Args={'_from_bcp': True}
2020-08-10 20:38:08,929 : INFO : EventManager : Event: ======'slide_press_start_created'====== Args={'_from_bcp': True}
2020-08-10 20:38:08,932 : INFO : EventManager : Event: ======'slide_press_start_active'====== Args={'_from_bcp': True}
2020-08-10 20:38:11,930 : INFO : EventManager : Event: ======'slide_mission_pinball_removed'====== Args={'_from_bcp': True}
2020-08-10 20:38:11,934 : INFO : EventManager : Event: ======'slide_mission_pinball_created'====== Args={'_from_bcp': True}
2020-08-10 20:38:11,934 : INFO : EventManager : Event: ======'slide_mission_pinball_active'====== Args={'_from_bcp': True}
2020-08-10 20:38:17,915 : INFO : EventManager : Event: ======'slide_GameCard_removed'====== Args={'_from_bcp': True}
2020-08-10 20:38:17,919 : INFO : EventManager : Event: ======'slide_GameCard_created'====== Args={'_from_bcp': True}
2020-08-10 20:38:17,921 : INFO : EventManager : Event: ======'slide_GameCard_active'====== Args={'_from_bcp': True}
2020-08-10 20:38:20,927 : INFO : EventManager : Event: ======'slide_HowTo_removed'====== Args={'_from_bcp': True}
2020-08-10 20:38:20,943 : INFO : EventManager : Event: ======'slide_HowTo_created'====== Args={'_from_bcp': True}
2020-08-10 20:38:20,950 : INFO : EventManager : Event: ======'slide_HowTo_active'====== Args={'_from_bcp': True}
2020-08-10 20:38:28,936 : INFO : EventManager : Event: ======'slide_last_game_score_slide1_removed'====== Args={'_from_bcp': True}
2020-08-10 20:38:28,950 : INFO : EventManager : Event: ======'slide_last_game_score_slide1_created'====== Args={'_from_bcp': True}
2020-08-10 20:38:28,960 : INFO : EventManager : Event: ======'slide_last_game_score_slide1_active'====== Args={'_from_bcp': True}
2020-08-10 20:38:36,917 : INFO : EventManager : Event: ======'slide_show_high_scores_removed'====== Args={'_from_bcp': True}
2020-08-10 20:38:36,932 : INFO : EventManager : Event: ======'slide_show_high_scores_created'====== Args={'_from_bcp': True}
2020-08-10 20:38:36,943 : INFO : EventManager : Event: ======'slide_show_high_scores_active'====== Args={'_from_bcp': True}
2020-08-10 20:38:37,924 : INFO : EventManager : Event: ======'slide_awesome_slide_removed'====== Args={'_from_bcp': True}
2020-08-10 20:38:37,928 : INFO : EventManager : Event: ======'slide_awesome_slide_created'====== Args={'_from_bcp': True}
2020-08-10 20:38:37,931 : INFO : EventManager : Event: ======'slide_awesome_slide_active'====== Args={'_from_bcp': True}
2020-08-10 20:38:40,916 : INFO : EventManager : Event: ======'slide_press_start_removed'====== Args={'_from_bcp': True}
2020-08-10 20:38:40,924 : INFO : EventManager : Event: ======'slide_press_start_created'====== Args={'_from_bcp': True}
2020-08-10 20:38:40,928 : INFO : EventManager : Event: ======'slide_press_start_active'====== Args={'_from_bcp': True}
2020-08-10 20:38:43,913 : INFO : EventManager : Event: ======'slide_mission_pinball_removed'====== Args={'_from_bcp': True}
2020-08-10 20:38:43,922 : INFO : EventManager : Event: ======'slide_mission_pinball_created'====== Args={'_from_bcp': True}
2020-08-10 20:38:43,926 : INFO : EventManager : Event: ======'slide_mission_pinball_active'====== Args={'_from_bcp': True}
2020-08-10 20:38:49,910 : INFO : EventManager : Event: ======'slide_GameCard_removed'====== Args={'_from_bcp': True}
2020-08-10 20:38:49,914 : INFO : EventManager : Event: ======'slide_GameCard_created'====== Args={'_from_bcp': True}
2020-08-10 20:38:49,916 : INFO : EventManager : Event: ======'slide_GameCard_active'====== Args={'_from_bcp': True}
2020-08-10 20:38:52,913 : INFO : EventManager : Event: ======'slide_HowTo_removed'====== Args={'_from_bcp': True}
2020-08-10 20:38:52,937 : INFO : EventManager : Event: ======'slide_HowTo_created'====== Args={'_from_bcp': True}
2020-08-10 20:38:52,945 : INFO : EventManager : Event: ======'slide_HowTo_active'====== Args={'_from_bcp': True}
2020-08-10 20:39:00,934 : INFO : EventManager : Event: ======'slide_last_game_score_slide1_removed'====== Args={'_from_bcp': True}
2020-08-10 20:39:00,953 : INFO : EventManager : Event: ======'slide_last_game_score_slide1_created'====== Args={'_from_bcp': True}
2020-08-10 20:39:00,960 : INFO : EventManager : Event: ======'slide_last_game_score_slide1_active'====== Args={'_from_bcp': True}
2020-08-10 20:39:08,927 : INFO : EventManager : Event: ======'slide_show_high_scores_removed'====== Args={'_from_bcp': True}
2020-08-10 20:39:08,939 : INFO : EventManager : Event: ======'slide_show_high_scores_created'====== Args={'_from_bcp': True}
2020-08-10 20:39:08,947 : INFO : EventManager : Event: ======'slide_show_high_scores_active'====== Args={'_from_bcp': True}
2020-08-10 20:39:09,918 : INFO : EventManager : Event: ======'slide_awesome_slide_removed'====== Args={'_from_bcp': True}
2020-08-10 20:39:09,922 : INFO : EventManager : Event: ======'slide_awesome_slide_created'====== Args={'_from_bcp': True}
2020-08-10 20:39:09,925 : INFO : EventManager : Event: ======'slide_awesome_slide_active'====== Args={'_from_bcp': True}
2020-08-10 20:39:12,907 : INFO : EventManager : Event: ======'slide_press_start_removed'====== Args={'_from_bcp': True}
2020-08-10 20:39:12,914 : INFO : EventManager : Event: ======'slide_press_start_created'====== Args={'_from_bcp': True}
2020-08-10 20:39:12,920 : INFO : EventManager : Event: ======'slide_press_start_active'====== Args={'_from_bcp': True}
2020-08-10 20:39:15,905 : INFO : EventManager : Event: ======'slide_mission_pinball_removed'====== Args={'_from_bcp': True}
2020-08-10 20:39:15,933 : INFO : EventManager : Event: ======'slide_mission_pinball_created'====== Args={'_from_bcp': True}
2020-08-10 20:39:15,933 : INFO : EventManager : Event: ======'slide_mission_pinball_active'====== Args={'_from_bcp': True}
2020-08-10 20:39:21,923 : INFO : EventManager : Event: ======'slide_GameCard_removed'====== Args={'_from_bcp': True}
2020-08-10 20:39:21,925 : INFO : EventManager : Event: ======'slide_GameCard_created'====== Args={'_from_bcp': True}
2020-08-10 20:39:21,927 : INFO : EventManager : Event: ======'slide_GameCard_active'====== Args={'_from_bcp': True}
2020-08-10 20:39:24,924 : INFO : EventManager : Event: ======'slide_HowTo_removed'====== Args={'_from_bcp': True}
2020-08-10 20:39:24,947 : INFO : EventManager : Event: ======'slide_HowTo_created'====== Args={'_from_bcp': True}
2020-08-10 20:39:24,954 : INFO : EventManager : Event: ======'slide_HowTo_active'====== Args={'_from_bcp': True}
2020-08-10 20:39:32,911 : INFO : EventManager : Event: ======'slide_last_game_score_slide1_removed'====== Args={'_from_bcp': True}
2020-08-10 20:39:32,930 : INFO : EventManager : Event: ======'slide_last_game_score_slide1_created'====== Args={'_from_bcp': True}
2020-08-10 20:39:32,938 : INFO : EventManager : Event: ======'slide_last_game_score_slide1_active'====== Args={'_from_bcp': True}
2020-08-10 20:39:40,915 : INFO : EventManager : Event: ======'slide_show_high_scores_removed'====== Args={'_from_bcp': True}
2020-08-10 20:39:40,933 : INFO : EventManager : Event: ======'slide_show_high_scores_created'====== Args={'_from_bcp': True}
2020-08-10 20:39:40,942 : INFO : EventManager : Event: ======'slide_show_high_scores_active'====== Args={'_from_bcp': True}
2020-08-10 20:39:41,920 : INFO : EventManager : Event: ======'slide_awesome_slide_removed'====== Args={'_from_bcp': True}
2020-08-10 20:39:41,924 : INFO : EventManager : Event: ======'slide_awesome_slide_created'====== Args={'_from_bcp': True}
2020-08-10 20:39:41,927 : INFO : EventManager : Event: ======'slide_awesome_slide_active'====== Args={'_from_bcp': True}
2020-08-10 20:39:44,916 : INFO : EventManager : Event: ======'slide_press_start_removed'====== Args={'_from_bcp': True}
2020-08-10 20:39:44,923 : INFO : EventManager : Event: ======'slide_press_start_created'====== Args={'_from_bcp': True}
2020-08-10 20:39:44,930 : INFO : EventManager : Event: ======'slide_press_start_active'====== Args={'_from_bcp': True}
2020-08-10 20:39:47,931 : INFO : EventManager : Event: ======'slide_mission_pinball_removed'====== Args={'_from_bcp': True}
2020-08-10 20:39:48,008 : INFO : EventManager : Event: ======'slide_mission_pinball_created'====== Args={'_from_bcp': True}
2020-08-10 20:39:48,013 : INFO : EventManager : Event: ======'slide_mission_pinball_active'====== Args={'_from_bcp': True}
2020-08-10 20:39:53,924 : INFO : EventManager : Event: ======'slide_GameCard_removed'====== Args={'_from_bcp': True}
2020-08-10 20:39:53,926 : INFO : EventManager : Event: ======'slide_GameCard_created'====== Args={'_from_bcp': True}
2020-08-10 20:39:53,926 : INFO : EventManager : Event: ======'slide_GameCard_active'====== Args={'_from_bcp': True}
2020-08-10 20:39:56,917 : INFO : EventManager : Event: ======'slide_HowTo_removed'====== Args={'_from_bcp': True}
2020-08-10 20:39:56,936 : INFO : EventManager : Event: ======'slide_HowTo_created'====== Args={'_from_bcp': True}
2020-08-10 20:39:56,947 : INFO : EventManager : Event: ======'slide_HowTo_active'====== Args={'_from_bcp': True}
2020-08-10 20:40:04,906 : INFO : EventManager : Event: ======'slide_last_game_score_slide1_removed'====== Args={'_from_bcp': True}
2020-08-10 20:40:04,919 : INFO : EventManager : Event: ======'slide_last_game_score_slide1_created'====== Args={'_from_bcp': True}
2020-08-10 20:40:04,926 : INFO : EventManager : Event: ======'slide_last_game_score_slide1_active'====== Args={'_from_bcp': True}
2020-08-10 20:40:12,916 : INFO : EventManager : Event: ======'slide_show_high_scores_removed'====== Args={'_from_bcp': True}
2020-08-10 20:40:12,929 : INFO : EventManager : Event: ======'slide_show_high_scores_created'====== Args={'_from_bcp': True}
2020-08-10 20:40:12,937 : INFO : EventManager : Event: ======'slide_show_high_scores_active'====== Args={'_from_bcp': True}
2020-08-10 20:40:13,921 : INFO : EventManager : Event: ======'slide_awesome_slide_removed'====== Args={'_from_bcp': True}
2020-08-10 20:40:13,925 : INFO : EventManager : Event: ======'slide_awesome_slide_created'====== Args={'_from_bcp': True}
2020-08-10 20:40:13,928 : INFO : EventManager : Event: ======'slide_awesome_slide_active'====== Args={'_from_bcp': True}
2020-08-10 20:40:16,916 : INFO : EventManager : Event: ======'slide_press_start_removed'====== Args={'_from_bcp': True}
2020-08-10 20:40:16,923 : INFO : EventManager : Event: ======'slide_press_start_created'====== Args={'_from_bcp': True}
2020-08-10 20:40:16,928 : INFO : EventManager : Event: ======'slide_press_start_active'====== Args={'_from_bcp': True}
2020-08-10 20:40:19,921 : INFO : EventManager : Event: ======'slide_mission_pinball_removed'====== Args={'_from_bcp': True}
2020-08-10 20:40:19,931 : INFO : EventManager : Event: ======'slide_mission_pinball_created'====== Args={'_from_bcp': True}
2020-08-10 20:40:19,941 : INFO : EventManager : Event: ======'slide_mission_pinball_active'====== Args={'_from_bcp': True}
2020-08-10 20:40:25,925 : INFO : EventManager : Event: ======'slide_GameCard_removed'====== Args={'_from_bcp': True}
2020-08-10 20:40:25,929 : INFO : EventManager : Event: ======'slide_GameCard_created'====== Args={'_from_bcp': True}
2020-08-10 20:40:25,933 : INFO : EventManager : Event: ======'slide_GameCard_active'====== Args={'_from_bcp': True}
2020-08-10 20:40:28,928 : INFO : EventManager : Event: ======'slide_HowTo_removed'====== Args={'_from_bcp': True}
2020-08-10 20:40:28,947 : INFO : EventManager : Event: ======'slide_HowTo_created'====== Args={'_from_bcp': True}
2020-08-10 20:40:28,959 : INFO : EventManager : Event: ======'slide_HowTo_active'====== Args={'_from_bcp': True}
2020-08-10 20:40:36,935 : INFO : EventManager : Event: ======'slide_last_game_score_slide1_removed'====== Args={'_from_bcp': True}
2020-08-10 20:40:36,952 : INFO : EventManager : Event: ======'slide_last_game_score_slide1_created'====== Args={'_from_bcp': True}
2020-08-10 20:40:36,960 : INFO : EventManager : Event: ======'slide_last_game_score_slide1_active'====== Args={'_from_bcp': True}
2020-08-10 20:40:44,928 : INFO : EventManager : Event: ======'slide_show_high_scores_removed'====== Args={'_from_bcp': True}
2020-08-10 20:40:44,947 : INFO : EventManager : Event: ======'slide_show_high_scores_created'====== Args={'_from_bcp': True}
2020-08-10 20:40:44,958 : INFO : EventManager : Event: ======'slide_show_high_scores_active'====== Args={'_from_bcp': True}
2020-08-10 20:40:45,927 : INFO : EventManager : Event: ======'slide_awesome_slide_removed'====== Args={'_from_bcp': True}
2020-08-10 20:40:45,930 : INFO : EventManager : Event: ======'slide_awesome_slide_created'====== Args={'_from_bcp': True}
2020-08-10 20:40:45,933 : INFO : EventManager : Event: ======'slide_awesome_slide_active'====== Args={'_from_bcp': True}
2020-08-10 20:40:48,933 : INFO : EventManager : Event: ======'slide_press_start_removed'====== Args={'_from_bcp': True}
2020-08-10 20:40:48,933 : INFO : EventManager : Event: ======'slide_press_start_created'====== Args={'_from_bcp': True}
2020-08-10 20:40:48,934 : INFO : EventManager : Event: ======'slide_press_start_active'====== Args={'_from_bcp': True}
2020-08-10 20:40:51,916 : INFO : EventManager : Event: ======'slide_mission_pinball_removed'====== Args={'_from_bcp': True}
2020-08-10 20:40:51,918 : INFO : EventManager : Event: ======'slide_mission_pinball_created'====== Args={'_from_bcp': True}
2020-08-10 20:40:51,921 : INFO : EventManager : Event: ======'slide_mission_pinball_active'====== Args={'_from_bcp': True}
2020-08-10 20:40:57,916 : INFO : EventManager : Event: ======'slide_GameCard_removed'====== Args={'_from_bcp': True}
2020-08-10 20:40:57,920 : INFO : EventManager : Event: ======'slide_GameCard_created'====== Args={'_from_bcp': True}
2020-08-10 20:40:57,922 : INFO : EventManager : Event: ======'slide_GameCard_active'====== Args={'_from_bcp': True}
2020-08-10 20:41:00,929 : INFO : EventManager : Event: ======'slide_HowTo_removed'====== Args={'_from_bcp': True}
2020-08-10 20:41:00,952 : INFO : EventManager : Event: ======'slide_HowTo_created'====== Args={'_from_bcp': True}
2020-08-10 20:41:00,957 : INFO : EventManager : Event: ======'slide_HowTo_active'====== Args={'_from_bcp': True}
2020-08-10 20:41:08,936 : INFO : EventManager : Event: ======'slide_last_game_score_slide1_removed'====== Args={'_from_bcp': True}
2020-08-10 20:41:08,944 : INFO : EventManager : Event: ======'slide_last_game_score_slide1_created'====== Args={'_from_bcp': True}
2020-08-10 20:41:08,956 : INFO : EventManager : Event: ======'slide_last_game_score_slide1_active'====== Args={'_from_bcp': True}
2020-08-10 20:41:16,922 : INFO : EventManager : Event: ======'slide_show_high_scores_removed'====== Args={'_from_bcp': True}
2020-08-10 20:41:16,938 : INFO : EventManager : Event: ======'slide_show_high_scores_created'====== Args={'_from_bcp': True}
2020-08-10 20:41:16,946 : INFO : EventManager : Event: ======'slide_show_high_scores_active'====== Args={'_from_bcp': True}
2020-08-10 20:41:17,930 : INFO : EventManager : Event: ======'slide_awesome_slide_removed'====== Args={'_from_bcp': True}
2020-08-10 20:41:17,940 : INFO : EventManager : Event: ======'slide_awesome_slide_created'====== Args={'_from_bcp': True}
2020-08-10 20:41:17,942 : INFO : EventManager : Event: ======'slide_awesome_slide_active'====== Args={'_from_bcp': True}
2020-08-10 20:41:20,924 : INFO : EventManager : Event: ======'slide_press_start_removed'====== Args={'_from_bcp': True}
2020-08-10 20:41:20,940 : INFO : EventManager : Event: ======'slide_press_start_created'====== Args={'_from_bcp': True}
2020-08-10 20:41:20,941 : INFO : EventManager : Event: ======'slide_press_start_active'====== Args={'_from_bcp': True}
2020-08-10 20:41:23,921 : INFO : EventManager : Event: ======'slide_mission_pinball_removed'====== Args={'_from_bcp': True}
2020-08-10 20:41:23,935 : INFO : EventManager : Event: ======'slide_mission_pinball_created'====== Args={'_from_bcp': True}
2020-08-10 20:41:23,936 : INFO : EventManager : Event: ======'slide_mission_pinball_active'====== Args={'_from_bcp': True}
2020-08-10 20:41:29,911 : INFO : EventManager : Event: ======'slide_GameCard_removed'====== Args={'_from_bcp': True}
2020-08-10 20:41:29,915 : INFO : EventManager : Event: ======'slide_GameCard_created'====== Args={'_from_bcp': True}
2020-08-10 20:41:29,917 : INFO : EventManager : Event: ======'slide_GameCard_active'====== Args={'_from_bcp': True}
2020-08-10 20:41:32,920 : INFO : EventManager : Event: ======'slide_HowTo_removed'====== Args={'_from_bcp': True}
2020-08-10 20:41:32,938 : INFO : EventManager : Event: ======'slide_HowTo_created'====== Args={'_from_bcp': True}
2020-08-10 20:41:32,944 : INFO : EventManager : Event: ======'slide_HowTo_active'====== Args={'_from_bcp': True}
2020-08-10 20:41:40,907 : INFO : EventManager : Event: ======'slide_last_game_score_slide1_removed'====== Args={'_from_bcp': True}
2020-08-10 20:41:40,987 : INFO : EventManager : Event: ======'slide_last_game_score_slide1_created'====== Args={'_from_bcp': True}
2020-08-10 20:41:40,998 : INFO : EventManager : Event: ======'slide_last_game_score_slide1_active'====== Args={'_from_bcp': True}
2020-08-10 20:41:48,917 : INFO : EventManager : Event: ======'slide_show_high_scores_removed'====== Args={'_from_bcp': True}
2020-08-10 20:41:48,923 : INFO : EventManager : Event: ======'slide_show_high_scores_created'====== Args={'_from_bcp': True}
2020-08-10 20:41:48,931 : INFO : EventManager : Event: ======'slide_show_high_scores_active'====== Args={'_from_bcp': True}
2020-08-10 20:41:49,916 : INFO : EventManager : Event: ======'slide_awesome_slide_removed'====== Args={'_from_bcp': True}
2020-08-10 20:41:49,921 : INFO : EventManager : Event: ======'slide_awesome_slide_created'====== Args={'_from_bcp': True}
2020-08-10 20:41:49,924 : INFO : EventManager : Event: ======'slide_awesome_slide_active'====== Args={'_from_bcp': True}
2020-08-10 20:41:52,915 : INFO : EventManager : Event: ======'slide_press_start_removed'====== Args={'_from_bcp': True}
2020-08-10 20:41:52,924 : INFO : EventManager : Event: ======'slide_press_start_created'====== Args={'_from_bcp': True}
2020-08-10 20:41:52,928 : INFO : EventManager : Event: ======'slide_press_start_active'====== Args={'_from_bcp': True}
2020-08-10 20:41:55,915 : INFO : EventManager : Event: ======'slide_mission_pinball_removed'====== Args={'_from_bcp': True}
2020-08-10 20:41:55,923 : INFO : EventManager : Event: ======'slide_mission_pinball_created'====== Args={'_from_bcp': True}
2020-08-10 20:41:55,927 : INFO : EventManager : Event: ======'slide_mission_pinball_active'====== Args={'_from_bcp': True}
2020-08-10 20:42:01,911 : INFO : EventManager : Event: ======'slide_GameCard_removed'====== Args={'_from_bcp': True}
2020-08-10 20:42:01,915 : INFO : EventManager : Event: ======'slide_GameCard_created'====== Args={'_from_bcp': True}
2020-08-10 20:42:01,917 : INFO : EventManager : Event: ======'slide_GameCard_active'====== Args={'_from_bcp': True}
2020-08-10 20:42:04,923 : INFO : EventManager : Event: ======'slide_HowTo_removed'====== Args={'_from_bcp': True}
2020-08-10 20:42:04,944 : INFO : EventManager : Event: ======'slide_HowTo_created'====== Args={'_from_bcp': True}
2020-08-10 20:42:04,949 : INFO : EventManager : Event: ======'slide_HowTo_active'====== Args={'_from_bcp': True}
2020-08-10 20:42:12,931 : INFO : EventManager : Event: ======'slide_last_game_score_slide1_removed'====== Args={'_from_bcp': True}
2020-08-10 20:42:12,951 : INFO : EventManager : Event: ======'slide_last_game_score_slide1_created'====== Args={'_from_bcp': True}
2020-08-10 20:42:12,959 : INFO : EventManager : Event: ======'slide_last_game_score_slide1_active'====== Args={'_from_bcp': True}
2020-08-10 20:42:20,920 : INFO : EventManager : Event: ======'slide_show_high_scores_removed'====== Args={'_from_bcp': True}
2020-08-10 20:42:20,937 : INFO : EventManager : Event: ======'slide_show_high_scores_created'====== Args={'_from_bcp': True}
2020-08-10 20:42:20,951 : INFO : EventManager : Event: ======'slide_show_high_scores_active'====== Args={'_from_bcp': True}
2020-08-10 20:42:21,919 : INFO : EventManager : Event: ======'slide_awesome_slide_removed'====== Args={'_from_bcp': True}
2020-08-10 20:42:21,923 : INFO : EventManager : Event: ======'slide_awesome_slide_created'====== Args={'_from_bcp': True}
2020-08-10 20:42:21,926 : INFO : EventManager : Event: ======'slide_awesome_slide_active'====== Args={'_from_bcp': True}
2020-08-10 20:42:24,919 : INFO : EventManager : Event: ======'slide_press_start_removed'====== Args={'_from_bcp': True}
2020-08-10 20:42:24,935 : INFO : EventManager : Event: ======'slide_press_start_created'====== Args={'_from_bcp': True}
2020-08-10 20:42:24,936 : INFO : EventManager : Event: ======'slide_press_start_active'====== Args={'_from_bcp': True}
2020-08-10 20:42:27,924 : INFO : EventManager : Event: ======'slide_mission_pinball_removed'====== Args={'_from_bcp': True}
2020-08-10 20:42:27,929 : INFO : EventManager : Event: ======'slide_mission_pinball_created'====== Args={'_from_bcp': True}
2020-08-10 20:42:27,934 : INFO : EventManager : Event: ======'slide_mission_pinball_active'====== Args={'_from_bcp': True}
2020-08-10 20:42:33,926 : INFO : EventManager : Event: ======'slide_GameCard_removed'====== Args={'_from_bcp': True}
2020-08-10 20:42:33,928 : INFO : EventManager : Event: ======'slide_GameCard_created'====== Args={'_from_bcp': True}
2020-08-10 20:42:33,930 : INFO : EventManager : Event: ======'slide_GameCard_active'====== Args={'_from_bcp': True}
2020-08-10 20:42:36,933 : INFO : EventManager : Event: ======'slide_HowTo_removed'====== Args={'_from_bcp': True}
2020-08-10 20:42:36,954 : INFO : EventManager : Event: ======'slide_HowTo_created'====== Args={'_from_bcp': True}
2020-08-10 20:42:36,961 : INFO : EventManager : Event: ======'slide_HowTo_active'====== Args={'_from_bcp': True}
2020-08-10 20:42:44,945 : INFO : EventManager : Event: ======'slide_last_game_score_slide1_removed'====== Args={'_from_bcp': True}
2020-08-10 20:42:44,960 : INFO : EventManager : Event: ======'slide_last_game_score_slide1_created'====== Args={'_from_bcp': True}
2020-08-10 20:42:44,968 : INFO : EventManager : Event: ======'slide_last_game_score_slide1_active'====== Args={'_from_bcp': True}
2020-08-10 20:42:52,936 : INFO : EventManager : Event: ======'slide_show_high_scores_removed'====== Args={'_from_bcp': True}
2020-08-10 20:42:52,953 : INFO : EventManager : Event: ======'slide_show_high_scores_created'====== Args={'_from_bcp': True}
2020-08-10 20:42:52,966 : INFO : EventManager : Event: ======'slide_show_high_scores_active'====== Args={'_from_bcp': True}
2020-08-10 20:42:53,923 : INFO : EventManager : Event: ======'slide_awesome_slide_removed'====== Args={'_from_bcp': True}
2020-08-10 20:42:53,928 : INFO : EventManager : Event: ======'slide_awesome_slide_created'====== Args={'_from_bcp': True}
2020-08-10 20:42:53,929 : INFO : EventManager : Event: ======'slide_awesome_slide_active'====== Args={'_from_bcp': True}
2020-08-10 20:42:56,927 : INFO : EventManager : Event: ======'slide_press_start_removed'====== Args={'_from_bcp': True}
2020-08-10 20:42:56,945 : INFO : EventManager : Event: ======'slide_press_start_created'====== Args={'_from_bcp': True}
2020-08-10 20:42:56,946 : INFO : EventManager : Event: ======'slide_press_start_active'====== Args={'_from_bcp': True}
2020-08-10 20:42:59,912 : INFO : EventManager : Event: ======'slide_mission_pinball_removed'====== Args={'_from_bcp': True}
2020-08-10 20:42:59,921 : INFO : EventManager : Event: ======'slide_mission_pinball_created'====== Args={'_from_bcp': True}
2020-08-10 20:42:59,925 : INFO : EventManager : Event: ======'slide_mission_pinball_active'====== Args={'_from_bcp': True}
2020-08-10 20:43:05,918 : INFO : EventManager : Event: ======'slide_GameCard_removed'====== Args={'_from_bcp': True}
2020-08-10 20:43:05,922 : INFO : EventManager : Event: ======'slide_GameCard_created'====== Args={'_from_bcp': True}
2020-08-10 20:43:05,924 : INFO : EventManager : Event: ======'slide_GameCard_active'====== Args={'_from_bcp': True}
2020-08-10 20:43:08,921 : INFO : EventManager : Event: ======'slide_HowTo_removed'====== Args={'_from_bcp': True}
2020-08-10 20:43:08,938 : INFO : EventManager : Event: ======'slide_HowTo_created'====== Args={'_from_bcp': True}
2020-08-10 20:43:08,944 : INFO : EventManager : Event: ======'slide_HowTo_active'====== Args={'_from_bcp': True}
2020-08-10 20:43:16,908 : INFO : EventManager : Event: ======'slide_last_game_score_slide1_removed'====== Args={'_from_bcp': True}
2020-08-10 20:43:16,922 : INFO : EventManager : Event: ======'slide_last_game_score_slide1_created'====== Args={'_from_bcp': True}
2020-08-10 20:43:16,930 : INFO : EventManager : Event: ======'slide_last_game_score_slide1_active'====== Args={'_from_bcp': True}
2020-08-10 20:43:24,925 : INFO : EventManager : Event: ======'slide_show_high_scores_removed'====== Args={'_from_bcp': True}
2020-08-10 20:43:24,938 : INFO : EventManager : Event: ======'slide_show_high_scores_created'====== Args={'_from_bcp': True}
2020-08-10 20:43:24,946 : INFO : EventManager : Event: ======'slide_show_high_scores_active'====== Args={'_from_bcp': True}
2020-08-10 20:43:25,909 : INFO : EventManager : Event: ======'slide_awesome_slide_removed'====== Args={'_from_bcp': True}
2020-08-10 20:43:25,913 : INFO : EventManager : Event: ======'slide_awesome_slide_created'====== Args={'_from_bcp': True}
2020-08-10 20:43:25,916 : INFO : EventManager : Event: ======'slide_awesome_slide_active'====== Args={'_from_bcp': True}
2020-08-10 20:43:28,905 : INFO : EventManager : Event: ======'slide_press_start_removed'====== Args={'_from_bcp': True}
2020-08-10 20:43:28,915 : INFO : EventManager : Event: ======'slide_press_start_created'====== Args={'_from_bcp': True}
2020-08-10 20:43:28,915 : INFO : EventManager : Event: ======'slide_press_start_active'====== Args={'_from_bcp': True}
2020-08-10 20:43:31,936 : INFO : EventManager : Event: ======'slide_mission_pinball_removed'====== Args={'_from_bcp': True}
2020-08-10 20:43:31,949 : INFO : EventManager : Event: ======'slide_mission_pinball_created'====== Args={'_from_bcp': True}
2020-08-10 20:43:31,950 : INFO : EventManager : Event: ======'slide_mission_pinball_active'====== Args={'_from_bcp': True}
2020-08-10 20:43:37,923 : INFO : EventManager : Event: ======'slide_GameCard_removed'====== Args={'_from_bcp': True}
2020-08-10 20:43:37,927 : INFO : EventManager : Event: ======'slide_GameCard_created'====== Args={'_from_bcp': True}
2020-08-10 20:43:37,929 : INFO : EventManager : Event: ======'slide_GameCard_active'====== Args={'_from_bcp': True}
2020-08-10 20:43:40,930 : INFO : EventManager : Event: ======'slide_HowTo_removed'====== Args={'_from_bcp': True}
2020-08-10 20:43:41,019 : INFO : EventManager : Event: ======'slide_HowTo_created'====== Args={'_from_bcp': True}
2020-08-10 20:43:41,026 : INFO : EventManager : Event: ======'slide_HowTo_active'====== Args={'_from_bcp': True}
2020-08-10 20:43:48,927 : INFO : EventManager : Event: ======'slide_last_game_score_slide1_removed'====== Args={'_from_bcp': True}
2020-08-10 20:43:48,931 : INFO : EventManager : Event: ======'slide_last_game_score_slide1_created'====== Args={'_from_bcp': True}
2020-08-10 20:43:48,939 : INFO : EventManager : Event: ======'slide_last_game_score_slide1_active'====== Args={'_from_bcp': True}
2020-08-10 20:43:56,921 : INFO : EventManager : Event: ======'slide_show_high_scores_removed'====== Args={'_from_bcp': True}
2020-08-10 20:43:56,938 : INFO : EventManager : Event: ======'slide_show_high_scores_created'====== Args={'_from_bcp': True}
2020-08-10 20:43:56,951 : INFO : EventManager : Event: ======'slide_show_high_scores_active'====== Args={'_from_bcp': True}
2020-08-10 20:43:57,906 : INFO : EventManager : Event: ======'slide_awesome_slide_removed'====== Args={'_from_bcp': True}
2020-08-10 20:43:57,910 : INFO : EventManager : Event: ======'slide_awesome_slide_created'====== Args={'_from_bcp': True}
2020-08-10 20:43:57,913 : INFO : EventManager : Event: ======'slide_awesome_slide_active'====== Args={'_from_bcp': True}
2020-08-10 20:44:00,940 : INFO : EventManager : Event: ======'slide_press_start_removed'====== Args={'_from_bcp': True}
2020-08-10 20:44:00,941 : INFO : EventManager : Event: ======'slide_press_start_created'====== Args={'_from_bcp': True}
2020-08-10 20:44:00,942 : INFO : EventManager : Event: ======'slide_press_start_active'====== Args={'_from_bcp': True}
2020-08-10 20:44:03,928 : INFO : EventManager : Event: ======'slide_mission_pinball_removed'====== Args={'_from_bcp': True}
2020-08-10 20:44:03,937 : INFO : EventManager : Event: ======'slide_mission_pinball_created'====== Args={'_from_bcp': True}
2020-08-10 20:44:03,941 : INFO : EventManager : Event: ======'slide_mission_pinball_active'====== Args={'_from_bcp': True}
2020-08-10 20:44:09,916 : INFO : EventManager : Event: ======'slide_GameCard_removed'====== Args={'_from_bcp': True}
2020-08-10 20:44:09,917 : INFO : EventManager : Event: ======'slide_GameCard_created'====== Args={'_from_bcp': True}
2020-08-10 20:44:09,917 : INFO : EventManager : Event: ======'slide_GameCard_active'====== Args={'_from_bcp': True}
2020-08-10 20:44:12,922 : INFO : EventManager : Event: ======'slide_HowTo_removed'====== Args={'_from_bcp': True}
2020-08-10 20:44:12,946 : INFO : EventManager : Event: ======'slide_HowTo_created'====== Args={'_from_bcp': True}
2020-08-10 20:44:12,953 : INFO : EventManager : Event: ======'slide_HowTo_active'====== Args={'_from_bcp': True}
2020-08-10 20:44:20,929 : INFO : EventManager : Event: ======'slide_last_game_score_slide1_removed'====== Args={'_from_bcp': True}
2020-08-10 20:44:20,951 : INFO : EventManager : Event: ======'slide_last_game_score_slide1_created'====== Args={'_from_bcp': True}
2020-08-10 20:44:20,961 : INFO : EventManager : Event: ======'slide_last_game_score_slide1_active'====== Args={'_from_bcp': True}
2020-08-10 20:44:28,926 : INFO : EventManager : Event: ======'slide_show_high_scores_removed'====== Args={'_from_bcp': True}
2020-08-10 20:44:28,939 : INFO : EventManager : Event: ======'slide_show_high_scores_created'====== Args={'_from_bcp': True}
2020-08-10 20:44:28,948 : INFO : EventManager : Event: ======'slide_show_high_scores_active'====== Args={'_from_bcp': True}
2020-08-10 20:44:29,927 : INFO : EventManager : Event: ======'slide_awesome_slide_removed'====== Args={'_from_bcp': True}
2020-08-10 20:44:29,931 : INFO : EventManager : Event: ======'slide_awesome_slide_created'====== Args={'_from_bcp': True}
2020-08-10 20:44:29,934 : INFO : EventManager : Event: ======'slide_awesome_slide_active'====== Args={'_from_bcp': True}
2020-08-10 20:44:32,948 : INFO : EventManager : Event: ======'slide_press_start_removed'====== Args={'_from_bcp': True}
2020-08-10 20:44:32,949 : INFO : EventManager : Event: ======'slide_press_start_created'====== Args={'_from_bcp': True}
2020-08-10 20:44:32,950 : INFO : EventManager : Event: ======'slide_press_start_active'====== Args={'_from_bcp': True}
2020-08-10 20:44:35,922 : INFO : EventManager : Event: ======'slide_mission_pinball_removed'====== Args={'_from_bcp': True}
2020-08-10 20:44:35,948 : INFO : EventManager : Event: ======'slide_mission_pinball_created'====== Args={'_from_bcp': True}
2020-08-10 20:44:35,948 : INFO : EventManager : Event: ======'slide_mission_pinball_active'====== Args={'_from_bcp': True}
2020-08-10 20:44:41,922 : INFO : EventManager : Event: ======'slide_GameCard_removed'====== Args={'_from_bcp': True}
2020-08-10 20:44:41,927 : INFO : EventManager : Event: ======'slide_GameCard_created'====== Args={'_from_bcp': True}
2020-08-10 20:44:41,930 : INFO : EventManager : Event: ======'slide_GameCard_active'====== Args={'_from_bcp': True}
2020-08-10 20:44:44,916 : INFO : EventManager : Event: ======'slide_HowTo_removed'====== Args={'_from_bcp': True}
2020-08-10 20:44:44,936 : INFO : EventManager : Event: ======'slide_HowTo_created'====== Args={'_from_bcp': True}
2020-08-10 20:44:44,943 : INFO : EventManager : Event: ======'slide_HowTo_active'====== Args={'_from_bcp': True}
2020-08-10 20:44:52,932 : INFO : EventManager : Event: ======'slide_last_game_score_slide1_removed'====== Args={'_from_bcp': True}
2020-08-10 20:44:52,947 : INFO : EventManager : Event: ======'slide_last_game_score_slide1_created'====== Args={'_from_bcp': True}
2020-08-10 20:44:52,955 : INFO : EventManager : Event: ======'slide_last_game_score_slide1_active'====== Args={'_from_bcp': True}
2020-08-10 20:45:00,921 : INFO : EventManager : Event: ======'slide_show_high_scores_removed'====== Args={'_from_bcp': True}
2020-08-10 20:45:00,941 : INFO : EventManager : Event: ======'slide_show_high_scores_created'====== Args={'_from_bcp': True}
2020-08-10 20:45:00,951 : INFO : EventManager : Event: ======'slide_show_high_scores_active'====== Args={'_from_bcp': True}
2020-08-10 20:45:01,916 : INFO : EventManager : Event: ======'slide_awesome_slide_removed'====== Args={'_from_bcp': True}
2020-08-10 20:45:01,918 : INFO : EventManager : Event: ======'slide_awesome_slide_created'====== Args={'_from_bcp': True}
2020-08-10 20:45:01,922 : INFO : EventManager : Event: ======'slide_awesome_slide_active'====== Args={'_from_bcp': True}
2020-08-10 20:45:04,913 : INFO : EventManager : Event: ======'slide_press_start_removed'====== Args={'_from_bcp': True}
2020-08-10 20:45:04,914 : INFO : EventManager : Event: ======'slide_press_start_created'====== Args={'_from_bcp': True}
2020-08-10 20:45:04,917 : INFO : EventManager : Event: ======'slide_press_start_active'====== Args={'_from_bcp': True}
2020-08-10 20:45:07,928 : INFO : EventManager : Event: ======'slide_mission_pinball_removed'====== Args={'_from_bcp': True}
2020-08-10 20:45:07,929 : INFO : EventManager : Event: ======'slide_mission_pinball_created'====== Args={'_from_bcp': True}
2020-08-10 20:45:07,931 : INFO : EventManager : Event: ======'slide_mission_pinball_active'====== Args={'_from_bcp': True}
2020-08-10 20:45:13,928 : INFO : EventManager : Event: ======'slide_GameCard_removed'====== Args={'_from_bcp': True}
2020-08-10 20:45:13,932 : INFO : EventManager : Event: ======'slide_GameCard_created'====== Args={'_from_bcp': True}
2020-08-10 20:45:13,934 : INFO : EventManager : Event: ======'slide_GameCard_active'====== Args={'_from_bcp': True}
2020-08-10 20:45:16,915 : INFO : EventManager : Event: ======'slide_HowTo_removed'====== Args={'_from_bcp': True}
2020-08-10 20:45:16,950 : INFO : EventManager : Event: ======'slide_HowTo_created'====== Args={'_from_bcp': True}
2020-08-10 20:45:16,951 : INFO : EventManager : Event: ======'slide_HowTo_active'====== Args={'_from_bcp': True}
2020-08-10 20:45:24,922 : INFO : EventManager : Event: ======'slide_last_game_score_slide1_removed'====== Args={'_from_bcp': True}
2020-08-10 20:45:24,937 : INFO : EventManager : Event: ======'slide_last_game_score_slide1_created'====== Args={'_from_bcp': True}
2020-08-10 20:45:24,944 : INFO : EventManager : Event: ======'slide_last_game_score_slide1_active'====== Args={'_from_bcp': True}
2020-08-10 20:45:32,924 : INFO : EventManager : Event: ======'slide_show_high_scores_removed'====== Args={'_from_bcp': True}
2020-08-10 20:45:33,002 : INFO : EventManager : Event: ======'slide_show_high_scores_created'====== Args={'_from_bcp': True}
2020-08-10 20:45:33,010 : INFO : EventManager : Event: ======'slide_show_high_scores_active'====== Args={'_from_bcp': True}
2020-08-10 20:45:33,915 : INFO : EventManager : Event: ======'slide_awesome_slide_removed'====== Args={'_from_bcp': True}
2020-08-10 20:45:33,918 : INFO : EventManager : Event: ======'slide_awesome_slide_created'====== Args={'_from_bcp': True}
2020-08-10 20:45:33,920 : INFO : EventManager : Event: ======'slide_awesome_slide_active'====== Args={'_from_bcp': True}
2020-08-10 20:45:36,920 : INFO : EventManager : Event: ======'slide_press_start_removed'====== Args={'_from_bcp': True}
2020-08-10 20:45:36,929 : INFO : EventManager : Event: ======'slide_press_start_created'====== Args={'_from_bcp': True}
2020-08-10 20:45:36,934 : INFO : EventManager : Event: ======'slide_press_start_active'====== Args={'_from_bcp': True}
2020-08-10 20:45:39,936 : INFO : EventManager : Event: ======'slide_mission_pinball_removed'====== Args={'_from_bcp': True}
2020-08-10 20:45:39,946 : INFO : EventManager : Event: ======'slide_mission_pinball_created'====== Args={'_from_bcp': True}
2020-08-10 20:45:39,951 : INFO : EventManager : Event: ======'slide_mission_pinball_active'====== Args={'_from_bcp': True}
2020-08-10 20:45:45,922 : INFO : EventManager : Event: ======'slide_GameCard_removed'====== Args={'_from_bcp': True}
2020-08-10 20:45:45,923 : INFO : EventManager : Event: ======'slide_GameCard_created'====== Args={'_from_bcp': True}
2020-08-10 20:45:45,924 : INFO : EventManager : Event: ======'slide_GameCard_active'====== Args={'_from_bcp': True}
2020-08-10 20:45:48,930 : INFO : EventManager : Event: ======'slide_HowTo_removed'====== Args={'_from_bcp': True}
2020-08-10 20:45:48,952 : INFO : EventManager : Event: ======'slide_HowTo_created'====== Args={'_from_bcp': True}
2020-08-10 20:45:48,958 : INFO : EventManager : Event: ======'slide_HowTo_active'====== Args={'_from_bcp': True}
2020-08-10 20:45:56,914 : INFO : EventManager : Event: ======'slide_last_game_score_slide1_removed'====== Args={'_from_bcp': True}
2020-08-10 20:45:56,932 : INFO : EventManager : Event: ======'slide_last_game_score_slide1_created'====== Args={'_from_bcp': True}
2020-08-10 20:45:56,940 : INFO : EventManager : Event: ======'slide_last_game_score_slide1_active'====== Args={'_from_bcp': True}
2020-08-10 20:46:04,908 : INFO : EventManager : Event: ======'slide_show_high_scores_removed'====== Args={'_from_bcp': True}
2020-08-10 20:46:04,942 : INFO : EventManager : Event: ======'slide_show_high_scores_created'====== Args={'_from_bcp': True}
2020-08-10 20:46:04,942 : INFO : EventManager : Event: ======'slide_show_high_scores_active'====== Args={'_from_bcp': True}
2020-08-10 20:46:05,905 : INFO : EventManager : Event: ======'slide_awesome_slide_removed'====== Args={'_from_bcp': True}
2020-08-10 20:46:05,909 : INFO : EventManager : Event: ======'slide_awesome_slide_created'====== Args={'_from_bcp': True}
2020-08-10 20:46:05,915 : INFO : EventManager : Event: ======'slide_awesome_slide_active'====== Args={'_from_bcp': True}
2020-08-10 20:46:08,919 : INFO : EventManager : Event: ======'slide_press_start_removed'====== Args={'_from_bcp': True}
2020-08-10 20:46:08,926 : INFO : EventManager : Event: ======'slide_press_start_created'====== Args={'_from_bcp': True}
2020-08-10 20:46:08,931 : INFO : EventManager : Event: ======'slide_press_start_active'====== Args={'_from_bcp': True}
2020-08-10 20:46:11,911 : INFO : EventManager : Event: ======'slide_mission_pinball_removed'====== Args={'_from_bcp': True}
2020-08-10 20:46:11,921 : INFO : EventManager : Event: ======'slide_mission_pinball_created'====== Args={'_from_bcp': True}
2020-08-10 20:46:11,925 : INFO : EventManager : Event: ======'slide_mission_pinball_active'====== Args={'_from_bcp': True}
2020-08-10 20:46:17,924 : INFO : EventManager : Event: ======'slide_GameCard_removed'====== Args={'_from_bcp': True}
2020-08-10 20:46:17,928 : INFO : EventManager : Event: ======'slide_GameCard_created'====== Args={'_from_bcp': True}
2020-08-10 20:46:17,930 : INFO : EventManager : Event: ======'slide_GameCard_active'====== Args={'_from_bcp': True}
2020-08-10 20:46:20,919 : INFO : EventManager : Event: ======'slide_HowTo_removed'====== Args={'_from_bcp': True}
2020-08-10 20:46:20,943 : INFO : EventManager : Event: ======'slide_HowTo_created'====== Args={'_from_bcp': True}
2020-08-10 20:46:20,952 : INFO : EventManager : Event: ======'slide_HowTo_active'====== Args={'_from_bcp': True}
2020-08-10 20:46:28,929 : INFO : EventManager : Event: ======'slide_last_game_score_slide1_removed'====== Args={'_from_bcp': True}
2020-08-10 20:46:28,947 : INFO : EventManager : Event: ======'slide_last_game_score_slide1_created'====== Args={'_from_bcp': True}
2020-08-10 20:46:28,959 : INFO : EventManager : Event: ======'slide_last_game_score_slide1_active'====== Args={'_from_bcp': True}
2020-08-10 20:46:36,921 : INFO : EventManager : Event: ======'slide_show_high_scores_removed'====== Args={'_from_bcp': True}
2020-08-10 20:46:36,938 : INFO : EventManager : Event: ======'slide_show_high_scores_created'====== Args={'_from_bcp': True}
2020-08-10 20:46:36,950 : INFO : EventManager : Event: ======'slide_show_high_scores_active'====== Args={'_from_bcp': True}
2020-08-10 20:46:37,933 : INFO : EventManager : Event: ======'slide_awesome_slide_removed'====== Args={'_from_bcp': True}
2020-08-10 20:46:37,934 : INFO : EventManager : Event: ======'slide_awesome_slide_created'====== Args={'_from_bcp': True}
2020-08-10 20:46:37,934 : INFO : EventManager : Event: ======'slide_awesome_slide_active'====== Args={'_from_bcp': True}
2020-08-10 20:46:40,935 : INFO : EventManager : Event: ======'slide_press_start_removed'====== Args={'_from_bcp': True}
2020-08-10 20:46:40,936 : INFO : EventManager : Event: ======'slide_press_start_created'====== Args={'_from_bcp': True}
2020-08-10 20:46:40,936 : INFO : EventManager : Event: ======'slide_press_start_active'====== Args={'_from_bcp': True}
2020-08-10 20:46:43,920 : INFO : EventManager : Event: ======'slide_mission_pinball_removed'====== Args={'_from_bcp': True}
2020-08-10 20:46:43,928 : INFO : EventManager : Event: ======'slide_mission_pinball_created'====== Args={'_from_bcp': True}
2020-08-10 20:46:43,932 : INFO : EventManager : Event: ======'slide_mission_pinball_active'====== Args={'_from_bcp': True}
2020-08-10 20:46:49,920 : INFO : EventManager : Event: ======'slide_GameCard_removed'====== Args={'_from_bcp': True}
2020-08-10 20:46:49,924 : INFO : EventManager : Event: ======'slide_GameCard_created'====== Args={'_from_bcp': True}
2020-08-10 20:46:49,926 : INFO : EventManager : Event: ======'slide_GameCard_active'====== Args={'_from_bcp': True}
2020-08-10 20:46:52,911 : INFO : EventManager : Event: ======'slide_HowTo_removed'====== Args={'_from_bcp': True}
2020-08-10 20:46:52,935 : INFO : EventManager : Event: ======'slide_HowTo_created'====== Args={'_from_bcp': True}
2020-08-10 20:46:52,941 : INFO : EventManager : Event: ======'slide_HowTo_active'====== Args={'_from_bcp': True}
2020-08-10 20:47:00,914 : INFO : EventManager : Event: ======'slide_last_game_score_slide1_removed'====== Args={'_from_bcp': True}
2020-08-10 20:47:00,936 : INFO : EventManager : Event: ======'slide_last_game_score_slide1_created'====== Args={'_from_bcp': True}
2020-08-10 20:47:00,947 : INFO : EventManager : Event: ======'slide_last_game_score_slide1_active'====== Args={'_from_bcp': True}
2020-08-10 20:47:08,930 : INFO : EventManager : Event: ======'slide_show_high_scores_removed'====== Args={'_from_bcp': True}
2020-08-10 20:47:08,947 : INFO : EventManager : Event: ======'slide_show_high_scores_created'====== Args={'_from_bcp': True}
2020-08-10 20:47:08,958 : INFO : EventManager : Event: ======'slide_show_high_scores_active'====== Args={'_from_bcp': True}
2020-08-10 20:47:09,923 : INFO : EventManager : Event: ======'slide_awesome_slide_removed'====== Args={'_from_bcp': True}
2020-08-10 20:47:09,925 : INFO : EventManager : Event: ======'slide_awesome_slide_created'====== Args={'_from_bcp': True}
2020-08-10 20:47:09,928 : INFO : EventManager : Event: ======'slide_awesome_slide_active'====== Args={'_from_bcp': True}
2020-08-10 20:47:12,925 : INFO : EventManager : Event: ======'slide_press_start_removed'====== Args={'_from_bcp': True}
2020-08-10 20:47:12,941 : INFO : EventManager : Event: ======'slide_press_start_created'====== Args={'_from_bcp': True}
2020-08-10 20:47:12,942 : INFO : EventManager : Event: ======'slide_press_start_active'====== Args={'_from_bcp': True}
2020-08-10 20:47:15,943 : INFO : EventManager : Event: ======'slide_mission_pinball_removed'====== Args={'_from_bcp': True}
2020-08-10 20:47:15,944 : INFO : EventManager : Event: ======'slide_mission_pinball_created'====== Args={'_from_bcp': True}
2020-08-10 20:47:15,945 : INFO : EventManager : Event: ======'slide_mission_pinball_active'====== Args={'_from_bcp': True}
2020-08-10 20:47:21,911 : INFO : EventManager : Event: ======'slide_GameCard_removed'====== Args={'_from_bcp': True}
2020-08-10 20:47:21,914 : INFO : EventManager : Event: ======'slide_GameCard_created'====== Args={'_from_bcp': True}
2020-08-10 20:47:21,917 : INFO : EventManager : Event: ======'slide_GameCard_active'====== Args={'_from_bcp': True}
2020-08-10 20:47:24,926 : INFO : EventManager : Event: ======'slide_HowTo_removed'====== Args={'_from_bcp': True}
2020-08-10 20:47:25,013 : INFO : EventManager : Event: ======'slide_HowTo_created'====== Args={'_from_bcp': True}
2020-08-10 20:47:25,021 : INFO : EventManager : Event: ======'slide_HowTo_active'====== Args={'_from_bcp': True}
2020-08-10 20:47:32,905 : INFO : EventManager : Event: ======'slide_last_game_score_slide1_removed'====== Args={'_from_bcp': True}
2020-08-10 20:47:32,943 : INFO : EventManager : Event: ======'slide_last_game_score_slide1_created'====== Args={'_from_bcp': True}
2020-08-10 20:47:32,943 : INFO : EventManager : Event: ======'slide_last_game_score_slide1_active'====== Args={'_from_bcp': True}
2020-08-10 20:47:40,913 : INFO : EventManager : Event: ======'slide_show_high_scores_removed'====== Args={'_from_bcp': True}
2020-08-10 20:47:40,930 : INFO : EventManager : Event: ======'slide_show_high_scores_created'====== Args={'_from_bcp': True}
2020-08-10 20:47:40,941 : INFO : EventManager : Event: ======'slide_show_high_scores_active'====== Args={'_from_bcp': True}
2020-08-10 20:47:41,916 : INFO : EventManager : Event: ======'slide_awesome_slide_removed'====== Args={'_from_bcp': True}
2020-08-10 20:47:41,920 : INFO : EventManager : Event: ======'slide_awesome_slide_created'====== Args={'_from_bcp': True}
2020-08-10 20:47:41,923 : INFO : EventManager : Event: ======'slide_awesome_slide_active'====== Args={'_from_bcp': True}
2020-08-10 20:47:44,908 : INFO : EventManager : Event: ======'slide_press_start_removed'====== Args={'_from_bcp': True}
2020-08-10 20:47:44,918 : INFO : EventManager : Event: ======'slide_press_start_created'====== Args={'_from_bcp': True}
2020-08-10 20:47:44,919 : INFO : EventManager : Event: ======'slide_press_start_active'====== Args={'_from_bcp': True}
2020-08-10 20:47:47,922 : INFO : EventManager : Event: ======'slide_mission_pinball_removed'====== Args={'_from_bcp': True}
2020-08-10 20:47:47,927 : INFO : EventManager : Event: ======'slide_mission_pinball_created'====== Args={'_from_bcp': True}
2020-08-10 20:47:47,930 : INFO : EventManager : Event: ======'slide_mission_pinball_active'====== Args={'_from_bcp': True}
2020-08-10 20:47:53,918 : INFO : EventManager : Event: ======'slide_GameCard_removed'====== Args={'_from_bcp': True}
2020-08-10 20:47:53,922 : INFO : EventManager : Event: ======'slide_GameCard_created'====== Args={'_from_bcp': True}
2020-08-10 20:47:53,924 : INFO : EventManager : Event: ======'slide_GameCard_active'====== Args={'_from_bcp': True}
2020-08-10 20:47:56,934 : INFO : EventManager : Event: ======'slide_HowTo_removed'====== Args={'_from_bcp': True}
2020-08-10 20:47:56,958 : INFO : EventManager : Event: ======'slide_HowTo_created'====== Args={'_from_bcp': True}
2020-08-10 20:47:56,964 : INFO : EventManager : Event: ======'slide_HowTo_active'====== Args={'_from_bcp': True}
2020-08-10 20:48:04,908 : INFO : EventManager : Event: ======'slide_last_game_score_slide1_removed'====== Args={'_from_bcp': True}
2020-08-10 20:48:04,924 : INFO : EventManager : Event: ======'slide_last_game_score_slide1_created'====== Args={'_from_bcp': True}
2020-08-10 20:48:04,932 : INFO : EventManager : Event: ======'slide_last_game_score_slide1_active'====== Args={'_from_bcp': True}
2020-08-10 20:48:12,914 : INFO : EventManager : Event: ======'slide_show_high_scores_removed'====== Args={'_from_bcp': True}
2020-08-10 20:48:12,930 : INFO : EventManager : Event: ======'slide_show_high_scores_created'====== Args={'_from_bcp': True}
2020-08-10 20:48:12,943 : INFO : EventManager : Event: ======'slide_show_high_scores_active'====== Args={'_from_bcp': True}
2020-08-10 20:48:13,912 : INFO : EventManager : Event: ======'slide_awesome_slide_removed'====== Args={'_from_bcp': True}
2020-08-10 20:48:13,917 : INFO : EventManager : Event: ======'slide_awesome_slide_created'====== Args={'_from_bcp': True}
2020-08-10 20:48:13,920 : INFO : EventManager : Event: ======'slide_awesome_slide_active'====== Args={'_from_bcp': True}
2020-08-10 20:48:16,916 : INFO : EventManager : Event: ======'slide_press_start_removed'====== Args={'_from_bcp': True}
2020-08-10 20:48:16,919 : INFO : EventManager : Event: ======'slide_press_start_created'====== Args={'_from_bcp': True}
2020-08-10 20:48:16,927 : INFO : EventManager : Event: ======'slide_press_start_active'====== Args={'_from_bcp': True}
2020-08-10 20:48:19,910 : INFO : EventManager : Event: ======'slide_mission_pinball_removed'====== Args={'_from_bcp': True}
2020-08-10 20:48:19,929 : INFO : EventManager : Event: ======'slide_mission_pinball_created'====== Args={'_from_bcp': True}
2020-08-10 20:48:19,930 : INFO : EventManager : Event: ======'slide_mission_pinball_active'====== Args={'_from_bcp': True}
2020-08-10 20:48:25,926 : INFO : EventManager : Event: ======'slide_GameCard_removed'====== Args={'_from_bcp': True}
2020-08-10 20:48:25,930 : INFO : EventManager : Event: ======'slide_GameCard_created'====== Args={'_from_bcp': True}
2020-08-10 20:48:25,932 : INFO : EventManager : Event: ======'slide_GameCard_active'====== Args={'_from_bcp': True}
2020-08-10 20:48:28,924 : INFO : EventManager : Event: ======'slide_HowTo_removed'====== Args={'_from_bcp': True}
2020-08-10 20:48:28,945 : INFO : EventManager : Event: ======'slide_HowTo_created'====== Args={'_from_bcp': True}
2020-08-10 20:48:28,951 : INFO : EventManager : Event: ======'slide_HowTo_active'====== Args={'_from_bcp': True}
2020-08-10 20:48:36,938 : INFO : EventManager : Event: ======'slide_last_game_score_slide1_removed'====== Args={'_from_bcp': True}
2020-08-10 20:48:36,948 : INFO : EventManager : Event: ======'slide_last_game_score_slide1_created'====== Args={'_from_bcp': True}
2020-08-10 20:48:36,955 : INFO : EventManager : Event: ======'slide_last_game_score_slide1_active'====== Args={'_from_bcp': True}
2020-08-10 20:48:44,919 : INFO : EventManager : Event: ======'slide_show_high_scores_removed'====== Args={'_from_bcp': True}
2020-08-10 20:48:44,933 : INFO : EventManager : Event: ======'slide_show_high_scores_created'====== Args={'_from_bcp': True}
2020-08-10 20:48:44,941 : INFO : EventManager : Event: ======'slide_show_high_scores_active'====== Args={'_from_bcp': True}
2020-08-10 20:48:45,919 : INFO : EventManager : Event: ======'slide_awesome_slide_removed'====== Args={'_from_bcp': True}
2020-08-10 20:48:45,923 : INFO : EventManager : Event: ======'slide_awesome_slide_created'====== Args={'_from_bcp': True}
2020-08-10 20:48:45,926 : INFO : EventManager : Event: ======'slide_awesome_slide_active'====== Args={'_from_bcp': True}
2020-08-10 20:48:48,913 : INFO : EventManager : Event: ======'slide_press_start_removed'====== Args={'_from_bcp': True}
2020-08-10 20:48:48,920 : INFO : EventManager : Event: ======'slide_press_start_created'====== Args={'_from_bcp': True}
2020-08-10 20:48:48,925 : INFO : EventManager : Event: ======'slide_press_start_active'====== Args={'_from_bcp': True}
2020-08-10 20:48:51,908 : INFO : EventManager : Event: ======'slide_mission_pinball_removed'====== Args={'_from_bcp': True}
2020-08-10 20:48:51,913 : INFO : EventManager : Event: ======'slide_mission_pinball_created'====== Args={'_from_bcp': True}
2020-08-10 20:48:51,917 : INFO : EventManager : Event: ======'slide_mission_pinball_active'====== Args={'_from_bcp': True}
2020-08-10 20:48:57,927 : INFO : EventManager : Event: ======'slide_GameCard_removed'====== Args={'_from_bcp': True}
2020-08-10 20:48:57,928 : INFO : EventManager : Event: ======'slide_GameCard_created'====== Args={'_from_bcp': True}
2020-08-10 20:48:57,928 : INFO : EventManager : Event: ======'slide_GameCard_active'====== Args={'_from_bcp': True}
2020-08-10 20:49:00,913 : INFO : EventManager : Event: ======'slide_HowTo_removed'====== Args={'_from_bcp': True}
2020-08-10 20:49:00,938 : INFO : EventManager : Event: ======'slide_HowTo_created'====== Args={'_from_bcp': True}
2020-08-10 20:49:00,947 : INFO : EventManager : Event: ======'slide_HowTo_active'====== Args={'_from_bcp': True}
2020-08-10 20:49:08,918 : INFO : EventManager : Event: ======'slide_last_game_score_slide1_removed'====== Args={'_from_bcp': True}
2020-08-10 20:49:08,937 : INFO : EventManager : Event: ======'slide_last_game_score_slide1_created'====== Args={'_from_bcp': True}
2020-08-10 20:49:08,945 : INFO : EventManager : Event: ======'slide_last_game_score_slide1_active'====== Args={'_from_bcp': True}
2020-08-10 20:49:16,908 : INFO : EventManager : Event: ======'slide_show_high_scores_removed'====== Args={'_from_bcp': True}
2020-08-10 20:49:16,991 : INFO : EventManager : Event: ======'slide_show_high_scores_created'====== Args={'_from_bcp': True}
2020-08-10 20:49:17,000 : INFO : EventManager : Event: ======'slide_show_high_scores_active'====== Args={'_from_bcp': True}
2020-08-10 20:49:17,913 : INFO : EventManager : Event: ======'slide_awesome_slide_removed'====== Args={'_from_bcp': True}
2020-08-10 20:49:17,917 : INFO : EventManager : Event: ======'slide_awesome_slide_created'====== Args={'_from_bcp': True}
2020-08-10 20:49:17,920 : INFO : EventManager : Event: ======'slide_awesome_slide_active'====== Args={'_from_bcp': True}
2020-08-10 20:49:20,928 : INFO : EventManager : Event: ======'slide_press_start_removed'====== Args={'_from_bcp': True}
2020-08-10 20:49:20,929 : INFO : EventManager : Event: ======'slide_press_start_created'====== Args={'_from_bcp': True}
2020-08-10 20:49:20,930 : INFO : EventManager : Event: ======'slide_press_start_active'====== Args={'_from_bcp': True}
2020-08-10 20:49:23,914 : INFO : EventManager : Event: ======'slide_mission_pinball_removed'====== Args={'_from_bcp': True}
2020-08-10 20:49:23,918 : INFO : EventManager : Event: ======'slide_mission_pinball_created'====== Args={'_from_bcp': True}
2020-08-10 20:49:23,922 : INFO : EventManager : Event: ======'slide_mission_pinball_active'====== Args={'_from_bcp': True}
2020-08-10 20:49:29,923 : INFO : EventManager : Event: ======'slide_GameCard_removed'====== Args={'_from_bcp': True}
2020-08-10 20:49:29,925 : INFO : EventManager : Event: ======'slide_GameCard_created'====== Args={'_from_bcp': True}
2020-08-10 20:49:29,927 : INFO : EventManager : Event: ======'slide_GameCard_active'====== Args={'_from_bcp': True}
2020-08-10 20:49:32,916 : INFO : EventManager : Event: ======'slide_HowTo_removed'====== Args={'_from_bcp': True}
2020-08-10 20:49:32,936 : INFO : EventManager : Event: ======'slide_HowTo_created'====== Args={'_from_bcp': True}
2020-08-10 20:49:32,943 : INFO : EventManager : Event: ======'slide_HowTo_active'====== Args={'_from_bcp': True}
2020-08-10 20:49:40,928 : INFO : EventManager : Event: ======'slide_last_game_score_slide1_removed'====== Args={'_from_bcp': True}
2020-08-10 20:49:40,938 : INFO : EventManager : Event: ======'slide_last_game_score_slide1_created'====== Args={'_from_bcp': True}
2020-08-10 20:49:40,946 : INFO : EventManager : Event: ======'slide_last_game_score_slide1_active'====== Args={'_from_bcp': True}
2020-08-10 20:49:48,912 : INFO : EventManager : Event: ======'slide_show_high_scores_removed'====== Args={'_from_bcp': True}
2020-08-10 20:49:48,930 : INFO : EventManager : Event: ======'slide_show_high_scores_created'====== Args={'_from_bcp': True}
2020-08-10 20:49:48,941 : INFO : EventManager : Event: ======'slide_show_high_scores_active'====== Args={'_from_bcp': True}
2020-08-10 20:49:49,905 : INFO : EventManager : Event: ======'slide_awesome_slide_removed'====== Args={'_from_bcp': True}
2020-08-10 20:49:49,909 : INFO : EventManager : Event: ======'slide_awesome_slide_created'====== Args={'_from_bcp': True}
2020-08-10 20:49:49,912 : INFO : EventManager : Event: ======'slide_awesome_slide_active'====== Args={'_from_bcp': True}
2020-08-10 20:49:52,916 : INFO : EventManager : Event: ======'slide_press_start_removed'====== Args={'_from_bcp': True}
2020-08-10 20:49:52,930 : INFO : EventManager : Event: ======'slide_press_start_created'====== Args={'_from_bcp': True}
2020-08-10 20:49:52,931 : INFO : EventManager : Event: ======'slide_press_start_active'====== Args={'_from_bcp': True}
2020-08-10 20:49:55,936 : INFO : EventManager : Event: ======'slide_mission_pinball_removed'====== Args={'_from_bcp': True}
2020-08-10 20:49:55,936 : INFO : EventManager : Event: ======'slide_mission_pinball_created'====== Args={'_from_bcp': True}
2020-08-10 20:49:55,937 : INFO : EventManager : Event: ======'slide_mission_pinball_active'====== Args={'_from_bcp': True}
2020-08-10 20:50:01,903 : INFO : EventManager : Event: ======'slide_GameCard_removed'====== Args={'_from_bcp': True}
2020-08-10 20:50:01,908 : INFO : EventManager : Event: ======'slide_GameCard_created'====== Args={'_from_bcp': True}
2020-08-10 20:50:01,909 : INFO : EventManager : Event: ======'slide_GameCard_active'====== Args={'_from_bcp': True}
2020-08-10 20:50:04,926 : INFO : EventManager : Event: ======'slide_HowTo_removed'====== Args={'_from_bcp': True}
2020-08-10 20:50:04,949 : INFO : EventManager : Event: ======'slide_HowTo_created'====== Args={'_from_bcp': True}
2020-08-10 20:50:04,958 : INFO : EventManager : Event: ======'slide_HowTo_active'====== Args={'_from_bcp': True}
2020-08-10 20:50:12,926 : INFO : EventManager : Event: ======'slide_last_game_score_slide1_removed'====== Args={'_from_bcp': True}
2020-08-10 20:50:12,947 : INFO : EventManager : Event: ======'slide_last_game_score_slide1_created'====== Args={'_from_bcp': True}
2020-08-10 20:50:12,955 : INFO : EventManager : Event: ======'slide_last_game_score_slide1_active'====== Args={'_from_bcp': True}
2020-08-10 20:50:20,905 : INFO : EventManager : Event: ======'slide_show_high_scores_removed'====== Args={'_from_bcp': True}
2020-08-10 20:50:20,924 : INFO : EventManager : Event: ======'slide_show_high_scores_created'====== Args={'_from_bcp': True}
2020-08-10 20:50:20,933 : INFO : EventManager : Event: ======'slide_show_high_scores_active'====== Args={'_from_bcp': True}
2020-08-10 20:50:21,918 : INFO : EventManager : Event: ======'slide_awesome_slide_removed'====== Args={'_from_bcp': True}
2020-08-10 20:50:21,921 : INFO : EventManager : Event: ======'slide_awesome_slide_created'====== Args={'_from_bcp': True}
2020-08-10 20:50:21,925 : INFO : EventManager : Event: ======'slide_awesome_slide_active'====== Args={'_from_bcp': True}
2020-08-10 20:50:24,922 : INFO : EventManager : Event: ======'slide_press_start_removed'====== Args={'_from_bcp': True}
2020-08-10 20:50:24,930 : INFO : EventManager : Event: ======'slide_press_start_created'====== Args={'_from_bcp': True}
2020-08-10 20:50:24,936 : INFO : EventManager : Event: ======'slide_press_start_active'====== Args={'_from_bcp': True}
2020-08-10 20:50:27,909 : INFO : EventManager : Event: ======'slide_mission_pinball_removed'====== Args={'_from_bcp': True}
2020-08-10 20:50:27,918 : INFO : EventManager : Event: ======'slide_mission_pinball_created'====== Args={'_from_bcp': True}
2020-08-10 20:50:27,921 : INFO : EventManager : Event: ======'slide_mission_pinball_active'====== Args={'_from_bcp': True}
2020-08-10 20:50:33,930 : INFO : EventManager : Event: ======'slide_GameCard_removed'====== Args={'_from_bcp': True}
2020-08-10 20:50:33,930 : INFO : EventManager : Event: ======'slide_GameCard_created'====== Args={'_from_bcp': True}
2020-08-10 20:50:33,931 : INFO : EventManager : Event: ======'slide_GameCard_active'====== Args={'_from_bcp': True}
2020-08-10 20:50:36,915 : INFO : EventManager : Event: ======'slide_HowTo_removed'====== Args={'_from_bcp': True}
2020-08-10 20:50:36,933 : INFO : EventManager : Event: ======'slide_HowTo_created'====== Args={'_from_bcp': True}
2020-08-10 20:50:36,939 : INFO : EventManager : Event: ======'slide_HowTo_active'====== Args={'_from_bcp': True}
2020-08-10 20:50:44,913 : INFO : EventManager : Event: ======'slide_last_game_score_slide1_removed'====== Args={'_from_bcp': True}
2020-08-10 20:50:44,929 : INFO : EventManager : Event: ======'slide_last_game_score_slide1_created'====== Args={'_from_bcp': True}
2020-08-10 20:50:44,949 : INFO : EventManager : Event: ======'slide_last_game_score_slide1_active'====== Args={'_from_bcp': True}
2020-08-10 20:50:52,924 : INFO : EventManager : Event: ======'slide_show_high_scores_removed'====== Args={'_from_bcp': True}
2020-08-10 20:50:52,941 : INFO : EventManager : Event: ======'slide_show_high_scores_created'====== Args={'_from_bcp': True}
2020-08-10 20:50:52,949 : INFO : EventManager : Event: ======'slide_show_high_scores_active'====== Args={'_from_bcp': True}
2020-08-10 20:50:53,927 : INFO : EventManager : Event: ======'slide_awesome_slide_removed'====== Args={'_from_bcp': True}
2020-08-10 20:50:53,931 : INFO : EventManager : Event: ======'slide_awesome_slide_created'====== Args={'_from_bcp': True}
2020-08-10 20:50:53,934 : INFO : EventManager : Event: ======'slide_awesome_slide_active'====== Args={'_from_bcp': True}
2020-08-10 20:50:56,910 : INFO : EventManager : Event: ======'slide_press_start_removed'====== Args={'_from_bcp': True}
2020-08-10 20:50:56,917 : INFO : EventManager : Event: ======'slide_press_start_created'====== Args={'_from_bcp': True}
2020-08-10 20:50:56,922 : INFO : EventManager : Event: ======'slide_press_start_active'====== Args={'_from_bcp': True}
2020-08-10 20:50:59,932 : INFO : EventManager : Event: ======'slide_mission_pinball_removed'====== Args={'_from_bcp': True}
2020-08-10 20:50:59,934 : INFO : EventManager : Event: ======'slide_mission_pinball_created'====== Args={'_from_bcp': True}
2020-08-10 20:50:59,934 : INFO : EventManager : Event: ======'slide_mission_pinball_active'====== Args={'_from_bcp': True}
2020-08-10 20:51:05,917 : INFO : EventManager : Event: ======'slide_GameCard_removed'====== Args={'_from_bcp': True}
2020-08-10 20:51:05,921 : INFO : EventManager : Event: ======'slide_GameCard_created'====== Args={'_from_bcp': True}
2020-08-10 20:51:05,923 : INFO : EventManager : Event: ======'slide_GameCard_active'====== Args={'_from_bcp': True}
2020-08-10 20:51:08,921 : INFO : EventManager : Event: ======'slide_HowTo_removed'====== Args={'_from_bcp': True}
2020-08-10 20:51:09,009 : INFO : EventManager : Event: ======'slide_HowTo_created'====== Args={'_from_bcp': True}
2020-08-10 20:51:09,017 : INFO : EventManager : Event: ======'slide_HowTo_active'====== Args={'_from_bcp': True}
2020-08-10 20:51:16,921 : INFO : EventManager : Event: ======'slide_last_game_score_slide1_removed'====== Args={'_from_bcp': True}
2020-08-10 20:51:16,940 : INFO : EventManager : Event: ======'slide_last_game_score_slide1_created'====== Args={'_from_bcp': True}
2020-08-10 20:51:16,947 : INFO : EventManager : Event: ======'slide_last_game_score_slide1_active'====== Args={'_from_bcp': True}
2020-08-10 20:51:24,916 : INFO : EventManager : Event: ======'slide_show_high_scores_removed'====== Args={'_from_bcp': True}
2020-08-10 20:51:24,931 : INFO : EventManager : Event: ======'slide_show_high_scores_created'====== Args={'_from_bcp': True}
2020-08-10 20:51:24,943 : INFO : EventManager : Event: ======'slide_show_high_scores_active'====== Args={'_from_bcp': True}
2020-08-10 20:51:25,940 : INFO : EventManager : Event: ======'slide_awesome_slide_removed'====== Args={'_from_bcp': True}
2020-08-10 20:51:25,941 : INFO : EventManager : Event: ======'slide_awesome_slide_created'====== Args={'_from_bcp': True}
2020-08-10 20:51:25,941 : INFO : EventManager : Event: ======'slide_awesome_slide_active'====== Args={'_from_bcp': True}
2020-08-10 20:51:28,908 : INFO : EventManager : Event: ======'slide_press_start_removed'====== Args={'_from_bcp': True}
2020-08-10 20:51:28,911 : INFO : EventManager : Event: ======'slide_press_start_created'====== Args={'_from_bcp': True}
2020-08-10 20:51:28,916 : INFO : EventManager : Event: ======'slide_press_start_active'====== Args={'_from_bcp': True}
2020-08-10 20:51:31,929 : INFO : EventManager : Event: ======'slide_mission_pinball_removed'====== Args={'_from_bcp': True}
2020-08-10 20:51:31,939 : INFO : EventManager : Event: ======'slide_mission_pinball_created'====== Args={'_from_bcp': True}
2020-08-10 20:51:31,942 : INFO : EventManager : Event: ======'slide_mission_pinball_active'====== Args={'_from_bcp': True}
2020-08-10 20:51:37,924 : INFO : EventManager : Event: ======'slide_GameCard_removed'====== Args={'_from_bcp': True}
2020-08-10 20:51:37,925 : INFO : EventManager : Event: ======'slide_GameCard_created'====== Args={'_from_bcp': True}
2020-08-10 20:51:37,926 : INFO : EventManager : Event: ======'slide_GameCard_active'====== Args={'_from_bcp': True}
2020-08-10 20:51:40,926 : INFO : EventManager : Event: ======'slide_HowTo_removed'====== Args={'_from_bcp': True}
2020-08-10 20:51:40,949 : INFO : EventManager : Event: ======'slide_HowTo_created'====== Args={'_from_bcp': True}
2020-08-10 20:51:40,960 : INFO : EventManager : Event: ======'slide_HowTo_active'====== Args={'_from_bcp': True}
2020-08-10 20:51:48,906 : INFO : EventManager : Event: ======'slide_last_game_score_slide1_removed'====== Args={'_from_bcp': True}
2020-08-10 20:51:48,923 : INFO : EventManager : Event: ======'slide_last_game_score_slide1_created'====== Args={'_from_bcp': True}
2020-08-10 20:51:48,931 : INFO : EventManager : Event: ======'slide_last_game_score_slide1_active'====== Args={'_from_bcp': True}
2020-08-10 20:51:56,929 : INFO : EventManager : Event: ======'slide_show_high_scores_removed'====== Args={'_from_bcp': True}
2020-08-10 20:51:56,945 : INFO : EventManager : Event: ======'slide_show_high_scores_created'====== Args={'_from_bcp': True}
2020-08-10 20:51:56,957 : INFO : EventManager : Event: ======'slide_show_high_scores_active'====== Args={'_from_bcp': True}
2020-08-10 20:51:57,908 : INFO : EventManager : Event: ======'slide_awesome_slide_removed'====== Args={'_from_bcp': True}
2020-08-10 20:51:57,912 : INFO : EventManager : Event: ======'slide_awesome_slide_created'====== Args={'_from_bcp': True}
2020-08-10 20:51:57,915 : INFO : EventManager : Event: ======'slide_awesome_slide_active'====== Args={'_from_bcp': True}
2020-08-10 20:52:00,927 : INFO : EventManager : Event: ======'slide_press_start_removed'====== Args={'_from_bcp': True}
2020-08-10 20:52:00,929 : INFO : EventManager : Event: ======'slide_press_start_created'====== Args={'_from_bcp': True}
2020-08-10 20:52:00,933 : INFO : EventManager : Event: ======'slide_press_start_active'====== Args={'_from_bcp': True}
2020-08-10 20:52:03,917 : INFO : EventManager : Event: ======'slide_mission_pinball_removed'====== Args={'_from_bcp': True}
2020-08-10 20:52:03,923 : INFO : EventManager : Event: ======'slide_mission_pinball_created'====== Args={'_from_bcp': True}
2020-08-10 20:52:03,926 : INFO : EventManager : Event: ======'slide_mission_pinball_active'====== Args={'_from_bcp': True}
2020-08-10 20:52:09,914 : INFO : EventManager : Event: ======'slide_GameCard_removed'====== Args={'_from_bcp': True}
2020-08-10 20:52:09,918 : INFO : EventManager : Event: ======'slide_GameCard_created'====== Args={'_from_bcp': True}
2020-08-10 20:52:09,920 : INFO : EventManager : Event: ======'slide_GameCard_active'====== Args={'_from_bcp': True}
2020-08-10 20:52:12,914 : INFO : EventManager : Event: ======'slide_HowTo_removed'====== Args={'_from_bcp': True}
2020-08-10 20:52:12,931 : INFO : EventManager : Event: ======'slide_HowTo_created'====== Args={'_from_bcp': True}
2020-08-10 20:52:12,938 : INFO : EventManager : Event: ======'slide_HowTo_active'====== Args={'_from_bcp': True}
2020-08-10 20:52:20,926 : INFO : EventManager : Event: ======'slide_last_game_score_slide1_removed'====== Args={'_from_bcp': True}
2020-08-10 20:52:20,951 : INFO : EventManager : Event: ======'slide_last_game_score_slide1_created'====== Args={'_from_bcp': True}
2020-08-10 20:52:20,951 : INFO : EventManager : Event: ======'slide_last_game_score_slide1_active'====== Args={'_from_bcp': True}
2020-08-10 20:52:28,904 : INFO : EventManager : Event: ======'slide_show_high_scores_removed'====== Args={'_from_bcp': True}
2020-08-10 20:52:28,915 : INFO : EventManager : Event: ======'slide_show_high_scores_created'====== Args={'_from_bcp': True}
2020-08-10 20:52:28,926 : INFO : EventManager : Event: ======'slide_show_high_scores_active'====== Args={'_from_bcp': True}
2020-08-10 20:52:29,925 : INFO : EventManager : Event: ======'slide_awesome_slide_removed'====== Args={'_from_bcp': True}
2020-08-10 20:52:29,929 : INFO : EventManager : Event: ======'slide_awesome_slide_created'====== Args={'_from_bcp': True}
2020-08-10 20:52:29,932 : INFO : EventManager : Event: ======'slide_awesome_slide_active'====== Args={'_from_bcp': True}
2020-08-10 20:52:32,911 : INFO : EventManager : Event: ======'slide_press_start_removed'====== Args={'_from_bcp': True}
2020-08-10 20:52:32,926 : INFO : EventManager : Event: ======'slide_press_start_created'====== Args={'_from_bcp': True}
2020-08-10 20:52:32,927 : INFO : EventManager : Event: ======'slide_press_start_active'====== Args={'_from_bcp': True}
2020-08-10 20:52:35,925 : INFO : EventManager : Event: ======'slide_mission_pinball_removed'====== Args={'_from_bcp': True}
2020-08-10 20:52:35,931 : INFO : EventManager : Event: ======'slide_mission_pinball_created'====== Args={'_from_bcp': True}
2020-08-10 20:52:35,934 : INFO : EventManager : Event: ======'slide_mission_pinball_active'====== Args={'_from_bcp': True}
2020-08-10 20:52:41,920 : INFO : EventManager : Event: ======'slide_GameCard_removed'====== Args={'_from_bcp': True}
2020-08-10 20:52:41,924 : INFO : EventManager : Event: ======'slide_GameCard_created'====== Args={'_from_bcp': True}
2020-08-10 20:52:41,926 : INFO : EventManager : Event: ======'slide_GameCard_active'====== Args={'_from_bcp': True}
2020-08-10 20:52:44,934 : INFO : EventManager : Event: ======'slide_HowTo_removed'====== Args={'_from_bcp': True}
2020-08-10 20:52:44,959 : INFO : EventManager : Event: ======'slide_HowTo_created'====== Args={'_from_bcp': True}
2020-08-10 20:52:44,964 : INFO : EventManager : Event: ======'slide_HowTo_active'====== Args={'_from_bcp': True}
2020-08-10 20:52:52,924 : INFO : EventManager : Event: ======'slide_last_game_score_slide1_removed'====== Args={'_from_bcp': True}
2020-08-10 20:52:52,942 : INFO : EventManager : Event: ======'slide_last_game_score_slide1_created'====== Args={'_from_bcp': True}
2020-08-10 20:52:52,953 : INFO : EventManager : Event: ======'slide_last_game_score_slide1_active'====== Args={'_from_bcp': True}
2020-08-10 20:53:00,936 : INFO : EventManager : Event: ======'slide_show_high_scores_removed'====== Args={'_from_bcp': True}
2020-08-10 20:53:00,951 : INFO : EventManager : Event: ======'slide_show_high_scores_created'====== Args={'_from_bcp': True}
2020-08-10 20:53:00,959 : INFO : EventManager : Event: ======'slide_show_high_scores_active'====== Args={'_from_bcp': True}
2020-08-10 20:53:01,921 : INFO : EventManager : Event: ======'slide_awesome_slide_removed'====== Args={'_from_bcp': True}
2020-08-10 20:53:01,927 : INFO : EventManager : Event: ======'slide_awesome_slide_created'====== Args={'_from_bcp': True}
2020-08-10 20:53:01,929 : INFO : EventManager : Event: ======'slide_awesome_slide_active'====== Args={'_from_bcp': True}
2020-08-10 20:53:04,917 : INFO : EventManager : Event: ======'slide_press_start_removed'====== Args={'_from_bcp': True}
2020-08-10 20:53:04,993 : INFO : EventManager : Event: ======'slide_press_start_created'====== Args={'_from_bcp': True}
2020-08-10 20:53:04,999 : INFO : EventManager : Event: ======'slide_press_start_active'====== Args={'_from_bcp': True}
2020-08-10 20:53:07,916 : INFO : EventManager : Event: ======'slide_mission_pinball_removed'====== Args={'_from_bcp': True}
2020-08-10 20:53:07,935 : INFO : EventManager : Event: ======'slide_mission_pinball_created'====== Args={'_from_bcp': True}
2020-08-10 20:53:07,936 : INFO : EventManager : Event: ======'slide_mission_pinball_active'====== Args={'_from_bcp': True}
2020-08-10 20:53:13,918 : INFO : EventManager : Event: ======'slide_GameCard_removed'====== Args={'_from_bcp': True}
2020-08-10 20:53:13,922 : INFO : EventManager : Event: ======'slide_GameCard_created'====== Args={'_from_bcp': True}
2020-08-10 20:53:13,924 : INFO : EventManager : Event: ======'slide_GameCard_active'====== Args={'_from_bcp': True}
2020-08-10 20:53:16,916 : INFO : EventManager : Event: ======'slide_HowTo_removed'====== Args={'_from_bcp': True}
2020-08-10 20:53:16,940 : INFO : EventManager : Event: ======'slide_HowTo_created'====== Args={'_from_bcp': True}
2020-08-10 20:53:16,953 : INFO : EventManager : Event: ======'slide_HowTo_active'====== Args={'_from_bcp': True}
2020-08-10 20:53:24,918 : INFO : EventManager : Event: ======'slide_last_game_score_slide1_removed'====== Args={'_from_bcp': True}
2020-08-10 20:53:24,932 : INFO : EventManager : Event: ======'slide_last_game_score_slide1_created'====== Args={'_from_bcp': True}
2020-08-10 20:53:24,941 : INFO : EventManager : Event: ======'slide_last_game_score_slide1_active'====== Args={'_from_bcp': True}
2020-08-10 20:53:32,932 : INFO : EventManager : Event: ======'slide_show_high_scores_removed'====== Args={'_from_bcp': True}
2020-08-10 20:53:32,953 : INFO : EventManager : Event: ======'slide_show_high_scores_created'====== Args={'_from_bcp': True}
2020-08-10 20:53:32,959 : INFO : EventManager : Event: ======'slide_show_high_scores_active'====== Args={'_from_bcp': True}
2020-08-10 20:53:33,925 : INFO : EventManager : Event: ======'slide_awesome_slide_removed'====== Args={'_from_bcp': True}
2020-08-10 20:53:33,926 : INFO : EventManager : Event: ======'slide_awesome_slide_created'====== Args={'_from_bcp': True}
2020-08-10 20:53:33,928 : INFO : EventManager : Event: ======'slide_awesome_slide_active'====== Args={'_from_bcp': True}
2020-08-10 20:53:36,905 : INFO : EventManager : Event: ======'slide_press_start_removed'====== Args={'_from_bcp': True}
2020-08-10 20:53:36,912 : INFO : EventManager : Event: ======'slide_press_start_created'====== Args={'_from_bcp': True}
2020-08-10 20:53:36,917 : INFO : EventManager : Event: ======'slide_press_start_active'====== Args={'_from_bcp': True}
2020-08-10 20:53:39,924 : INFO : EventManager : Event: ======'slide_mission_pinball_removed'====== Args={'_from_bcp': True}
2020-08-10 20:53:39,933 : INFO : EventManager : Event: ======'slide_mission_pinball_created'====== Args={'_from_bcp': True}
2020-08-10 20:53:39,952 : INFO : EventManager : Event: ======'slide_mission_pinball_active'====== Args={'_from_bcp': True}
2020-08-10 20:53:45,905 : INFO : EventManager : Event: ======'slide_GameCard_removed'====== Args={'_from_bcp': True}
2020-08-10 20:53:45,909 : INFO : EventManager : Event: ======'slide_GameCard_created'====== Args={'_from_bcp': True}
2020-08-10 20:53:45,911 : INFO : EventManager : Event: ======'slide_GameCard_active'====== Args={'_from_bcp': True}
2020-08-10 20:53:48,928 : INFO : EventManager : Event: ======'slide_HowTo_removed'====== Args={'_from_bcp': True}
2020-08-10 20:53:48,951 : INFO : EventManager : Event: ======'slide_HowTo_created'====== Args={'_from_bcp': True}
2020-08-10 20:53:48,962 : INFO : EventManager : Event: ======'slide_HowTo_active'====== Args={'_from_bcp': True}
2020-08-10 20:53:56,903 : INFO : EventManager : Event: ======'slide_last_game_score_slide1_removed'====== Args={'_from_bcp': True}
2020-08-10 20:53:56,925 : INFO : EventManager : Event: ======'slide_last_game_score_slide1_created'====== Args={'_from_bcp': True}
2020-08-10 20:53:56,934 : INFO : EventManager : Event: ======'slide_last_game_score_slide1_active'====== Args={'_from_bcp': True}
2020-08-10 20:54:04,914 : INFO : EventManager : Event: ======'slide_show_high_scores_removed'====== Args={'_from_bcp': True}
2020-08-10 20:54:04,942 : INFO : EventManager : Event: ======'slide_show_high_scores_created'====== Args={'_from_bcp': True}
2020-08-10 20:54:04,943 : INFO : EventManager : Event: ======'slide_show_high_scores_active'====== Args={'_from_bcp': True}
2020-08-10 20:54:05,902 : INFO : EventManager : Event: ======'slide_awesome_slide_removed'====== Args={'_from_bcp': True}
2020-08-10 20:54:05,906 : INFO : EventManager : Event: ======'slide_awesome_slide_created'====== Args={'_from_bcp': True}
2020-08-10 20:54:05,909 : INFO : EventManager : Event: ======'slide_awesome_slide_active'====== Args={'_from_bcp': True}
2020-08-10 20:54:08,916 : INFO : EventManager : Event: ======'slide_press_start_removed'====== Args={'_from_bcp': True}
2020-08-10 20:54:08,918 : INFO : EventManager : Event: ======'slide_press_start_created'====== Args={'_from_bcp': True}
2020-08-10 20:54:08,922 : INFO : EventManager : Event: ======'slide_press_start_active'====== Args={'_from_bcp': True}
2020-08-10 20:54:11,916 : INFO : EventManager : Event: ======'slide_mission_pinball_removed'====== Args={'_from_bcp': True}
2020-08-10 20:54:11,934 : INFO : EventManager : Event: ======'slide_mission_pinball_created'====== Args={'_from_bcp': True}
2020-08-10 20:54:11,935 : INFO : EventManager : Event: ======'slide_mission_pinball_active'====== Args={'_from_bcp': True}
2020-08-10 20:54:17,923 : INFO : EventManager : Event: ======'slide_GameCard_removed'====== Args={'_from_bcp': True}
2020-08-10 20:54:17,927 : INFO : EventManager : Event: ======'slide_GameCard_created'====== Args={'_from_bcp': True}
2020-08-10 20:54:17,929 : INFO : EventManager : Event: ======'slide_GameCard_active'====== Args={'_from_bcp': True}
2020-08-10 20:54:20,932 : INFO : EventManager : Event: ======'slide_HowTo_removed'====== Args={'_from_bcp': True}
2020-08-10 20:54:20,956 : INFO : EventManager : Event: ======'slide_HowTo_created'====== Args={'_from_bcp': True}
2020-08-10 20:54:20,962 : INFO : EventManager : Event: ======'slide_HowTo_active'====== Args={'_from_bcp': True}
2020-08-10 20:54:28,930 : INFO : EventManager : Event: ======'slide_last_game_score_slide1_removed'====== Args={'_from_bcp': True}
2020-08-10 20:54:28,950 : INFO : EventManager : Event: ======'slide_last_game_score_slide1_created'====== Args={'_from_bcp': True}
2020-08-10 20:54:28,962 : INFO : EventManager : Event: ======'slide_last_game_score_slide1_active'====== Args={'_from_bcp': True}
2020-08-10 20:54:36,925 : INFO : EventManager : Event: ======'slide_show_high_scores_removed'====== Args={'_from_bcp': True}
2020-08-10 20:54:36,943 : INFO : EventManager : Event: ======'slide_show_high_scores_created'====== Args={'_from_bcp': True}
2020-08-10 20:54:36,953 : INFO : EventManager : Event: ======'slide_show_high_scores_active'====== Args={'_from_bcp': True}
2020-08-10 20:54:37,917 : INFO : EventManager : Event: ======'slide_awesome_slide_removed'====== Args={'_from_bcp': True}
2020-08-10 20:54:37,921 : INFO : EventManager : Event: ======'slide_awesome_slide_created'====== Args={'_from_bcp': True}
2020-08-10 20:54:37,923 : INFO : EventManager : Event: ======'slide_awesome_slide_active'====== Args={'_from_bcp': True}
2020-08-10 20:54:40,921 : INFO : EventManager : Event: ======'slide_press_start_removed'====== Args={'_from_bcp': True}
2020-08-10 20:54:40,928 : INFO : EventManager : Event: ======'slide_press_start_created'====== Args={'_from_bcp': True}
2020-08-10 20:54:40,932 : INFO : EventManager : Event: ======'slide_press_start_active'====== Args={'_from_bcp': True}
2020-08-10 20:54:43,907 : INFO : EventManager : Event: ======'slide_mission_pinball_removed'====== Args={'_from_bcp': True}
2020-08-10 20:54:43,915 : INFO : EventManager : Event: ======'slide_mission_pinball_created'====== Args={'_from_bcp': True}
2020-08-10 20:54:43,922 : INFO : EventManager : Event: ======'slide_mission_pinball_active'====== Args={'_from_bcp': True}
2020-08-10 20:54:49,934 : INFO : EventManager : Event: ======'slide_GameCard_removed'====== Args={'_from_bcp': True}
2020-08-10 20:54:49,936 : INFO : EventManager : Event: ======'slide_GameCard_created'====== Args={'_from_bcp': True}
2020-08-10 20:54:49,937 : INFO : EventManager : Event: ======'slide_GameCard_active'====== Args={'_from_bcp': True}
2020-08-10 20:54:52,914 : INFO : EventManager : Event: ======'slide_HowTo_removed'====== Args={'_from_bcp': True}
2020-08-10 20:54:52,938 : INFO : EventManager : Event: ======'slide_HowTo_created'====== Args={'_from_bcp': True}
2020-08-10 20:54:52,943 : INFO : EventManager : Event: ======'slide_HowTo_active'====== Args={'_from_bcp': True}
2020-08-10 20:55:00,912 : INFO : EventManager : Event: ======'slide_last_game_score_slide1_removed'====== Args={'_from_bcp': True}
2020-08-10 20:55:01,001 : INFO : EventManager : Event: ======'slide_last_game_score_slide1_created'====== Args={'_from_bcp': True}
2020-08-10 20:55:01,010 : INFO : EventManager : Event: ======'slide_last_game_score_slide1_active'====== Args={'_from_bcp': True}
2020-08-10 20:55:08,923 : INFO : EventManager : Event: ======'slide_show_high_scores_removed'====== Args={'_from_bcp': True}
2020-08-10 20:55:08,942 : INFO : EventManager : Event: ======'slide_show_high_scores_created'====== Args={'_from_bcp': True}
2020-08-10 20:55:08,954 : INFO : EventManager : Event: ======'slide_show_high_scores_active'====== Args={'_from_bcp': True}
2020-08-10 20:55:09,912 : INFO : EventManager : Event: ======'slide_awesome_slide_removed'====== Args={'_from_bcp': True}
2020-08-10 20:55:09,916 : INFO : EventManager : Event: ======'slide_awesome_slide_created'====== Args={'_from_bcp': True}
2020-08-10 20:55:09,918 : INFO : EventManager : Event: ======'slide_awesome_slide_active'====== Args={'_from_bcp': True}
2020-08-10 20:55:12,928 : INFO : EventManager : Event: ======'slide_press_start_removed'====== Args={'_from_bcp': True}
2020-08-10 20:55:12,930 : INFO : EventManager : Event: ======'slide_press_start_created'====== Args={'_from_bcp': True}
2020-08-10 20:55:12,930 : INFO : EventManager : Event: ======'slide_press_start_active'====== Args={'_from_bcp': True}
2020-08-10 20:55:15,923 : INFO : EventManager : Event: ======'slide_mission_pinball_removed'====== Args={'_from_bcp': True}
2020-08-10 20:55:15,924 : INFO : EventManager : Event: ======'slide_mission_pinball_created'====== Args={'_from_bcp': True}
2020-08-10 20:55:15,927 : INFO : EventManager : Event: ======'slide_mission_pinball_active'====== Args={'_from_bcp': True}
2020-08-10 20:55:21,913 : INFO : EventManager : Event: ======'slide_GameCard_removed'====== Args={'_from_bcp': True}
2020-08-10 20:55:21,917 : INFO : EventManager : Event: ======'slide_GameCard_created'====== Args={'_from_bcp': True}
2020-08-10 20:55:21,919 : INFO : EventManager : Event: ======'slide_GameCard_active'====== Args={'_from_bcp': True}
2020-08-10 20:55:24,915 : INFO : EventManager : Event: ======'slide_HowTo_removed'====== Args={'_from_bcp': True}
2020-08-10 20:55:24,938 : INFO : EventManager : Event: ======'slide_HowTo_created'====== Args={'_from_bcp': True}
2020-08-10 20:55:24,947 : INFO : EventManager : Event: ======'slide_HowTo_active'====== Args={'_from_bcp': True}
2020-08-10 20:55:32,927 : INFO : EventManager : Event: ======'slide_last_game_score_slide1_removed'====== Args={'_from_bcp': True}
2020-08-10 20:55:32,937 : INFO : EventManager : Event: ======'slide_last_game_score_slide1_created'====== Args={'_from_bcp': True}
2020-08-10 20:55:32,948 : INFO : EventManager : Event: ======'slide_last_game_score_slide1_active'====== Args={'_from_bcp': True}
2020-08-10 20:55:40,924 : INFO : EventManager : Event: ======'slide_show_high_scores_removed'====== Args={'_from_bcp': True}
2020-08-10 20:55:40,940 : INFO : EventManager : Event: ======'slide_show_high_scores_created'====== Args={'_from_bcp': True}
2020-08-10 20:55:40,949 : INFO : EventManager : Event: ======'slide_show_high_scores_active'====== Args={'_from_bcp': True}
2020-08-10 20:55:41,925 : INFO : EventManager : Event: ======'slide_awesome_slide_removed'====== Args={'_from_bcp': True}
2020-08-10 20:55:41,928 : INFO : EventManager : Event: ======'slide_awesome_slide_created'====== Args={'_from_bcp': True}
2020-08-10 20:55:41,928 : INFO : EventManager : Event: ======'slide_awesome_slide_active'====== Args={'_from_bcp': True}
2020-08-10 20:55:44,916 : INFO : EventManager : Event: ======'slide_press_start_removed'====== Args={'_from_bcp': True}
2020-08-10 20:55:44,931 : INFO : EventManager : Event: ======'slide_press_start_created'====== Args={'_from_bcp': True}
2020-08-10 20:55:44,932 : INFO : EventManager : Event: ======'slide_press_start_active'====== Args={'_from_bcp': True}
2020-08-10 20:55:47,934 : INFO : EventManager : Event: ======'slide_mission_pinball_removed'====== Args={'_from_bcp': True}
2020-08-10 20:55:47,936 : INFO : EventManager : Event: ======'slide_mission_pinball_created'====== Args={'_from_bcp': True}
2020-08-10 20:55:47,938 : INFO : EventManager : Event: ======'slide_mission_pinball_active'====== Args={'_from_bcp': True}
2020-08-10 20:55:53,910 : INFO : EventManager : Event: ======'slide_GameCard_removed'====== Args={'_from_bcp': True}
2020-08-10 20:55:53,915 : INFO : EventManager : Event: ======'slide_GameCard_created'====== Args={'_from_bcp': True}
2020-08-10 20:55:53,917 : INFO : EventManager : Event: ======'slide_GameCard_active'====== Args={'_from_bcp': True}
2020-08-10 20:55:56,913 : INFO : EventManager : Event: ======'slide_HowTo_removed'====== Args={'_from_bcp': True}
2020-08-10 20:55:56,933 : INFO : EventManager : Event: ======'slide_HowTo_created'====== Args={'_from_bcp': True}
2020-08-10 20:55:56,945 : INFO : EventManager : Event: ======'slide_HowTo_active'====== Args={'_from_bcp': True}
2020-08-10 20:56:04,941 : INFO : EventManager : Event: ======'slide_last_game_score_slide1_removed'====== Args={'_from_bcp': True}
2020-08-10 20:56:04,945 : INFO : EventManager : Event: ======'slide_last_game_score_slide1_created'====== Args={'_from_bcp': True}
2020-08-10 20:56:04,953 : INFO : EventManager : Event: ======'slide_last_game_score_slide1_active'====== Args={'_from_bcp': True}
2020-08-10 20:56:12,921 : INFO : EventManager : Event: ======'slide_show_high_scores_removed'====== Args={'_from_bcp': True}
2020-08-10 20:56:12,939 : INFO : EventManager : Event: ======'slide_show_high_scores_created'====== Args={'_from_bcp': True}
2020-08-10 20:56:12,949 : INFO : EventManager : Event: ======'slide_show_high_scores_active'====== Args={'_from_bcp': True}
2020-08-10 20:56:13,905 : INFO : EventManager : Event: ======'slide_awesome_slide_removed'====== Args={'_from_bcp': True}
2020-08-10 20:56:13,909 : INFO : EventManager : Event: ======'slide_awesome_slide_created'====== Args={'_from_bcp': True}
2020-08-10 20:56:13,912 : INFO : EventManager : Event: ======'slide_awesome_slide_active'====== Args={'_from_bcp': True}
2020-08-10 20:56:16,925 : INFO : EventManager : Event: ======'slide_press_start_removed'====== Args={'_from_bcp': True}
2020-08-10 20:56:16,932 : INFO : EventManager : Event: ======'slide_press_start_created'====== Args={'_from_bcp': True}
2020-08-10 20:56:16,936 : INFO : EventManager : Event: ======'slide_press_start_active'====== Args={'_from_bcp': True}
2020-08-10 20:56:19,918 : INFO : EventManager : Event: ======'slide_mission_pinball_removed'====== Args={'_from_bcp': True}
2020-08-10 20:56:19,928 : INFO : EventManager : Event: ======'slide_mission_pinball_created'====== Args={'_from_bcp': True}
2020-08-10 20:56:19,937 : INFO : EventManager : Event: ======'slide_mission_pinball_active'====== Args={'_from_bcp': True}
2020-08-10 20:56:25,928 : INFO : EventManager : Event: ======'slide_GameCard_removed'====== Args={'_from_bcp': True}
2020-08-10 20:56:25,929 : INFO : EventManager : Event: ======'slide_GameCard_created'====== Args={'_from_bcp': True}
2020-08-10 20:56:25,931 : INFO : EventManager : Event: ======'slide_GameCard_active'====== Args={'_from_bcp': True}
2020-08-10 20:56:28,917 : INFO : EventManager : Event: ======'slide_HowTo_removed'====== Args={'_from_bcp': True}
2020-08-10 20:56:28,942 : INFO : EventManager : Event: ======'slide_HowTo_created'====== Args={'_from_bcp': True}
2020-08-10 20:56:28,948 : INFO : EventManager : Event: ======'slide_HowTo_active'====== Args={'_from_bcp': True}
2020-08-10 20:56:36,932 : INFO : EventManager : Event: ======'slide_last_game_score_slide1_removed'====== Args={'_from_bcp': True}
2020-08-10 20:56:36,953 : INFO : EventManager : Event: ======'slide_last_game_score_slide1_created'====== Args={'_from_bcp': True}
2020-08-10 20:56:36,958 : INFO : EventManager : Event: ======'slide_last_game_score_slide1_active'====== Args={'_from_bcp': True}
2020-08-10 20:56:44,930 : INFO : EventManager : Event: ======'slide_show_high_scores_removed'====== Args={'_from_bcp': True}
2020-08-10 20:56:44,946 : INFO : EventManager : Event: ======'slide_show_high_scores_created'====== Args={'_from_bcp': True}
2020-08-10 20:56:44,957 : INFO : EventManager : Event: ======'slide_show_high_scores_active'====== Args={'_from_bcp': True}
2020-08-10 20:56:45,935 : INFO : EventManager : Event: ======'slide_awesome_slide_removed'====== Args={'_from_bcp': True}
2020-08-10 20:56:45,939 : INFO : EventManager : Event: ======'slide_awesome_slide_created'====== Args={'_from_bcp': True}
2020-08-10 20:56:45,942 : INFO : EventManager : Event: ======'slide_awesome_slide_active'====== Args={'_from_bcp': True}
2020-08-10 20:56:48,914 : INFO : EventManager : Event: ======'slide_press_start_removed'====== Args={'_from_bcp': True}
2020-08-10 20:56:48,920 : INFO : EventManager : Event: ======'slide_press_start_created'====== Args={'_from_bcp': True}
2020-08-10 20:56:48,925 : INFO : EventManager : Event: ======'slide_press_start_active'====== Args={'_from_bcp': True}
2020-08-10 20:56:51,908 : INFO : EventManager : Event: ======'slide_mission_pinball_removed'====== Args={'_from_bcp': True}
2020-08-10 20:56:51,979 : INFO : EventManager : Event: ======'slide_mission_pinball_created'====== Args={'_from_bcp': True}
2020-08-10 20:56:51,984 : INFO : EventManager : Event: ======'slide_mission_pinball_active'====== Args={'_from_bcp': True}
2020-08-10 20:56:57,917 : INFO : EventManager : Event: ======'slide_GameCard_removed'====== Args={'_from_bcp': True}
2020-08-10 20:56:57,921 : INFO : EventManager : Event: ======'slide_GameCard_created'====== Args={'_from_bcp': True}
2020-08-10 20:56:57,923 : INFO : EventManager : Event: ======'slide_GameCard_active'====== Args={'_from_bcp': True}
2020-08-10 20:57:00,919 : INFO : EventManager : Event: ======'slide_HowTo_removed'====== Args={'_from_bcp': True}
2020-08-10 20:57:00,935 : INFO : EventManager : Event: ======'slide_HowTo_created'====== Args={'_from_bcp': True}
2020-08-10 20:57:00,942 : INFO : EventManager : Event: ======'slide_HowTo_active'====== Args={'_from_bcp': True}
2020-08-10 20:57:08,920 : INFO : EventManager : Event: ======'slide_last_game_score_slide1_removed'====== Args={'_from_bcp': True}
2020-08-10 20:57:08,936 : INFO : EventManager : Event: ======'slide_last_game_score_slide1_created'====== Args={'_from_bcp': True}
2020-08-10 20:57:08,943 : INFO : EventManager : Event: ======'slide_last_game_score_slide1_active'====== Args={'_from_bcp': True}
2020-08-10 20:57:16,912 : INFO : EventManager : Event: ======'slide_show_high_scores_removed'====== Args={'_from_bcp': True}
2020-08-10 20:57:16,928 : INFO : EventManager : Event: ======'slide_show_high_scores_created'====== Args={'_from_bcp': True}
2020-08-10 20:57:16,939 : INFO : EventManager : Event: ======'slide_show_high_scores_active'====== Args={'_from_bcp': True}
2020-08-10 20:57:17,911 : INFO : EventManager : Event: ======'slide_awesome_slide_removed'====== Args={'_from_bcp': True}
2020-08-10 20:57:17,915 : INFO : EventManager : Event: ======'slide_awesome_slide_created'====== Args={'_from_bcp': True}
2020-08-10 20:57:17,918 : INFO : EventManager : Event: ======'slide_awesome_slide_active'====== Args={'_from_bcp': True}
2020-08-10 20:57:20,906 : INFO : EventManager : Event: ======'slide_press_start_removed'====== Args={'_from_bcp': True}
2020-08-10 20:57:20,913 : INFO : EventManager : Event: ======'slide_press_start_created'====== Args={'_from_bcp': True}
2020-08-10 20:57:20,917 : INFO : EventManager : Event: ======'slide_press_start_active'====== Args={'_from_bcp': True}
2020-08-10 20:57:23,937 : INFO : EventManager : Event: ======'slide_mission_pinball_removed'====== Args={'_from_bcp': True}
2020-08-10 20:57:23,943 : INFO : EventManager : Event: ======'slide_mission_pinball_created'====== Args={'_from_bcp': True}
2020-08-10 20:57:23,947 : INFO : EventManager : Event: ======'slide_mission_pinball_active'====== Args={'_from_bcp': True}
2020-08-10 20:57:29,908 : INFO : EventManager : Event: ======'slide_GameCard_removed'====== Args={'_from_bcp': True}
2020-08-10 20:57:29,909 : INFO : EventManager : Event: ======'slide_GameCard_created'====== Args={'_from_bcp': True}
2020-08-10 20:57:29,911 : INFO : EventManager : Event: ======'slide_GameCard_active'====== Args={'_from_bcp': True}
2020-08-10 20:57:32,912 : INFO : EventManager : Event: ======'slide_HowTo_removed'====== Args={'_from_bcp': True}
2020-08-10 20:57:32,934 : INFO : EventManager : Event: ======'slide_HowTo_created'====== Args={'_from_bcp': True}
2020-08-10 20:57:32,939 : INFO : EventManager : Event: ======'slide_HowTo_active'====== Args={'_from_bcp': True}
2020-08-10 20:57:40,906 : INFO : EventManager : Event: ======'slide_last_game_score_slide1_removed'====== Args={'_from_bcp': True}
2020-08-10 20:57:40,928 : INFO : EventManager : Event: ======'slide_last_game_score_slide1_created'====== Args={'_from_bcp': True}
2020-08-10 20:57:40,939 : INFO : EventManager : Event: ======'slide_last_game_score_slide1_active'====== Args={'_from_bcp': True}
2020-08-10 20:57:48,922 : INFO : EventManager : Event: ======'slide_show_high_scores_removed'====== Args={'_from_bcp': True}
2020-08-10 20:57:48,938 : INFO : EventManager : Event: ======'slide_show_high_scores_created'====== Args={'_from_bcp': True}
2020-08-10 20:57:48,949 : INFO : EventManager : Event: ======'slide_show_high_scores_active'====== Args={'_from_bcp': True}
2020-08-10 20:57:49,910 : INFO : EventManager : Event: ======'slide_awesome_slide_removed'====== Args={'_from_bcp': True}
2020-08-10 20:57:49,914 : INFO : EventManager : Event: ======'slide_awesome_slide_created'====== Args={'_from_bcp': True}
2020-08-10 20:57:49,917 : INFO : EventManager : Event: ======'slide_awesome_slide_active'====== Args={'_from_bcp': True}
2020-08-10 20:57:52,926 : INFO : EventManager : Event: ======'slide_press_start_removed'====== Args={'_from_bcp': True}
2020-08-10 20:57:52,935 : INFO : EventManager : Event: ======'slide_press_start_created'====== Args={'_from_bcp': True}
2020-08-10 20:57:52,939 : INFO : EventManager : Event: ======'slide_press_start_active'====== Args={'_from_bcp': True}
2020-08-10 20:57:55,924 : INFO : EventManager : Event: ======'slide_mission_pinball_removed'====== Args={'_from_bcp': True}
2020-08-10 20:57:55,933 : INFO : EventManager : Event: ======'slide_mission_pinball_created'====== Args={'_from_bcp': True}
2020-08-10 20:57:55,941 : INFO : EventManager : Event: ======'slide_mission_pinball_active'====== Args={'_from_bcp': True}
2020-08-10 20:58:01,903 : INFO : EventManager : Event: ======'slide_GameCard_removed'====== Args={'_from_bcp': True}
2020-08-10 20:58:01,907 : INFO : EventManager : Event: ======'slide_GameCard_created'====== Args={'_from_bcp': True}
2020-08-10 20:58:01,909 : INFO : EventManager : Event: ======'slide_GameCard_active'====== Args={'_from_bcp': True}
2020-08-10 20:58:04,931 : INFO : EventManager : Event: ======'slide_HowTo_removed'====== Args={'_from_bcp': True}
2020-08-10 20:58:04,949 : INFO : EventManager : Event: ======'slide_HowTo_created'====== Args={'_from_bcp': True}
2020-08-10 20:58:04,955 : INFO : EventManager : Event: ======'slide_HowTo_active'====== Args={'_from_bcp': True}
2020-08-10 20:58:12,929 : INFO : EventManager : Event: ======'slide_last_game_score_slide1_removed'====== Args={'_from_bcp': True}
2020-08-10 20:58:12,949 : INFO : EventManager : Event: ======'slide_last_game_score_slide1_created'====== Args={'_from_bcp': True}
2020-08-10 20:58:12,957 : INFO : EventManager : Event: ======'slide_last_game_score_slide1_active'====== Args={'_from_bcp': True}
2020-08-10 20:58:20,919 : INFO : EventManager : Event: ======'slide_show_high_scores_removed'====== Args={'_from_bcp': True}
2020-08-10 20:58:20,936 : INFO : EventManager : Event: ======'slide_show_high_scores_created'====== Args={'_from_bcp': True}
2020-08-10 20:58:20,952 : INFO : EventManager : Event: ======'slide_show_high_scores_active'====== Args={'_from_bcp': True}
2020-08-10 20:58:21,919 : INFO : EventManager : Event: ======'slide_awesome_slide_removed'====== Args={'_from_bcp': True}
2020-08-10 20:58:21,928 : INFO : EventManager : Event: ======'slide_awesome_slide_created'====== Args={'_from_bcp': True}
2020-08-10 20:58:21,929 : INFO : EventManager : Event: ======'slide_awesome_slide_active'====== Args={'_from_bcp': True}
2020-08-10 20:58:24,919 : INFO : EventManager : Event: ======'slide_press_start_removed'====== Args={'_from_bcp': True}
2020-08-10 20:58:24,935 : INFO : EventManager : Event: ======'slide_press_start_created'====== Args={'_from_bcp': True}
2020-08-10 20:58:24,936 : INFO : EventManager : Event: ======'slide_press_start_active'====== Args={'_from_bcp': True}
2020-08-10 20:58:27,927 : INFO : EventManager : Event: ======'slide_mission_pinball_removed'====== Args={'_from_bcp': True}
2020-08-10 20:58:27,929 : INFO : EventManager : Event: ======'slide_mission_pinball_created'====== Args={'_from_bcp': True}
2020-08-10 20:58:27,929 : INFO : EventManager : Event: ======'slide_mission_pinball_active'====== Args={'_from_bcp': True}
2020-08-10 20:58:33,922 : INFO : EventManager : Event: ======'slide_GameCard_removed'====== Args={'_from_bcp': True}
2020-08-10 20:58:33,926 : INFO : EventManager : Event: ======'slide_GameCard_created'====== Args={'_from_bcp': True}
2020-08-10 20:58:33,927 : INFO : EventManager : Event: ======'slide_GameCard_active'====== Args={'_from_bcp': True}
2020-08-10 20:58:36,919 : INFO : EventManager : Event: ======'slide_HowTo_removed'====== Args={'_from_bcp': True}
2020-08-10 20:58:36,945 : INFO : EventManager : Event: ======'slide_HowTo_created'====== Args={'_from_bcp': True}
2020-08-10 20:58:36,945 : INFO : EventManager : Event: ======'slide_HowTo_active'====== Args={'_from_bcp': True}
2020-08-10 20:58:44,912 : INFO : EventManager : Event: ======'slide_last_game_score_slide1_removed'====== Args={'_from_bcp': True}
2020-08-10 20:58:44,995 : INFO : EventManager : Event: ======'slide_last_game_score_slide1_created'====== Args={'_from_bcp': True}
2020-08-10 20:58:45,004 : INFO : EventManager : Event: ======'slide_last_game_score_slide1_active'====== Args={'_from_bcp': True}
2020-08-10 20:58:52,924 : INFO : EventManager : Event: ======'slide_show_high_scores_removed'====== Args={'_from_bcp': True}
2020-08-10 20:58:52,934 : INFO : EventManager : Event: ======'slide_show_high_scores_created'====== Args={'_from_bcp': True}
2020-08-10 20:58:52,943 : INFO : EventManager : Event: ======'slide_show_high_scores_active'====== Args={'_from_bcp': True}
2020-08-10 20:58:53,925 : INFO : EventManager : Event: ======'slide_awesome_slide_removed'====== Args={'_from_bcp': True}
2020-08-10 20:58:53,926 : INFO : EventManager : Event: ======'slide_awesome_slide_created'====== Args={'_from_bcp': True}
2020-08-10 20:58:53,928 : INFO : EventManager : Event: ======'slide_awesome_slide_active'====== Args={'_from_bcp': True}
2020-08-10 20:58:56,924 : INFO : EventManager : Event: ======'slide_press_start_removed'====== Args={'_from_bcp': True}
2020-08-10 20:58:56,938 : INFO : EventManager : Event: ======'slide_press_start_created'====== Args={'_from_bcp': True}
2020-08-10 20:58:56,939 : INFO : EventManager : Event: ======'slide_press_start_active'====== Args={'_from_bcp': True}
2020-08-10 20:58:59,906 : INFO : EventManager : Event: ======'slide_mission_pinball_removed'====== Args={'_from_bcp': True}
2020-08-10 20:58:59,914 : INFO : EventManager : Event: ======'slide_mission_pinball_created'====== Args={'_from_bcp': True}
2020-08-10 20:58:59,919 : INFO : EventManager : Event: ======'slide_mission_pinball_active'====== Args={'_from_bcp': True}
2020-08-10 20:59:05,912 : INFO : EventManager : Event: ======'slide_GameCard_removed'====== Args={'_from_bcp': True}
2020-08-10 20:59:05,916 : INFO : EventManager : Event: ======'slide_GameCard_created'====== Args={'_from_bcp': True}
2020-08-10 20:59:05,918 : INFO : EventManager : Event: ======'slide_GameCard_active'====== Args={'_from_bcp': True}
2020-08-10 20:59:08,914 : INFO : EventManager : Event: ======'slide_HowTo_removed'====== Args={'_from_bcp': True}
2020-08-10 20:59:08,935 : INFO : EventManager : Event: ======'slide_HowTo_created'====== Args={'_from_bcp': True}
2020-08-10 20:59:08,941 : INFO : EventManager : Event: ======'slide_HowTo_active'====== Args={'_from_bcp': True}
2020-08-10 20:59:16,911 : INFO : EventManager : Event: ======'slide_last_game_score_slide1_removed'====== Args={'_from_bcp': True}
2020-08-10 20:59:16,932 : INFO : EventManager : Event: ======'slide_last_game_score_slide1_created'====== Args={'_from_bcp': True}
2020-08-10 20:59:16,941 : INFO : EventManager : Event: ======'slide_last_game_score_slide1_active'====== Args={'_from_bcp': True}
2020-08-10 20:59:24,912 : INFO : EventManager : Event: ======'slide_show_high_scores_removed'====== Args={'_from_bcp': True}
2020-08-10 20:59:24,928 : INFO : EventManager : Event: ======'slide_show_high_scores_created'====== Args={'_from_bcp': True}
2020-08-10 20:59:24,941 : INFO : EventManager : Event: ======'slide_show_high_scores_active'====== Args={'_from_bcp': True}
2020-08-10 20:59:25,927 : INFO : EventManager : Event: ======'slide_awesome_slide_removed'====== Args={'_from_bcp': True}
2020-08-10 20:59:25,928 : INFO : EventManager : Event: ======'slide_awesome_slide_created'====== Args={'_from_bcp': True}
2020-08-10 20:59:25,928 : INFO : EventManager : Event: ======'slide_awesome_slide_active'====== Args={'_from_bcp': True}
2020-08-10 20:59:28,927 : INFO : EventManager : Event: ======'slide_press_start_removed'====== Args={'_from_bcp': True}
2020-08-10 20:59:28,930 : INFO : EventManager : Event: ======'slide_press_start_created'====== Args={'_from_bcp': True}
2020-08-10 20:59:28,933 : INFO : EventManager : Event: ======'slide_press_start_active'====== Args={'_from_bcp': True}
2020-08-10 20:59:31,931 : INFO : EventManager : Event: ======'slide_mission_pinball_removed'====== Args={'_from_bcp': True}
2020-08-10 20:59:31,946 : INFO : EventManager : Event: ======'slide_mission_pinball_created'====== Args={'_from_bcp': True}
2020-08-10 20:59:31,946 : INFO : EventManager : Event: ======'slide_mission_pinball_active'====== Args={'_from_bcp': True}
2020-08-10 20:59:37,913 : INFO : EventManager : Event: ======'slide_GameCard_removed'====== Args={'_from_bcp': True}
2020-08-10 20:59:37,917 : INFO : EventManager : Event: ======'slide_GameCard_created'====== Args={'_from_bcp': True}
2020-08-10 20:59:37,919 : INFO : EventManager : Event: ======'slide_GameCard_active'====== Args={'_from_bcp': True}
2020-08-10 20:59:40,941 : INFO : EventManager : Event: ======'slide_HowTo_removed'====== Args={'_from_bcp': True}
2020-08-10 20:59:40,949 : INFO : EventManager : Event: ======'slide_HowTo_created'====== Args={'_from_bcp': True}
2020-08-10 20:59:40,960 : INFO : EventManager : Event: ======'slide_HowTo_active'====== Args={'_from_bcp': True}
2020-08-10 20:59:48,923 : INFO : EventManager : Event: ======'slide_last_game_score_slide1_removed'====== Args={'_from_bcp': True}
2020-08-10 20:59:48,935 : INFO : EventManager : Event: ======'slide_last_game_score_slide1_created'====== Args={'_from_bcp': True}
2020-08-10 20:59:48,946 : INFO : EventManager : Event: ======'slide_last_game_score_slide1_active'====== Args={'_from_bcp': True}
2020-08-10 20:59:56,918 : INFO : EventManager : Event: ======'slide_show_high_scores_removed'====== Args={'_from_bcp': True}
2020-08-10 20:59:56,933 : INFO : EventManager : Event: ======'slide_show_high_scores_created'====== Args={'_from_bcp': True}
2020-08-10 20:59:56,941 : INFO : EventManager : Event: ======'slide_show_high_scores_active'====== Args={'_from_bcp': True}
2020-08-10 20:59:57,922 : INFO : EventManager : Event: ======'slide_awesome_slide_removed'====== Args={'_from_bcp': True}
2020-08-10 20:59:57,927 : INFO : EventManager : Event: ======'slide_awesome_slide_created'====== Args={'_from_bcp': True}
2020-08-10 20:59:57,929 : INFO : EventManager : Event: ======'slide_awesome_slide_active'====== Args={'_from_bcp': True}
2020-08-10 21:00:00,938 : INFO : EventManager : Event: ======'slide_press_start_removed'====== Args={'_from_bcp': True}
2020-08-10 21:00:00,939 : INFO : EventManager : Event: ======'slide_press_start_created'====== Args={'_from_bcp': True}
2020-08-10 21:00:00,939 : INFO : EventManager : Event: ======'slide_press_start_active'====== Args={'_from_bcp': True}
2020-08-10 21:00:03,937 : INFO : EventManager : Event: ======'slide_mission_pinball_removed'====== Args={'_from_bcp': True}
2020-08-10 21:00:03,938 : INFO : EventManager : Event: ======'slide_mission_pinball_created'====== Args={'_from_bcp': True}
2020-08-10 21:00:03,940 : INFO : EventManager : Event: ======'slide_mission_pinball_active'====== Args={'_from_bcp': True}
2020-08-10 21:00:09,921 : INFO : EventManager : Event: ======'slide_GameCard_removed'====== Args={'_from_bcp': True}
2020-08-10 21:00:09,923 : INFO : EventManager : Event: ======'slide_GameCard_created'====== Args={'_from_bcp': True}
2020-08-10 21:00:09,925 : INFO : EventManager : Event: ======'slide_GameCard_active'====== Args={'_from_bcp': True}
2020-08-10 21:00:12,921 : INFO : EventManager : Event: ======'slide_HowTo_removed'====== Args={'_from_bcp': True}
2020-08-10 21:00:12,945 : INFO : EventManager : Event: ======'slide_HowTo_created'====== Args={'_from_bcp': True}
2020-08-10 21:00:12,952 : INFO : EventManager : Event: ======'slide_HowTo_active'====== Args={'_from_bcp': True}
2020-08-10 21:00:20,924 : INFO : EventManager : Event: ======'slide_last_game_score_slide1_removed'====== Args={'_from_bcp': True}
2020-08-10 21:00:20,946 : INFO : EventManager : Event: ======'slide_last_game_score_slide1_created'====== Args={'_from_bcp': True}
2020-08-10 21:00:20,959 : INFO : EventManager : Event: ======'slide_last_game_score_slide1_active'====== Args={'_from_bcp': True}
2020-08-10 21:00:28,900 : INFO : EventManager : Event: ======'slide_show_high_scores_removed'====== Args={'_from_bcp': True}
2020-08-10 21:00:28,919 : INFO : EventManager : Event: ======'slide_show_high_scores_created'====== Args={'_from_bcp': True}
2020-08-10 21:00:28,932 : INFO : EventManager : Event: ======'slide_show_high_scores_active'====== Args={'_from_bcp': True}
2020-08-10 21:00:29,930 : INFO : EventManager : Event: ======'slide_awesome_slide_removed'====== Args={'_from_bcp': True}
2020-08-10 21:00:29,934 : INFO : EventManager : Event: ======'slide_awesome_slide_created'====== Args={'_from_bcp': True}
2020-08-10 21:00:29,942 : INFO : EventManager : Event: ======'slide_awesome_slide_active'====== Args={'_from_bcp': True}
2020-08-10 21:00:32,911 : INFO : EventManager : Event: ======'slide_press_start_removed'====== Args={'_from_bcp': True}
2020-08-10 21:00:32,915 : INFO : EventManager : Event: ======'slide_press_start_created'====== Args={'_from_bcp': True}
2020-08-10 21:00:32,919 : INFO : EventManager : Event: ======'slide_press_start_active'====== Args={'_from_bcp': True}
2020-08-10 21:00:35,916 : INFO : EventManager : Event: ======'slide_mission_pinball_removed'====== Args={'_from_bcp': True}
2020-08-10 21:00:35,926 : INFO : EventManager : Event: ======'slide_mission_pinball_created'====== Args={'_from_bcp': True}
2020-08-10 21:00:35,933 : INFO : EventManager : Event: ======'slide_mission_pinball_active'====== Args={'_from_bcp': True}
2020-08-10 21:00:41,918 : INFO : EventManager : Event: ======'slide_GameCard_removed'====== Args={'_from_bcp': True}
2020-08-10 21:00:41,996 : INFO : EventManager : Event: ======'slide_GameCard_created'====== Args={'_from_bcp': True}
2020-08-10 21:00:41,997 : INFO : EventManager : Event: ======'slide_GameCard_active'====== Args={'_from_bcp': True}
2020-08-10 21:00:44,914 : INFO : EventManager : Event: ======'slide_HowTo_removed'====== Args={'_from_bcp': True}
2020-08-10 21:00:44,933 : INFO : EventManager : Event: ======'slide_HowTo_created'====== Args={'_from_bcp': True}
2020-08-10 21:00:44,939 : INFO : EventManager : Event: ======'slide_HowTo_active'====== Args={'_from_bcp': True}
2020-08-10 21:00:52,920 : INFO : EventManager : Event: ======'slide_last_game_score_slide1_removed'====== Args={'_from_bcp': True}
2020-08-10 21:00:52,940 : INFO : EventManager : Event: ======'slide_last_game_score_slide1_created'====== Args={'_from_bcp': True}
2020-08-10 21:00:52,947 : INFO : EventManager : Event: ======'slide_last_game_score_slide1_active'====== Args={'_from_bcp': True}
2020-08-10 21:01:00,914 : INFO : EventManager : Event: ======'slide_show_high_scores_removed'====== Args={'_from_bcp': True}
2020-08-10 21:01:00,932 : INFO : EventManager : Event: ======'slide_show_high_scores_created'====== Args={'_from_bcp': True}
2020-08-10 21:01:00,945 : INFO : EventManager : Event: ======'slide_show_high_scores_active'====== Args={'_from_bcp': True}
2020-08-10 21:01:01,913 : INFO : EventManager : Event: ======'slide_awesome_slide_removed'====== Args={'_from_bcp': True}
2020-08-10 21:01:01,916 : INFO : EventManager : Event: ======'slide_awesome_slide_created'====== Args={'_from_bcp': True}
2020-08-10 21:01:01,918 : INFO : EventManager : Event: ======'slide_awesome_slide_active'====== Args={'_from_bcp': True}
2020-08-10 21:01:04,922 : INFO : EventManager : Event: ======'slide_press_start_removed'====== Args={'_from_bcp': True}
2020-08-10 21:01:04,928 : INFO : EventManager : Event: ======'slide_press_start_created'====== Args={'_from_bcp': True}
2020-08-10 21:01:04,932 : INFO : EventManager : Event: ======'slide_press_start_active'====== Args={'_from_bcp': True}
2020-08-10 21:01:07,905 : INFO : EventManager : Event: ======'slide_mission_pinball_removed'====== Args={'_from_bcp': True}
2020-08-10 21:01:07,918 : INFO : EventManager : Event: ======'slide_mission_pinball_created'====== Args={'_from_bcp': True}
2020-08-10 21:01:07,919 : INFO : EventManager : Event: ======'slide_mission_pinball_active'====== Args={'_from_bcp': True}
2020-08-10 21:01:13,912 : INFO : EventManager : Event: ======'slide_GameCard_removed'====== Args={'_from_bcp': True}
2020-08-10 21:01:13,916 : INFO : EventManager : Event: ======'slide_GameCard_created'====== Args={'_from_bcp': True}
2020-08-10 21:01:13,918 : INFO : EventManager : Event: ======'slide_GameCard_active'====== Args={'_from_bcp': True}
2020-08-10 21:01:16,942 : INFO : EventManager : Event: ======'slide_HowTo_removed'====== Args={'_from_bcp': True}
2020-08-10 21:01:16,947 : INFO : EventManager : Event: ======'slide_HowTo_created'====== Args={'_from_bcp': True}
2020-08-10 21:01:16,953 : INFO : EventManager : Event: ======'slide_HowTo_active'====== Args={'_from_bcp': True}
2020-08-10 21:01:24,918 : INFO : EventManager : Event: ======'slide_last_game_score_slide1_removed'====== Args={'_from_bcp': True}
2020-08-10 21:01:24,939 : INFO : EventManager : Event: ======'slide_last_game_score_slide1_created'====== Args={'_from_bcp': True}
2020-08-10 21:01:24,949 : INFO : EventManager : Event: ======'slide_last_game_score_slide1_active'====== Args={'_from_bcp': True}
2020-08-10 21:01:32,916 : INFO : EventManager : Event: ======'slide_show_high_scores_removed'====== Args={'_from_bcp': True}
2020-08-10 21:01:32,934 : INFO : EventManager : Event: ======'slide_show_high_scores_created'====== Args={'_from_bcp': True}
2020-08-10 21:01:32,947 : INFO : EventManager : Event: ======'slide_show_high_scores_active'====== Args={'_from_bcp': True}
2020-08-10 21:01:33,911 : INFO : EventManager : Event: ======'slide_awesome_slide_removed'====== Args={'_from_bcp': True}
2020-08-10 21:01:33,912 : INFO : EventManager : Event: ======'slide_awesome_slide_created'====== Args={'_from_bcp': True}
2020-08-10 21:01:33,912 : INFO : EventManager : Event: ======'slide_awesome_slide_active'====== Args={'_from_bcp': True}
2020-08-10 21:01:36,902 : INFO : EventManager : Event: ======'slide_press_start_removed'====== Args={'_from_bcp': True}
2020-08-10 21:01:36,909 : INFO : EventManager : Event: ======'slide_press_start_created'====== Args={'_from_bcp': True}
2020-08-10 21:01:36,913 : INFO : EventManager : Event: ======'slide_press_start_active'====== Args={'_from_bcp': True}
2020-08-10 21:01:39,914 : INFO : EventManager : Event: ======'slide_mission_pinball_removed'====== Args={'_from_bcp': True}
2020-08-10 21:01:39,929 : INFO : EventManager : Event: ======'slide_mission_pinball_created'====== Args={'_from_bcp': True}
2020-08-10 21:01:39,930 : INFO : EventManager : Event: ======'slide_mission_pinball_active'====== Args={'_from_bcp': True}
2020-08-10 21:01:45,921 : INFO : EventManager : Event: ======'slide_GameCard_removed'====== Args={'_from_bcp': True}
2020-08-10 21:01:45,921 : INFO : EventManager : Event: ======'slide_GameCard_created'====== Args={'_from_bcp': True}
2020-08-10 21:01:45,922 : INFO : EventManager : Event: ======'slide_GameCard_active'====== Args={'_from_bcp': True}
2020-08-10 21:01:48,937 : INFO : EventManager : Event: ======'slide_HowTo_removed'====== Args={'_from_bcp': True}
2020-08-10 21:01:48,957 : INFO : EventManager : Event: ======'slide_HowTo_created'====== Args={'_from_bcp': True}
2020-08-10 21:01:48,962 : INFO : EventManager : Event: ======'slide_HowTo_active'====== Args={'_from_bcp': True}
2020-08-10 21:01:56,919 : INFO : EventManager : Event: ======'slide_last_game_score_slide1_removed'====== Args={'_from_bcp': True}
2020-08-10 21:01:56,939 : INFO : EventManager : Event: ======'slide_last_game_score_slide1_created'====== Args={'_from_bcp': True}
2020-08-10 21:01:56,951 : INFO : EventManager : Event: ======'slide_last_game_score_slide1_active'====== Args={'_from_bcp': True}
2020-08-10 21:02:04,927 : INFO : EventManager : Event: ======'slide_show_high_scores_removed'====== Args={'_from_bcp': True}
2020-08-10 21:02:04,934 : INFO : EventManager : Event: ======'slide_show_high_scores_created'====== Args={'_from_bcp': True}
2020-08-10 21:02:04,943 : INFO : EventManager : Event: ======'slide_show_high_scores_active'====== Args={'_from_bcp': True}
2020-08-10 21:02:05,919 : INFO : EventManager : Event: ======'slide_awesome_slide_removed'====== Args={'_from_bcp': True}
2020-08-10 21:02:05,920 : INFO : EventManager : Event: ======'slide_awesome_slide_created'====== Args={'_from_bcp': True}
2020-08-10 21:02:05,923 : INFO : EventManager : Event: ======'slide_awesome_slide_active'====== Args={'_from_bcp': True}
2020-08-10 21:02:08,930 : INFO : EventManager : Event: ======'slide_press_start_removed'====== Args={'_from_bcp': True}
2020-08-10 21:02:08,949 : INFO : EventManager : Event: ======'slide_press_start_created'====== Args={'_from_bcp': True}
2020-08-10 21:02:08,950 : INFO : EventManager : Event: ======'slide_press_start_active'====== Args={'_from_bcp': True}
2020-08-10 21:02:11,921 : INFO : EventManager : Event: ======'slide_mission_pinball_removed'====== Args={'_from_bcp': True}
2020-08-10 21:02:11,942 : INFO : EventManager : Event: ======'slide_mission_pinball_created'====== Args={'_from_bcp': True}
2020-08-10 21:02:11,943 : INFO : EventManager : Event: ======'slide_mission_pinball_active'====== Args={'_from_bcp': True}
2020-08-10 21:02:17,914 : INFO : EventManager : Event: ======'slide_GameCard_removed'====== Args={'_from_bcp': True}
2020-08-10 21:02:17,917 : INFO : EventManager : Event: ======'slide_GameCard_created'====== Args={'_from_bcp': True}
2020-08-10 21:02:17,919 : INFO : EventManager : Event: ======'slide_GameCard_active'====== Args={'_from_bcp': True}
2020-08-10 21:02:20,920 : INFO : EventManager : Event: ======'slide_HowTo_removed'====== Args={'_from_bcp': True}
2020-08-10 21:02:20,945 : INFO : EventManager : Event: ======'slide_HowTo_created'====== Args={'_from_bcp': True}
2020-08-10 21:02:20,954 : INFO : EventManager : Event: ======'slide_HowTo_active'====== Args={'_from_bcp': True}
2020-08-10 21:02:28,926 : INFO : EventManager : Event: ======'slide_last_game_score_slide1_removed'====== Args={'_from_bcp': True}
2020-08-10 21:02:29,007 : INFO : EventManager : Event: ======'slide_last_game_score_slide1_created'====== Args={'_from_bcp': True}
2020-08-10 21:02:29,016 : INFO : EventManager : Event: ======'slide_last_game_score_slide1_active'====== Args={'_from_bcp': True}
2020-08-10 21:02:36,928 : INFO : EventManager : Event: ======'slide_show_high_scores_removed'====== Args={'_from_bcp': True}
2020-08-10 21:02:36,946 : INFO : EventManager : Event: ======'slide_show_high_scores_created'====== Args={'_from_bcp': True}
2020-08-10 21:02:36,954 : INFO : EventManager : Event: ======'slide_show_high_scores_active'====== Args={'_from_bcp': True}
2020-08-10 21:02:37,925 : INFO : EventManager : Event: ======'slide_awesome_slide_removed'====== Args={'_from_bcp': True}
2020-08-10 21:02:37,930 : INFO : EventManager : Event: ======'slide_awesome_slide_created'====== Args={'_from_bcp': True}
2020-08-10 21:02:37,933 : INFO : EventManager : Event: ======'slide_awesome_slide_active'====== Args={'_from_bcp': True}
2020-08-10 21:02:40,931 : INFO : EventManager : Event: ======'slide_press_start_removed'====== Args={'_from_bcp': True}
2020-08-10 21:02:40,932 : INFO : EventManager : Event: ======'slide_press_start_created'====== Args={'_from_bcp': True}
2020-08-10 21:02:40,933 : INFO : EventManager : Event: ======'slide_press_start_active'====== Args={'_from_bcp': True}
2020-08-10 21:02:43,924 : INFO : EventManager : Event: ======'slide_mission_pinball_removed'====== Args={'_from_bcp': True}
2020-08-10 21:02:43,927 : INFO : EventManager : Event: ======'slide_mission_pinball_created'====== Args={'_from_bcp': True}
2020-08-10 21:02:43,929 : INFO : EventManager : Event: ======'slide_mission_pinball_active'====== Args={'_from_bcp': True}
2020-08-10 21:02:49,917 : INFO : EventManager : Event: ======'slide_GameCard_removed'====== Args={'_from_bcp': True}
2020-08-10 21:02:49,918 : INFO : EventManager : Event: ======'slide_GameCard_created'====== Args={'_from_bcp': True}
2020-08-10 21:02:49,919 : INFO : EventManager : Event: ======'slide_GameCard_active'====== Args={'_from_bcp': True}
2020-08-10 21:02:52,916 : INFO : EventManager : Event: ======'slide_HowTo_removed'====== Args={'_from_bcp': True}
2020-08-10 21:02:52,941 : INFO : EventManager : Event: ======'slide_HowTo_created'====== Args={'_from_bcp': True}
2020-08-10 21:02:52,947 : INFO : EventManager : Event: ======'slide_HowTo_active'====== Args={'_from_bcp': True}
2020-08-10 21:03:00,922 : INFO : EventManager : Event: ======'slide_last_game_score_slide1_removed'====== Args={'_from_bcp': True}
2020-08-10 21:03:00,944 : INFO : EventManager : Event: ======'slide_last_game_score_slide1_created'====== Args={'_from_bcp': True}
2020-08-10 21:03:00,953 : INFO : EventManager : Event: ======'slide_last_game_score_slide1_active'====== Args={'_from_bcp': True}
2020-08-10 21:03:08,927 : INFO : EventManager : Event: ======'slide_show_high_scores_removed'====== Args={'_from_bcp': True}
2020-08-10 21:03:08,944 : INFO : EventManager : Event: ======'slide_show_high_scores_created'====== Args={'_from_bcp': True}
2020-08-10 21:03:08,957 : INFO : EventManager : Event: ======'slide_show_high_scores_active'====== Args={'_from_bcp': True}
2020-08-10 21:03:09,914 : INFO : EventManager : Event: ======'slide_awesome_slide_removed'====== Args={'_from_bcp': True}
2020-08-10 21:03:09,917 : INFO : EventManager : Event: ======'slide_awesome_slide_created'====== Args={'_from_bcp': True}
2020-08-10 21:03:09,920 : INFO : EventManager : Event: ======'slide_awesome_slide_active'====== Args={'_from_bcp': True}
2020-08-10 21:03:12,922 : INFO : EventManager : Event: ======'slide_press_start_removed'====== Args={'_from_bcp': True}
2020-08-10 21:03:12,930 : INFO : EventManager : Event: ======'slide_press_start_created'====== Args={'_from_bcp': True}
2020-08-10 21:03:12,937 : INFO : EventManager : Event: ======'slide_press_start_active'====== Args={'_from_bcp': True}
2020-08-10 21:03:15,923 : INFO : EventManager : Event: ======'slide_mission_pinball_removed'====== Args={'_from_bcp': True}
2020-08-10 21:03:15,932 : INFO : EventManager : Event: ======'slide_mission_pinball_created'====== Args={'_from_bcp': True}
2020-08-10 21:03:15,937 : INFO : EventManager : Event: ======'slide_mission_pinball_active'====== Args={'_from_bcp': True}
2020-08-10 21:03:21,907 : INFO : EventManager : Event: ======'slide_GameCard_removed'====== Args={'_from_bcp': True}
2020-08-10 21:03:21,908 : INFO : EventManager : Event: ======'slide_GameCard_created'====== Args={'_from_bcp': True}
2020-08-10 21:03:21,909 : INFO : EventManager : Event: ======'slide_GameCard_active'====== Args={'_from_bcp': True}
2020-08-10 21:03:24,909 : INFO : EventManager : Event: ======'slide_HowTo_removed'====== Args={'_from_bcp': True}
2020-08-10 21:03:24,930 : INFO : EventManager : Event: ======'slide_HowTo_created'====== Args={'_from_bcp': True}
2020-08-10 21:03:24,936 : INFO : EventManager : Event: ======'slide_HowTo_active'====== Args={'_from_bcp': True}
2020-08-10 21:03:32,924 : INFO : EventManager : Event: ======'slide_last_game_score_slide1_removed'====== Args={'_from_bcp': True}
2020-08-10 21:03:32,950 : INFO : EventManager : Event: ======'slide_last_game_score_slide1_created'====== Args={'_from_bcp': True}
2020-08-10 21:03:32,960 : INFO : EventManager : Event: ======'slide_last_game_score_slide1_active'====== Args={'_from_bcp': True}
2020-08-10 21:03:40,910 : INFO : EventManager : Event: ======'slide_show_high_scores_removed'====== Args={'_from_bcp': True}
2020-08-10 21:03:40,927 : INFO : EventManager : Event: ======'slide_show_high_scores_created'====== Args={'_from_bcp': True}
2020-08-10 21:03:40,938 : INFO : EventManager : Event: ======'slide_show_high_scores_active'====== Args={'_from_bcp': True}
2020-08-10 21:03:41,916 : INFO : EventManager : Event: ======'slide_awesome_slide_removed'====== Args={'_from_bcp': True}
2020-08-10 21:03:41,920 : INFO : EventManager : Event: ======'slide_awesome_slide_created'====== Args={'_from_bcp': True}
2020-08-10 21:03:41,923 : INFO : EventManager : Event: ======'slide_awesome_slide_active'====== Args={'_from_bcp': True}
2020-08-10 21:03:44,924 : INFO : EventManager : Event: ======'slide_press_start_removed'====== Args={'_from_bcp': True}
2020-08-10 21:03:44,926 : INFO : EventManager : Event: ======'slide_press_start_created'====== Args={'_from_bcp': True}
2020-08-10 21:03:44,929 : INFO : EventManager : Event: ======'slide_press_start_active'====== Args={'_from_bcp': True}
2020-08-10 21:03:47,930 : INFO : EventManager : Event: ======'slide_mission_pinball_removed'====== Args={'_from_bcp': True}
2020-08-10 21:03:47,949 : INFO : EventManager : Event: ======'slide_mission_pinball_created'====== Args={'_from_bcp': True}
2020-08-10 21:03:47,950 : INFO : EventManager : Event: ======'slide_mission_pinball_active'====== Args={'_from_bcp': True}
2020-08-10 21:03:53,916 : INFO : EventManager : Event: ======'slide_GameCard_removed'====== Args={'_from_bcp': True}
2020-08-10 21:03:53,920 : INFO : EventManager : Event: ======'slide_GameCard_created'====== Args={'_from_bcp': True}
2020-08-10 21:03:53,922 : INFO : EventManager : Event: ======'slide_GameCard_active'====== Args={'_from_bcp': True}
2020-08-10 21:03:56,927 : INFO : EventManager : Event: ======'slide_HowTo_removed'====== Args={'_from_bcp': True}
2020-08-10 21:03:56,945 : INFO : EventManager : Event: ======'slide_HowTo_created'====== Args={'_from_bcp': True}
2020-08-10 21:03:56,950 : INFO : EventManager : Event: ======'slide_HowTo_active'====== Args={'_from_bcp': True}
2020-08-10 21:04:04,919 : INFO : EventManager : Event: ======'slide_last_game_score_slide1_removed'====== Args={'_from_bcp': True}
2020-08-10 21:04:04,939 : INFO : EventManager : Event: ======'slide_last_game_score_slide1_created'====== Args={'_from_bcp': True}
2020-08-10 21:04:04,946 : INFO : EventManager : Event: ======'slide_last_game_score_slide1_active'====== Args={'_from_bcp': True}
2020-08-10 21:04:12,910 : INFO : EventManager : Event: ======'slide_show_high_scores_removed'====== Args={'_from_bcp': True}
2020-08-10 21:04:12,926 : INFO : EventManager : Event: ======'slide_show_high_scores_created'====== Args={'_from_bcp': True}
2020-08-10 21:04:12,939 : INFO : EventManager : Event: ======'slide_show_high_scores_active'====== Args={'_from_bcp': True}
2020-08-10 21:04:13,910 : INFO : EventManager : Event: ======'slide_awesome_slide_removed'====== Args={'_from_bcp': True}
2020-08-10 21:04:13,915 : INFO : EventManager : Event: ======'slide_awesome_slide_created'====== Args={'_from_bcp': True}
2020-08-10 21:04:13,918 : INFO : EventManager : Event: ======'slide_awesome_slide_active'====== Args={'_from_bcp': True}
2020-08-10 21:04:16,919 : INFO : EventManager : Event: ======'slide_press_start_removed'====== Args={'_from_bcp': True}
2020-08-10 21:04:16,934 : INFO : EventManager : Event: ======'slide_press_start_created'====== Args={'_from_bcp': True}
2020-08-10 21:04:16,937 : INFO : EventManager : Event: ======'slide_press_start_active'====== Args={'_from_bcp': True}
2020-08-10 21:04:19,929 : INFO : EventManager : Event: ======'slide_mission_pinball_removed'====== Args={'_from_bcp': True}
2020-08-10 21:04:19,931 : INFO : EventManager : Event: ======'slide_mission_pinball_created'====== Args={'_from_bcp': True}
2020-08-10 21:04:19,935 : INFO : EventManager : Event: ======'slide_mission_pinball_active'====== Args={'_from_bcp': True}
2020-08-10 21:04:25,919 : INFO : EventManager : Event: ======'slide_GameCard_removed'====== Args={'_from_bcp': True}
2020-08-10 21:04:25,923 : INFO : EventManager : Event: ======'slide_GameCard_created'====== Args={'_from_bcp': True}
2020-08-10 21:04:25,925 : INFO : EventManager : Event: ======'slide_GameCard_active'====== Args={'_from_bcp': True}
2020-08-10 21:04:28,909 : INFO : EventManager : Event: ======'slide_HowTo_removed'====== Args={'_from_bcp': True}
2020-08-10 21:04:29,000 : INFO : EventManager : Event: ======'slide_HowTo_created'====== Args={'_from_bcp': True}
2020-08-10 21:04:29,007 : INFO : EventManager : Event: ======'slide_HowTo_active'====== Args={'_from_bcp': True}
2020-08-10 21:04:36,915 : INFO : EventManager : Event: ======'slide_last_game_score_slide1_removed'====== Args={'_from_bcp': True}
2020-08-10 21:04:36,936 : INFO : EventManager : Event: ======'slide_last_game_score_slide1_created'====== Args={'_from_bcp': True}
2020-08-10 21:04:36,948 : INFO : EventManager : Event: ======'slide_last_game_score_slide1_active'====== Args={'_from_bcp': True}
2020-08-10 21:04:44,925 : INFO : EventManager : Event: ======'slide_show_high_scores_removed'====== Args={'_from_bcp': True}
2020-08-10 21:04:44,934 : INFO : EventManager : Event: ======'slide_show_high_scores_created'====== Args={'_from_bcp': True}
2020-08-10 21:04:44,942 : INFO : EventManager : Event: ======'slide_show_high_scores_active'====== Args={'_from_bcp': True}
2020-08-10 21:04:45,923 : INFO : EventManager : Event: ======'slide_awesome_slide_removed'====== Args={'_from_bcp': True}
2020-08-10 21:04:45,924 : INFO : EventManager : Event: ======'slide_awesome_slide_created'====== Args={'_from_bcp': True}
2020-08-10 21:04:45,927 : INFO : EventManager : Event: ======'slide_awesome_slide_active'====== Args={'_from_bcp': True}
2020-08-10 21:04:48,919 : INFO : EventManager : Event: ======'slide_press_start_removed'====== Args={'_from_bcp': True}
2020-08-10 21:04:48,926 : INFO : EventManager : Event: ======'slide_press_start_created'====== Args={'_from_bcp': True}
2020-08-10 21:04:48,931 : INFO : EventManager : Event: ======'slide_press_start_active'====== Args={'_from_bcp': True}
2020-08-10 21:04:51,919 : INFO : EventManager : Event: ======'slide_mission_pinball_removed'====== Args={'_from_bcp': True}
2020-08-10 21:04:51,922 : INFO : EventManager : Event: ======'slide_mission_pinball_created'====== Args={'_from_bcp': True}
2020-08-10 21:04:51,930 : INFO : EventManager : Event: ======'slide_mission_pinball_active'====== Args={'_from_bcp': True}
2020-08-10 21:04:57,909 : INFO : EventManager : Event: ======'slide_GameCard_removed'====== Args={'_from_bcp': True}
2020-08-10 21:04:57,913 : INFO : EventManager : Event: ======'slide_GameCard_created'====== Args={'_from_bcp': True}
2020-08-10 21:04:57,915 : INFO : EventManager : Event: ======'slide_GameCard_active'====== Args={'_from_bcp': True}
2020-08-10 21:05:00,922 : INFO : EventManager : Event: ======'slide_HowTo_removed'====== Args={'_from_bcp': True}
2020-08-10 21:05:00,936 : INFO : EventManager : Event: ======'slide_HowTo_created'====== Args={'_from_bcp': True}
2020-08-10 21:05:00,942 : INFO : EventManager : Event: ======'slide_HowTo_active'====== Args={'_from_bcp': True}
2020-08-10 21:05:08,909 : INFO : EventManager : Event: ======'slide_last_game_score_slide1_removed'====== Args={'_from_bcp': True}
2020-08-10 21:05:08,929 : INFO : EventManager : Event: ======'slide_last_game_score_slide1_created'====== Args={'_from_bcp': True}
2020-08-10 21:05:08,936 : INFO : EventManager : Event: ======'slide_last_game_score_slide1_active'====== Args={'_from_bcp': True}
2020-08-10 21:05:16,935 : INFO : EventManager : Event: ======'slide_show_high_scores_removed'====== Args={'_from_bcp': True}
2020-08-10 21:05:16,965 : INFO : EventManager : Event: ======'slide_show_high_scores_created'====== Args={'_from_bcp': True}
2020-08-10 21:05:16,966 : INFO : EventManager : Event: ======'slide_show_high_scores_active'====== Args={'_from_bcp': True}
2020-08-10 21:05:17,920 : INFO : EventManager : Event: ======'slide_awesome_slide_removed'====== Args={'_from_bcp': True}
2020-08-10 21:05:17,935 : INFO : EventManager : Event: ======'slide_awesome_slide_created'====== Args={'_from_bcp': True}
2020-08-10 21:05:17,938 : INFO : EventManager : Event: ======'slide_awesome_slide_active'====== Args={'_from_bcp': True}
2020-08-10 21:05:20,906 : INFO : EventManager : Event: ======'slide_press_start_removed'====== Args={'_from_bcp': True}
2020-08-10 21:05:20,916 : INFO : EventManager : Event: ======'slide_press_start_created'====== Args={'_from_bcp': True}
2020-08-10 21:05:20,917 : INFO : EventManager : Event: ======'slide_press_start_active'====== Args={'_from_bcp': True}
2020-08-10 21:05:23,920 : INFO : EventManager : Event: ======'slide_mission_pinball_removed'====== Args={'_from_bcp': True}
2020-08-10 21:05:23,928 : INFO : EventManager : Event: ======'slide_mission_pinball_created'====== Args={'_from_bcp': True}
2020-08-10 21:05:23,931 : INFO : EventManager : Event: ======'slide_mission_pinball_active'====== Args={'_from_bcp': True}
2020-08-10 21:05:29,921 : INFO : EventManager : Event: ======'slide_GameCard_removed'====== Args={'_from_bcp': True}
2020-08-10 21:05:29,925 : INFO : EventManager : Event: ======'slide_GameCard_created'====== Args={'_from_bcp': True}
2020-08-10 21:05:29,928 : INFO : EventManager : Event: ======'slide_GameCard_active'====== Args={'_from_bcp': True}
2020-08-10 21:05:32,943 : INFO : EventManager : Event: ======'slide_HowTo_removed'====== Args={'_from_bcp': True}
2020-08-10 21:05:32,968 : INFO : EventManager : Event: ======'slide_HowTo_created'====== Args={'_from_bcp': True}
2020-08-10 21:05:32,969 : INFO : EventManager : Event: ======'slide_HowTo_active'====== Args={'_from_bcp': True}
2020-08-10 21:05:40,937 : INFO : EventManager : Event: ======'slide_last_game_score_slide1_removed'====== Args={'_from_bcp': True}
2020-08-10 21:05:40,959 : INFO : EventManager : Event: ======'slide_last_game_score_slide1_created'====== Args={'_from_bcp': True}
2020-08-10 21:05:40,959 : INFO : EventManager : Event: ======'slide_last_game_score_slide1_active'====== Args={'_from_bcp': True}
2020-08-10 21:05:48,917 : INFO : EventManager : Event: ======'slide_show_high_scores_removed'====== Args={'_from_bcp': True}
2020-08-10 21:05:48,950 : INFO : EventManager : Event: ======'slide_show_high_scores_created'====== Args={'_from_bcp': True}
2020-08-10 21:05:48,950 : INFO : EventManager : Event: ======'slide_show_high_scores_active'====== Args={'_from_bcp': True}
2020-08-10 21:05:49,926 : INFO : EventManager : Event: ======'slide_awesome_slide_removed'====== Args={'_from_bcp': True}
2020-08-10 21:05:49,936 : INFO : EventManager : Event: ======'slide_awesome_slide_created'====== Args={'_from_bcp': True}
2020-08-10 21:05:49,937 : INFO : EventManager : Event: ======'slide_awesome_slide_active'====== Args={'_from_bcp': True}
2020-08-10 21:05:52,938 : INFO : EventManager : Event: ======'slide_press_start_removed'====== Args={'_from_bcp': True}
2020-08-10 21:05:52,938 : INFO : EventManager : Event: ======'slide_press_start_created'====== Args={'_from_bcp': True}
2020-08-10 21:05:52,939 : INFO : EventManager : Event: ======'slide_press_start_active'====== Args={'_from_bcp': True}
2020-08-10 21:05:55,930 : INFO : EventManager : Event: ======'slide_mission_pinball_removed'====== Args={'_from_bcp': True}
2020-08-10 21:05:55,939 : INFO : EventManager : Event: ======'slide_mission_pinball_created'====== Args={'_from_bcp': True}
2020-08-10 21:05:55,949 : INFO : EventManager : Event: ======'slide_mission_pinball_active'====== Args={'_from_bcp': True}
2020-08-10 21:06:01,921 : INFO : EventManager : Event: ======'slide_GameCard_removed'====== Args={'_from_bcp': True}
2020-08-10 21:06:01,922 : INFO : EventManager : Event: ======'slide_GameCard_created'====== Args={'_from_bcp': True}
2020-08-10 21:06:01,923 : INFO : EventManager : Event: ======'slide_GameCard_active'====== Args={'_from_bcp': True}
2020-08-10 21:06:04,927 : INFO : EventManager : Event: ======'slide_HowTo_removed'====== Args={'_from_bcp': True}
2020-08-10 21:06:04,960 : INFO : EventManager : Event: ======'slide_HowTo_created'====== Args={'_from_bcp': True}
2020-08-10 21:06:04,961 : INFO : EventManager : Event: ======'slide_HowTo_active'====== Args={'_from_bcp': True}
2020-08-10 21:06:12,938 : INFO : EventManager : Event: ======'slide_last_game_score_slide1_removed'====== Args={'_from_bcp': True}
2020-08-10 21:06:12,949 : INFO : EventManager : Event: ======'slide_last_game_score_slide1_created'====== Args={'_from_bcp': True}
2020-08-10 21:06:12,959 : INFO : EventManager : Event: ======'slide_last_game_score_slide1_active'====== Args={'_from_bcp': True}
2020-08-10 21:06:16,172 : INFO : Machine : Shutting down...
2020-08-10 21:06:16,172 : INFO : EventManager : Event: ======'shutdown'====== Args={}
2020-08-10 21:06:16,172 : INFO : root : MPF run loop ended.
